sweep_parameter:V,band_info:CB:sign,band_info:IB:sign,band_info:VB:sign,avg:current_CB:n_contact,avg:current_CB:p_contact,tot:current_CB:n_contact,tot:current_CB:p_contact,avg:g_CB:I,avg:g_CB:n,avg:g_CB:fsf,avg:g_CB:p,tot:g_CB:I,tot:g_CB:n,tot:g_CB:fsf,tot:g_CB:p,tot:g_opt_ci_CB:I,tot:g_opt_ci_CB:n,tot:g_opt_ci_CB:fsf,tot:g_opt_ci_CB:p,tot:g_opt_iv_CB:I,tot:g_opt_iv_CB:n,tot:g_opt_iv_CB:fsf,tot:g_opt_iv_CB:p,tot:g_opt_cv_CB:I,tot:g_opt_cv_CB:n,tot:g_opt_cv_CB:fsf,tot:g_opt_cv_CB:p,tot:g_nr_top_CB:I,tot:g_nr_top_CB:n,tot:g_nr_top_CB:fsf,tot:g_nr_top_CB:p,tot:g_nr_bottom_CB:I,tot:g_nr_bottom_CB:n,tot:g_nr_bottom_CB:fsf,tot:g_nr_bottom_CB:p,tot:gother_forward_ci:I,tot:gother_forward_ci:n,tot:gother_forward_ci:fsf,tot:gother_forward_ci:p,tot:gabs_forward_ci:I,tot:gabs_forward_ci:n,tot:gabs_forward_ci:fsf,tot:gabs_forward_ci:p,tot:gother_forward_iv:I,tot:gother_forward_iv:n,tot:gother_forward_iv:fsf,tot:gother_forward_iv:p,tot:gabs_forward_iv:I,tot:gabs_forward_iv:n,tot:gabs_forward_iv:fsf,tot:gabs_forward_iv:p,tot:gother_forward_cv:I,tot:gother_forward_cv:n,tot:gother_forward_cv:fsf,tot:gother_forward_cv:p,tot:gabs_forward_cv:I,tot:gabs_forward_cv:n,tot:gabs_forward_cv:fsf,tot:gabs_forward_cv:p,avg:current_IB:n_contact,avg:current_IB:p_contact,tot:current_IB:n_contact,tot:current_IB:p_contact,avg:g_IB:I,avg:g_IB:n,avg:g_IB:fsf,avg:g_IB:p,tot:g_IB:I,tot:g_IB:n,tot:g_IB:fsf,tot:g_IB:p,tot:g_opt_ci_IB:I,tot:g_opt_ci_IB:n,tot:g_opt_ci_IB:fsf,tot:g_opt_ci_IB:p,tot:g_opt_iv_IB:I,tot:g_opt_iv_IB:n,tot:g_opt_iv_IB:fsf,tot:g_opt_iv_IB:p,tot:g_opt_cv_IB:I,tot:g_opt_cv_IB:n,tot:g_opt_cv_IB:fsf,tot:g_opt_cv_IB:p,tot:g_nr_top_IB:I,tot:g_nr_top_IB:n,tot:g_nr_top_IB:fsf,tot:g_nr_top_IB:p,tot:g_nr_bottom_IB:I,tot:g_nr_bottom_IB:n,tot:g_nr_bottom_IB:fsf,tot:g_nr_bottom_IB:p,avg:current_VB:n_contact,avg:current_VB:p_contact,tot:current_VB:n_contact,tot:current_VB:p_contact,avg:g_VB:I,avg:g_VB:n,avg:g_VB:fsf,avg:g_VB:p,tot:g_VB:I,tot:g_VB:n,tot:g_VB:fsf,tot:g_VB:p,tot:g_opt_ci_VB:I,tot:g_opt_ci_VB:n,tot:g_opt_ci_VB:fsf,tot:g_opt_ci_VB:p,tot:g_opt_iv_VB:I,tot:g_opt_iv_VB:n,tot:g_opt_iv_VB:fsf,tot:g_opt_iv_VB:p,tot:g_opt_cv_VB:I,tot:g_opt_cv_VB:n,tot:g_opt_cv_VB:fsf,tot:g_opt_cv_VB:p,tot:g_nr_top_VB:I,tot:g_nr_top_VB:n,tot:g_nr_top_VB:fsf,tot:g_nr_top_VB:p,tot:g_nr_bottom_VB:I,tot:g_nr_bottom_VB:n,tot:g_nr_bottom_VB:fsf,tot:g_nr_bottom_VB:p
# ,,,,mA/cm^2,mA/cm^2,mA,mA,cm^-3/s,cm^-3/s,cm^-3/s,cm^-3/s,1/s,1/s,1/s,1/s,1/s,1/s,1/s,1/s,1/s,1/s,1/s,1/s,1/s,1/s,1/s,1/s,1/s,1/s,1/s,1/s,1/s,1/s,1/s,1/s,1/s,1/s,1/s,1/s,1/s,1/s,1/s,1/s,1/s,1/s,1/s,1/s,1/s,1/s,1/s,1/s,1/s,1/s,1/s,1/s,1/s,1/s,1/s,1/s,mA/cm^2,mA/cm^2,mA,mA,cm^-3/s,cm^-3/s,cm^-3/s,cm^-3/s,1/s,1/s,1/s,1/s,1/s,1/s,1/s,1/s,1/s,1/s,1/s,1/s,1/s,1/s,1/s,1/s,1/s,1/s,1/s,1/s,1/s,1/s,1/s,1/s,mA/cm^2,mA/cm^2,mA,mA,cm^-3/s,cm^-3/s,cm^-3/s,cm^-3/s,1/s,1/s,1/s,1/s,1/s,1/s,1/s,1/s,1/s,1/s,1/s,1/s,1/s,1/s,1/s,1/s,1/s,1/s,1/s,1/s,1/s,1/s,1/s,1/s
0.0,-1,-1,1,-50042.31731317656,0.0,-0.0005004231731317655,0.0,9.779698367110774e+23,1.0077132132424556e+23,0.0,1.4160345820386073e+24,1606590159381.592,100771321324.24553,0.0,1416034582038.607,999212094966.1857,0.0,0.0,0.0,0.0,0.0,0.0,0.0,664737514754.7218,100771321324.24532,0.0,1416034582038.6045,-57359450339.316666,0.0,0.0,0.0,0.0,0.0,0.0,0.0,0.0,0.0,0.0,0.0,999802135326.1262,7594421.3435275955,4.764315149044907e-65,374006.9867591696,0.0,0.0,0.0,0.0,997294372353.2747,265378.7379425085,7.608061674413941e-64,5972398.950959404,0.0,0.0,0.0,0.0,664737522005.5546,100777477279.20218,62589821.105793454,1416085399914.003,0.0,0.0,0.0,0.0,4404746257.242736,0.0,0.0,0.0,0.007236032979562879,0.0,0.0,0.0,-999212094966.1857,0.0,0.0,0.0,997121911090.1447,0.0,0.0,0.0,0.0,0.0,0.0,0.0,57359450339.316666,0.0,0.0,0.0,-55269266463.268814,0.0,0.0,0.0,-1.262177448353619e-18,-50042.31731317476,-1.2621774483536189e-26,-0.0005004231731317475,9.779698367110809e+23,1.0077132132424556e+23,0.0,1.4160345820386073e+24,1606590159381.598,100771321324.24553,0.0,1416034582038.607,0.0,0.0,0.0,0.0,997121911090.1447,0.0,0.0,0.0,664737514754.7218,100771321324.24532,0.0,1416034582038.6045,0.0,0.0,0.0,0.0,-55269266463.268814,0.0,0.0,0.0
0.02,-1,-1,1,-50033.1684827722,0.0,-0.0005003316848277219,0.0,9.776222432912253e+23,1.0077132114867981e+23,0.0,1.4160345700313044e+24,1606019139553.743,100771321148.6798,0.0,1416034570031.304,999227481311.1718,0.0,0.0,0.0,0.0,0.0,0.0,0.0,664737514602.6484,100771321148.67963,0.0,1416034570031.3022,-57945856360.07875,0.0,0.0,0.0,0.0,0.0,0.0,0.0,0.0,0.0,0.0,0.0,999823636522.2479,7594422.968426426,4.749072119290853e-65,372810.3342417451,0.0,0.0,0.0,0.0,997272801836.2983,265175.1247683618,7.609585977455335e-64,5973595.59608047,0.0,0.0,0.0,0.0,664737522005.554,100777477279.20187,62589821.105793454,1416085399914.0027,0.0,0.0,0.0,0.0,8391216876151915.0,0.0,0.0,0.0,13784.93073344673,0.0,0.0,0.0,-999227481311.1718,0.0,0.0,0.0,997098570829.423,0.0,0.0,0.0,0.0,0.0,0.0,0.0,57945856360.07875,0.0,0.0,0.0,-55816932093.39899,0.0,0.0,0.0,-1.262177448353619e-18,-50033.1684827705,-1.2621774483536189e-26,-0.000500331684827705,9.77622251682442e+23,1.0077132114867981e+23,0.0,1.4160345700313044e+24,1606019153338.6736,100771321148.6798,0.0,1416034570031.304,0.0,0.0,0.0,0.0,997098570829.423,0.0,0.0,0.0,664737514602.6484,100771321148.67963,0.0,1416034570031.3022,0.0,0.0,0.0,0.0,-55816932093.39899,0.0,0.0,0.0
0.04,-1,-1,1,-50023.72706103625,0.0,-0.0005002372706103624,0.0,9.772635404077076e+23,1.007713209788884e+23,0.0,1.4160345579734798e+24,1605429869311.279,100771320978.88837,0.0,1416034557973.4795,999242930848.6339,0.0,0.0,0.0,0.0,0.0,0.0,0.0,664737514442.9723,100771320978.88821,0.0,1416034557973.4768,-58550575980.32783,0.0,0.0,0.0,0.0,0.0,0.0,0.0,0.0,0.0,0.0,0.0,999845391848.4774,7594414.9758710675,4.733866375029356e-65,371616.6016657701,0.0,0.0,0.0,0.0,997250975163.7672,264978.7519060571,7.611106551947312e-64,5974789.321274953,0.0,0.0,0.0,0.0,664737522005.5541,100777477279.20201,62589821.10579342,1416085399914.002,0.0,0.0,0.0,0.0,2402327225410854.0,0.0,0.0,0.0,3946.4972589944955,0.0,0.0,0.0,-999242930848.6339,0.0,0.0,0.0,997074916349.011,0.0,0.0,0.0,0.0,0.0,0.0,0.0,58550575980.32783,0.0,0.0,0.0,-56382557534.20783,0.0,0.0,0.0,-6.310887241768095e-19,-50023.72706103449,-6.3108872417680944e-27,-0.0005002372706103448,9.772635428100368e+23,1.007713209788884e+23,0.0,1.4160345579734798e+24,1605429873257.7795,100771320978.88837,0.0,1416034557973.4795,0.0,0.0,0.0,0.0,997074916349.011,0.0,0.0,0.0,664737514442.9723,100771320978.88821,0.0,1416034557973.4768,0.0,0.0,0.0,0.0,-56382557534.20783,0.0,0.0,0.0
0.06,-1,-1,1,-50013.97170776314,0.0,-0.0005001397170776314,0.0,9.768929077800827e+23,1.0077132081480134e+23,0.0,1.4160345458619606e+24,1604821001113.1653,100771320814.80132,0.0,1416034545861.9602,999258430467.3516,0.0,0.0,0.0,0.0,0.0,0.0,0.0,664737514274.9849,100771320814.80109,0.0,1416034545861.957,-59174943629.17254,0.0,0.0,0.0,0.0,0.0,0.0,0.0,0.0,0.0,0.0,0.0,999867402105.8612,7594397.470020146,4.7186966695408445e-65,370425.6908802369,0.0,0.0,0.0,0.0,997228891489.3297,264789.50823080906,7.612623522561831e-64,5975980.224693295,0.0,0.0,0.0,0.0,664737522005.5552,100777477279.20218,62589821.10579345,1416085399914.0027,0.0,0.0,0.0,0.0,1436129929899115.5,0.0,0.0,0.0,2359.2468053295743,0.0,0.0,0.0,-999258430467.3516,0.0,0.0,0.0,997050942565.1127,0.0,0.0,0.0,0.0,0.0,0.0,0.0,59174943629.17254,0.0,0.0,0.0,-56967453367.68631,0.0,0.0,0.0,-1.262177448353619e-18,-50013.97170776123,-1.2621774483536189e-26,-0.0005001397170776122,9.76892909216213e+23,1.0077132081480134e+23,0.0,1.4160345458619606e+24,1604821003472.4126,100771320814.80132,0.0,1416034545861.9602,0.0,0.0,0.0,0.0,997050942565.1127,0.0,0.0,0.0,664737514274.9849,100771320814.80109,0.0,1416034545861.957,0.0,0.0,0.0,0.0,-56967453367.68631,0.0,0.0,0.0
0.08,-1,-1,1,-50003.87852172694,0.0,-0.0005000387852172693,0.0,9.765094392327913e+23,1.0077132065629921e+23,0.0,1.4160345336922778e+24,1604191046311.5095,100771320656.29918,0.0,1416034533692.2776,999273966715.9698,0.0,0.0,0.0,0.0,0.0,0.0,0.0,664737514097.8701,100771320656.29901,0.0,1416034533692.275,-59820434502.331665,0.0,0.0,0.0,0.0,0.0,0.0,0.0,0.0,0.0,0.0,0.0,999889669222.9569,7594370.593679415,4.7035604398731825e-65,369237.40038524295,0.0,0.0,0.0,0.0,997206548834.5652,264607.2332482823,7.614137145594103e-64,5977168.507834184,0.0,0.0,0.0,0.0,664737522005.5546,100777477279.20195,62589821.10579343,1416085399914.0012,0.0,0.0,0.0,0.0,1472647507228251.0,0.0,0.0,0.0,2419.237183538731,0.0,0.0,0.0,-999273966715.9698,0.0,0.0,0.0,997026642686.794,0.0,0.0,0.0,0.0,0.0,0.0,0.0,59820434502.331665,0.0,0.0,0.0,-57573108053.91871,0.0,0.0,0.0,-1.262177448353619e-18,-50003.87852172557,-1.2621774483536189e-26,-0.0005000387852172556,9.765094407054382e+23,1.0077132065629921e+23,0.0,1.4160345336922778e+24,1604191048730.7454,100771320656.29918,0.0,1416034533692.2776,0.0,0.0,0.0,0.0,997026642686.794,0.0,0.0,0.0,664737514097.8701,100771320656.29901,0.0,1416034533692.275,0.0,0.0,0.0,0.0,-57573108053.91871,0.0,0.0,0.0
0.1,-1,-1,1,-49993.42087684202,0.0,-0.0004999342087684201,0.0,9.761121222742768e+23,1.0077132050324786e+23,0.0,1.4160345214597536e+24,1603538341604.5305,100771320503.24783,0.0,1416034521459.7532,999289523774.1626,0.0,0.0,0.0,0.0,0.0,0.0,0.0,664737513910.7047,100771320503.24762,0.0,1416034521459.751,-60488696080.337746,0.0,0.0,0.0,0.0,0.0,0.0,0.0,0.0,0.0,0.0,0.0,999912194555.5021,7594334.511191951,4.688455227745028e-65,368051.53688149166,0.0,0.0,0.0,0.0,997183945794.9161,264431.75022931,7.615647666872324e-64,5978354.3639956955,0.0,0.0,0.0,0.0,664737522005.5542,100777477279.20195,62589821.105793454,1416085399914.0024,0.0,0.0,0.0,0.0,3904208714134173.5,0.0,0.0,0.0,6413.759468690958,0.0,0.0,0.0,-999289523774.1626,0.0,0.0,0.0,997002009960.8857,0.0,0.0,0.0,0.0,0.0,0.0,0.0,60488696080.337746,0.0,0.0,0.0,-58201175853.30228,0.0,0.0,0.0,-1.262177448353619e-18,-49993.42087684024,-1.2621774483536189e-26,-0.0004999342087684024,9.761121261784845e+23,1.0077132050324786e+23,0.0,1.4160345214597536e+24,1603538348018.288,100771320503.24783,0.0,1416034521459.7532,0.0,0.0,0.0,0.0,997002009960.8857,0.0,0.0,0.0,664737513910.7047,100771320503.24762,0.0,1416034521459.751,0.0,0.0,0.0,0.0,-58201175853.30228,0.0,0.0,0.0
0.12,-1,-1,1,-49982.5690842573,0.0,-0.000499825690842573,0.0,9.756998316764306e+23,1.0077132035554424e+23,0.0,1.416034509159596e+24,1602861038488.994,100771320355.54422,0.0,1416034509159.5955,999305084728.0186,0.0,0.0,0.0,0.0,0.0,0.0,0.0,664737513712.4265,100771320355.54405,0.0,1416034509159.5928,-61181559951.45064,0.0,0.0,0.0,0.0,0.0,0.0,0.0,0.0,0.0,0.0,0.0,999934980285.1097,7594289.342456466,4.673378858919899e-65,366867.92934739945,0.0,0.0,0.0,0.0,997161080136.2086,264262.9192771397,7.61715530382009e-64,5979537.964198438,0.0,0.0,0.0,0.0,664737522005.5543,100777477279.2019,62589821.10579345,1416085399914.003,0.0,0.0,0.0,0.0,3773185502326029.5,0.0,0.0,0.0,6198.51704010088,0.0,0.0,0.0,-999305084728.0186,0.0,0.0,0.0,996977036176.7987,0.0,0.0,0.0,0.0,0.0,0.0,0.0,61181559951.45064,0.0,0.0,0.0,-58853505201.71339,0.0,0.0,0.0,-1.262177448353619e-18,-49982.56908425557,-1.2621774483536189e-26,-0.0004998256908425557,9.756998354496167e+23,1.0077132035554424e+23,0.0,1.416034509159596e+24,1602861044687.5117,100771320355.54422,0.0,1416034509159.5955,0.0,0.0,0.0,0.0,996977036176.7987,0.0,0.0,0.0,664737513712.4265,100771320355.54405,0.0,1416034509159.5928,0.0,0.0,0.0,0.0,-58853505201.71339,0.0,0.0,0.0
0.14,-1,-1,1,-49971.28972974888,0.0,-0.0004997128972974887,0.0,9.75271296520913e+23,1.007713202130359e+23,0.0,1.4160344967864718e+24,1602157049124.5376,100771320213.03587,0.0,1416034496786.4714,999320629038.3794,0.0,0.0,0.0,0.0,0.0,0.0,0.0,664737513501.8125,100771320213.03572,0.0,1416034496786.4695,-61901093415.656105,0.0,0.0,0.0,0.0,0.0,0.0,0.0,0.0,0.0,0.0,0.0,999958027425.5411,7594235.270990137,4.65832897713804e-65,365686.39245575015,0.0,0.0,0.0,0.0,997137950795.2639,264100.5476222094,7.618660292063427e-64,5980719.493768454,0.0,0.0,0.0,0.0,664737522005.5537,100777477279.20186,62589821.10579343,1416085399914.0012,0.0,0.0,0.0,0.0,3639897448927424.5,0.0,0.0,0.0,5979.553973025642,0.0,0.0,0.0,-999320629038.3794,0.0,0.0,0.0,996951713559.5912,0.0,0.0,0.0,0.0,0.0,0.0,0.0,61901093415.656105,0.0,0.0,0.0,-59532171957.31498,0.0,0.0,0.0,-1.262177448353619e-18,-49971.28972974703,-1.2621774483536189e-26,-0.0004997128972974703,9.752713001608103e+23,1.007713202130359e+23,0.0,1.4160344967864718e+24,1602157055104.0913,100771320213.03587,0.0,1416034496786.4714,0.0,0.0,0.0,0.0,996951713559.5912,0.0,0.0,0.0,664737513501.8125,100771320213.03572,0.0,1416034496786.4695,0.0,0.0,0.0,0.0,-59532171957.31498,0.0,0.0,0.0
0.16,-1,-1,1,-49959.54516181077,0.0,-0.0004995954516181076,0.0,9.748250862966578e+23,1.0077132007556641e+23,0.0,1.416034484334655e+24,1601424023494.9182,100771320075.56639,0.0,1416034484334.6545,999336133487.9637,0.0,0.0,0.0,0.0,0.0,0.0,0.0,664737513277.4475,100771320075.56624,0.0,1416034484334.6511,-62649623270.49223,0.0,0.0,0.0,0.0,0.0,0.0,0.0,0.0,0.0,0.0,0.0,999981337017.8564,7594172.482600533,4.643303288773682e-65,364506.74577625806,0.0,0.0,0.0,0.0,997114556680.7452,263944.43992765277,7.620162860964907e-64,5981899.133134928,0.0,0.0,0.0,0.0,664737522005.5544,100777477279.20216,62589821.105793454,1416085399914.0024,0.0,0.0,0.0,0.0,3504032569759114.0,0.0,0.0,0.0,5756.357745817397,0.0,0.0,0.0,-999336133487.9637,0.0,0.0,0.0,996926033447.7448,0.0,0.0,0.0,0.0,0.0,0.0,0.0,62649623270.49223,0.0,0.0,0.0,-60239517473.91586,0.0,0.0,0.0,-1.262177448353619e-18,-49959.54516180907,-1.2621774483536189e-26,-0.0004995954516180906,9.74825089800692e+23,1.0077132007556641e+23,0.0,1.416034484334655e+24,1601424029251.2786,100771320075.56639,0.0,1416034484334.6545,0.0,0.0,0.0,0.0,996926033447.7448,0.0,0.0,0.0,664737513277.4475,100771320075.56624,0.0,1416034484334.6511,0.0,0.0,0.0,0.0,-60239517473.91586,0.0,0.0,0.0
0.18,-1,-1,1,-49947.29274443436,0.0,-0.0004994729274443435,0.0,9.743595811138954e+23,1.0077131994296093e+23,0.0,1.4160344717979116e+24,1600659300476.1772,100771319942.9609,0.0,1416034471797.9114,999351571276.3629,0.0,0.0,0.0,0.0,0.0,0.0,0.0,664737513037.6786,100771319942.96075,0.0,1416034471797.9097,-63429783837.8644,0.0,0.0,0.0,0.0,0.0,0.0,0.0,0.0,0.0,0.0,0.0,1000004909726.1014,7594101.183599789,4.6282995432581394e-65,363328.8122396171,0.0,0.0,0.0,0.0,997090897078.9415,263794.3838071387,7.62166323558141e-64,5983077.0593661,0.0,0.0,0.0,0.0,664737522005.5549,100777477279.20193,62589821.10579346,1416085399914.0022,0.0,0.0,0.0,0.0,3365258936969865.0,0.0,0.0,0.0,5528.383073745063,0.0,0.0,0.0,-999351571276.3629,0.0,0.0,0.0,996899986553.4783,0.0,0.0,0.0,0.0,0.0,0.0,0.0,63429783837.8644,0.0,0.0,0.0,-60978193586.5968,0.0,0.0,0.0,-1.8932661725304287e-18,-49947.292744432474,-1.8932661725304283e-26,-0.0004994729274443247,9.74359584479155e+23,1.0077131994296093e+23,0.0,1.4160344717979116e+24,1600659306004.5615,100771319942.9609,0.0,1416034471797.9114,0.0,0.0,0.0,0.0,996899986553.4783,0.0,0.0,0.0,664737513037.6786,100771319942.96075,0.0,1416034471797.9097,0.0,0.0,0.0,0.0,-60978193586.5968,0.0,0.0,0.0
0.2,-1,-1,1,-49934.4839754152,0.0,-0.0004993448397541519,0.0,9.738729382055661e+23,1.0077131981502563e+23,0.0,1.416034459169457e+24,1599859852805.8032,100771319815.0256,0.0,1416034459169.4568,999366911326.9951,0.0,0.0,0.0,0.0,0.0,0.0,0.0,664737512780.5688,100771319815.02538,0.0,1416034459169.4539,-64244571301.762665,0.0,0.0,0.0,0.0,0.0,0.0,0.0,0.0,0.0,0.0,0.0,1000028745710.7578,7594021.605107069,4.613315564299947e-65,362152.42058894044,0.0,0.0,0.0,0.0,997066971780.9075,263650.14669094555,7.623161633542091e-64,5984253.443717789,0.0,0.0,0.0,0.0,664737522005.5542,100777477279.20207,62589821.10579345,1416085399914.002,0.0,0.0,0.0,0.0,3223257614660529.0,0.0,0.0,0.0,5295.106015008176,0.0,0.0,0.0,-999366911326.9951,0.0,0.0,0.0,996873562912.1315,0.0,0.0,0.0,0.0,0.0,0.0,0.0,64244571301.762665,0.0,0.0,0.0,-61751217591.79325,0.0,0.0,0.0,-1.8932661725304287e-18,-49934.48397541355,-1.8932661725304283e-26,-0.0004993448397541354,9.73872941428823e+23,1.0077131981502563e+23,0.0,1.416034459169457e+24,1599859858100.9082,100771319815.0256,0.0,1416034459169.4568,0.0,0.0,0.0,0.0,996873562912.1315,0.0,0.0,0.0,664737512780.5688,100771319815.02538,0.0,1416034459169.4539,0.0,0.0,0.0,0.0,-61751217591.79325,0.0,0.0,0.0
0.22,-1,-1,1,-49921.063412021824,0.0,-0.0004992106341202182,0.0,9.733630511096353e+23,1.0077131969154114e+23,0.0,1.416034446441844e+24,1599022220028.2188,100771319691.5411,0.0,1416034446441.8435,999382117432.4127,0.0,0.0,0.0,0.0,0.0,0.0,0.0,664737512503.8309,100771319691.54097,0.0,1416034446441.8398,-65097409908.02563,0.0,0.0,0.0,0.0,0.0,0.0,0.0,0.0,0.0,0.0,0.0,1000052844464.2224,7593934.008454285,4.598349291185217e-65,360977.40862340236,0.0,0.0,0.0,0.0,997042781247.7699,263511.4719407561,7.624658260918348e-64,5985428.448389837,0.0,0.0,0.0,0.0,664737522005.5542,100777477279.20195,62589821.105793454,1416085399914.0024,0.0,0.0,0.0,0.0,3077706210073405.5,0.0,0.0,0.0,5055.996948945103,0.0,0.0,0.0,-999382117432.4127,0.0,0.0,0.0,996846751830.819,0.0,0.0,0.0,0.0,0.0,0.0,0.0,65097409908.02563,0.0,0.0,0.0,-62562039250.43425,0.0,0.0,0.0,-1.262177448353619e-18,-49921.06341202011,-1.2621774483536189e-26,-0.000499210634120201,9.733630541873413e+23,1.0077131969154114e+23,0.0,1.416034446441844e+24,1599022225084.2156,100771319691.5411,0.0,1416034446441.8435,0.0,0.0,0.0,0.0,996846751830.819,0.0,0.0,0.0,664737512503.8309,100771319691.54097,0.0,1416034446441.8398,0.0,0.0,0.0,0.0,-62562039250.43425,0.0,0.0,0.0
0.24,-1,-1,1,-49906.967356077424,0.0,-0.0004990696735607742,0.0,9.728274997107837e+23,1.0077131957225993e+23,0.0,1.4160344336068842e+24,1598142426424.2244,100771319572.2599,0.0,1416034433606.8838,999397147195.1531,0.0,0.0,0.0,0.0,0.0,0.0,0.0,664737512204.7434,100771319572.25977,0.0,1416034433606.8823,-65992232975.673965,0.0,0.0,0.0,0.0,0.0,0.0,0.0,0.0,0.0,0.0,0.0,1000077204596.2386,7593838.692021727,4.5833988333701675e-65,359803.62748657836,0.0,0.0,0.0,0.0,997018326826.332,263378.0739975211,7.62615330676457e-64,5986602.222237768,0.0,0.0,0.0,0.0,664737522005.5541,100777477279.20181,62589821.105793476,1416085399914.0027,0.0,0.0,0.0,0.0,2928325301589892.0,0.0,0.0,0.0,4810.596847060369,0.0,0.0,0.0,-999397147195.1531,0.0,0.0,0.0,996819541838.8254,0.0,0.0,0.0,0.0,0.0,0.0,0.0,65992232975.673965,0.0,0.0,0.0,-63414622808.74833,0.0,0.0,0.0,-1.262177448353619e-18,-49906.967356075475,-1.2621774483536189e-26,-0.0004990696735607547,9.728275026391093e+23,1.0077131957225993e+23,0.0,1.4160344336068842e+24,1598142431234.8215,100771319572.2599,0.0,1416034433606.8838,0.0,0.0,0.0,0.0,996819541838.8254,0.0,0.0,0.0,664737512204.7434,100771319572.25977,0.0,1416034433606.8823,0.0,0.0,0.0,0.0,-63414622808.74833,0.0,0.0,0.0
0.26,-1,-1,1,-49892.122238640426,0.0,-0.0004989212223864041,0.0,9.722634888687218e+23,1.007713194569002e+23,0.0,1.4160344206555166e+24,1597215880190.7654,100771319456.90018,0.0,1416034420655.5164,999411950709.8309,0.0,0.0,0.0,0.0,0.0,0.0,0.0,664737511880.0441,100771319456.90004,0.0,1416034420655.5134,-66933582399.11164,0.0,0.0,0.0,0.0,0.0,0.0,0.0,0.0,0.0,0.0,0.0,1000101823553.3486,7593735.999936456,4.568462542605001e-65,358630.9473328304,0.0,0.0,0.0,0.0,996993611031.0234,263249.63227864745,7.627646935905748e-64,5987774.895106388,0.0,0.0,0.0,0.0,664737522005.554,100777477279.20206,62589821.105793454,1416085399914.0024,0.0,0.0,0.0,0.0,2774861211728225.0,0.0,0.0,0.0,4558.488972834544,0.0,0.0,0.0,-999411950709.8309,0.0,0.0,0.0,996791920643.7258,0.0,0.0,0.0,0.0,0.0,0.0,0.0,66933582399.11164,0.0,0.0,0.0,-64313547774.51653,0.0,0.0,0.0,-1.8932661725304287e-18,-49892.122238638614,-1.8932661725304283e-26,-0.000498921222386386,9.722634916435833e+23,1.007713194569002e+23,0.0,1.4160344206555166e+24,1597215884749.2546,100771319456.90018,0.0,1416034420655.5164,0.0,0.0,0.0,0.0,996791920643.7258,0.0,0.0,0.0,664737511880.0441,100771319456.90004,0.0,1416034420655.5134,0.0,0.0,0.0,0.0,-64313547774.51653,0.0,0.0,0.0
0.28,-1,-1,1,-49876.44263082673,0.0,-0.0004987644263082672,0.0,9.716677728422659e+23,1.0077131934513705e+23,0.0,1.4160344075776459e+24,1596237249286.2493,100771319345.13702,0.0,1416034407577.6455,999426468918.0197,0.0,0.0,0.0,0.0,0.0,0.0,0.0,664737511525.7897,100771319345.13681,0.0,1416034407577.6436,-67926731157.56121,0.0,0.0,0.0,0.0,0.0,0.0,0.0,0.0,0.0,0.0,0.0,1000126697250.9912,7593626.333200955,4.553539108147239e-65,357459.26480890356,0.0,0.0,0.0,0.0,996968637913.6672,263125.78345319553,7.629139279416122e-64,5988946.57034836,0.0,0.0,0.0,0.0,664737522005.5535,100777477279.2018,62589821.10579345,1416085399914.0015,0.0,0.0,0.0,0.0,2617152911051903.5,0.0,0.0,0.0,4299.408790186513,0.0,0.0,0.0,-999426468918.0197,0.0,0.0,0.0,996763875099.8032,0.0,0.0,0.0,0.0,0.0,0.0,0.0,67926731157.56121,0.0,0.0,0.0,-65264133039.93601,0.0,0.0,0.0,-1.262177448353619e-18,-49876.44263082497,-1.2621774483536189e-26,-0.0004987644263082496,9.716677754594196e+23,1.0077131934513705e+23,0.0,1.4160344075776459e+24,1596237253585.6594,100771319345.13702,0.0,1416034407577.6455,0.0,0.0,0.0,0.0,996763875099.8032,0.0,0.0,0.0,664737511525.7897,100771319345.13681,0.0,1416034407577.6436,0.0,0.0,0.0,0.0,-65264133039.93601,0.0,0.0,0.0
0.3,-1,-1,1,-49859.828793119836,0.0,-0.0004985982879311983,0.0,9.710365621791117e+23,1.0077131923659503e+23,0.0,1.416034394361964e+24,1595200308470.8447,100771319236.59502,0.0,1416034394361.9639,999440631551.9707,0.0,0.0,0.0,0.0,0.0,0.0,0.0,664737511137.1781,100771319236.59491,0.0,1416034394361.9614,-68977834218.3065,0.0,0.0,0.0,0.0,0.0,0.0,0.0,0.0,0.0,0.0,0.0,1000151819590.4664,7593510.163996201,4.538627682242166e-65,356288.51291532797,0.0,0.0,0.0,0.0,996943413548.988,263006.11160979886,7.630630422071184e-64,5990117.314962711,0.0,0.0,0.0,0.0,664737522005.5532,100777477279.2018,62589821.105793454,1416085399914.0017,0.0,0.0,0.0,0.0,2455141578529499.0,0.0,0.0,0.0,4033.259669049876,0.0,0.0,0.0,-999440631551.9707,0.0,0.0,0.0,996735391199.0206,0.0,0.0,0.0,0.0,0.0,0.0,0.0,68977834218.3065,0.0,0.0,0.0,-66272589832.096504,0.0,0.0,0.0,-6.310887241768095e-19,-49859.82879311809,-6.3108872417680944e-27,-0.0004985982879311808,9.710365646342514e+23,1.0077131923659503e+23,0.0,1.416034394361964e+24,1595200312504.101,100771319236.59502,0.0,1416034394361.9639,0.0,0.0,0.0,0.0,996735391199.0206,0.0,0.0,0.0,664737511137.1781,100771319236.59491,0.0,1416034394361.9614,0.0,0.0,0.0,0.0,-66272589832.096504,0.0,0.0,0.0
0.32,-1,-1,1,-49842.16366382738,0.0,-0.0004984216366382738,0.0,9.703654092965929e+23,1.0077131913083542e+23,0.0,1.4160343809956987e+24,1594097751340.7378,100771319130.8354,0.0,1416034380995.6982,999454354567.6044,0.0,0.0,0.0,0.0,0.0,0.0,0.0,664737510708.2988,100771319130.83525,0.0,1416034380995.6956,-70094113935.16527,0.0,0.0,0.0,0.0,0.0,0.0,0.0,0.0,0.0,0.0,0.0,1000177181824.7877,7593388.054109609,4.523728044916365e-65,355118.6739592073,0.0,0.0,0.0,0.0,996917946672.1079,262890.13569979393,7.63212038586825e-64,5991287.146642259,0.0,0.0,0.0,0.0,664737522005.554,100777477279.20189,62589821.10579344,1416085399914.0022,0.0,0.0,0.0,0.0,2288933529644508.0,0.0,0.0,0.0,3760.216262469301,0.0,0.0,0.0,-999454354567.6044,0.0,0.0,0.0,996706454100.6516,0.0,0.0,0.0,0.0,0.0,0.0,0.0,70094113935.16527,0.0,0.0,0.0,-67346209707.99686,0.0,0.0,0.0,-6.310887241768095e-19,-49842.163663825435,-6.3108872417680944e-27,-0.0004984216366382542,9.703654115855271e+23,1.0077131913083542e+23,0.0,1.4160343809956987e+24,1594097755100.955,100771319130.8354,0.0,1416034380995.6982,0.0,0.0,0.0,0.0,996706454100.6516,0.0,0.0,0.0,664737510708.2988,100771319130.83525,0.0,1416034380995.6956,0.0,0.0,0.0,0.0,-67346209707.99686,0.0,0.0,0.0
0.34,-1,-1,1,-49823.309184679376,0.0,-0.0004982330918467937,0.0,9.69649068878321e+23,1.0077131902734037e+23,0.0,1.4160343674643132e+24,1592920960990.4001,100771319027.34035,0.0,1416034367464.3127,999467536956.7855,0.0,0.0,0.0,0.0,0.0,0.0,0.0,664737510231.8273,100771319027.34018,0.0,1416034367464.3098,-71284086198.2127,0.0,0.0,0.0,0.0,0.0,0.0,0.0,0.0,0.0,0.0,0.0,1000202771728.6725,7593260.67866429,4.508840818965152e-65,353949.7964547455,0.0,0.0,0.0,0.0,996892249512.9286,262777.2934924616,7.633609108527822e-64,5992456.016873082,0.0,0.0,0.0,0.0,664737522005.553,100777477279.20181,62589821.10579344,1416085399914.0017,0.0,0.0,0.0,0.0,2118868861174288.2,0.0,0.0,0.0,3480.837274931604,0.0,0.0,0.0,-999467536956.7855,0.0,0.0,0.0,996677048223.8274,0.0,0.0,0.0,0.0,0.0,0.0,0.0,71284086198.2127,0.0,0.0,0.0,-68493593984.417114,0.0,0.0,0.0,-1.262177448353619e-18,-49823.30918467747,-1.2621774483536189e-26,-0.0004982330918467746,9.696490709971909e+23,1.0077131902734037e+23,0.0,1.4160343674643132e+24,1592920964471.239,100771319027.34035,0.0,1416034367464.3127,0.0,0.0,0.0,0.0,996677048223.8274,0.0,0.0,0.0,664737510231.8273,100771319027.34018,0.0,1416034367464.3098,0.0,0.0,0.0,0.0,-68493593984.417114,0.0,0.0,0.0
0.36,-1,-1,1,-49803.10188068855,0.0,-0.0004980310188068854,0.0,9.68881329937487e+23,1.007713189254948e+23,0.0,1.4160343537511269e+24,1591659734129.3896,100771318925.49478,0.0,1416034353751.1265,999480056833.8306,0.0,0.0,0.0,0.0,0.0,0.0,0.0,664737509698.6058,100771318925.49467,0.0,1416034353751.1245,-72557832403.04842,0.0,0.0,0.0,0.0,0.0,0.0,0.0,0.0,0.0,0.0,0.0,1000228572520.449,7593128.85652135,4.493967747212248e-65,352782.0169221075,0.0,0.0,0.0,0.0,996866338880.107,262666.9211561917,7.635096415767498e-64,5993623.789135901,0.0,0.0,0.0,0.0,664737522005.5543,100777477279.20189,62589821.10579345,1416085399914.0027,0.0,0.0,0.0,0.0,1945590448788481.2,0.0,0.0,0.0,3196.1788103019353,0.0,0.0,0.0,-999480056833.8306,0.0,0.0,0.0,996647157438.8589,0.0,0.0,0.0,0.0,0.0,0.0,0.0,72557832403.04842,0.0,0.0,0.0,-69724929811.8974,0.0,0.0,0.0,-1.262177448353619e-18,-49803.101880686925,-1.2621774483536189e-26,-0.0004980310188068692,9.688813318830772e+23,1.007713189254948e+23,0.0,1.4160343537511269e+24,1591659737325.568,100771318925.49478,0.0,1416034353751.1265,0.0,0.0,0.0,0.0,996647157438.8589,0.0,0.0,0.0,664737509698.6058,100771318925.49467,0.0,1416034353751.1245,0.0,0.0,0.0,0.0,-69724929811.8974,0.0,0.0,0.0
0.38,-1,-1,1,-49781.34767463969,0.0,-0.0004978134767463969,0.0,9.680548188011167e+23,1.0077131882456116e+23,0.0,1.4160343398368257e+24,1590301957428.6506,100771318824.56113,0.0,1416034339836.8254,999491766729.6777,0.0,0.0,0.0,0.0,0.0,0.0,0.0,664737509097.0969,100771318824.56091,0.0,1416034339836.823,-73927318398.12503,0.0,0.0,0.0,0.0,0.0,0.0,0.0,0.0,0.0,0.0,0.0,1000254561481.3887,7592993.588764417,4.4791120432774554e-65,351615.58746966266,0.0,0.0,0.0,0.0,996840237549.2836,262558.2275577418,7.636581986225282e-64,5994790.211323906,0.0,0.0,0.0,0.0,664737522005.5538,100777477279.20186,62589821.10579345,1416085399914.0017,0.0,0.0,0.0,0.0,1770126983996269.8,0.0,0.0,0.0,2907.9307833339553,0.0,0.0,0.0,-999491766729.6777,0.0,0.0,0.0,996616765407.8578,0.0,0.0,0.0,0.0,0.0,0.0,0.0,73927318398.12503,0.0,0.0,0.0,-71052314168.37413,0.0,0.0,0.0,-1.262177448353619e-18,-49781.34767463781,-1.2621774483536189e-26,-0.000497813476746378,9.680548205712446e+23,1.0077131882456116e+23,0.0,1.4160343398368257e+24,1590301960336.583,100771318824.56113,0.0,1416034339836.8254,0.0,0.0,0.0,0.0,996616765407.8578,0.0,0.0,0.0,664737509097.0969,100771318824.56091,0.0,1416034339836.823,0.0,0.0,0.0,0.0,-71052314168.37413,0.0,0.0,0.0
0.4,-1,-1,1,-49757.816059552024,0.0,-0.0004975781605955201,0.0,9.671607777015375e+23,1.0077131872365013e+23,0.0,1.416034325698884e+24,1588833243794.8057,100771318723.6501,0.0,1416034325698.8838,999502488131.5956,0.0,0.0,0.0,0.0,0.0,0.0,0.0,664737508412.698,100771318723.6499,0.0,1416034325698.8813,-75406752749.48898,0.0,0.0,0.0,0.0,0.0,0.0,0.0,0.0,0.0,0.0,0.0,1000280708230.4767,7592856.106342912,4.464278821737558e-65,350450.90962424397,0.0,0.0,0.0,0.0,996813975998.0496,262450.26259191905,7.638065308443473e-64,5995954.881912796,0.0,0.0,0.0,0.0,664737522005.5542,100777477279.20184,62589821.10579345,1416085399914.0024,0.0,0.0,0.0,0.0,1594005709932031.5,0.0,0.0,0.0,2618.6021198641974,0.0,0.0,0.0,-999502488131.5956,0.0,0.0,0.0,996585856141.8281,0.0,0.0,0.0,0.0,0.0,0.0,0.0,75406752749.48898,0.0,0.0,0.0,-72490118141.11978,0.0,0.0,0.0,-1.8932661725304287e-18,-49757.81605955,-1.8932661725304283e-26,-0.0004975781605954999,9.671607792955424e+23,1.0077131872365013e+23,0.0,1.416034325698884e+24,1588833246413.4065,100771318723.6501,0.0,1416034325698.8838,0.0,0.0,0.0,0.0,996585856141.8281,0.0,0.0,0.0,664737508412.698,100771318723.6499,0.0,1416034325698.8813,0.0,0.0,0.0,0.0,-72490118141.11978,0.0,0.0,0.0
0.42,-1,-1,1,-49732.234023164056,0.0,-0.0004973223402316404,0.0,9.661888339462986e+23,1.0077131862168544e+23,0.0,1.4160343113108598e+24,1587236553166.912,100771318621.68541,0.0,1416034311310.8594,999512005521.5742,0.0,0.0,0.0,0.0,0.0,0.0,0.0,664737507626.8517,100771318621.68524,0.0,1416034311310.8567,-77012959981.51482,0.0,0.0,0.0,0.0,0.0,0.0,0.0,0.0,0.0,0.0,0.0,1000306972653.9733,7592717.926843821,4.4494755995936735e-65,349288.5737761455,0.0,0.0,0.0,0.0,996787594488.3712,262341.8795745916,7.639545630721956e-64,5997117.210515947,0.0,0.0,0.0,0.0,664737522005.5543,100777477279.20181,62589821.105793454,1416085399914.0024,0.0,0.0,0.0,0.0,1419265874307540.0,0.0,0.0,0.0,2331.5428570648655,0.0,0.0,0.0,-999512005521.5742,0.0,0.0,0.0,996554414854.201,0.0,0.0,0.0,0.0,0.0,0.0,0.0,77012959981.51482,0.0,0.0,0.0,-74055366982.59805,0.0,0.0,0.0,-1.8932661725304287e-18,-49732.23402316236,-1.8932661725304283e-26,-0.0004973223402316235,9.661888353655636e+23,1.0077131862168544e+23,0.0,1.4160343113108598e+24,1587236555498.4536,100771318621.68541,0.0,1416034311310.8594,0.0,0.0,0.0,0.0,996554414854.201,0.0,0.0,0.0,664737507626.8517,100771318621.68524,0.0,1416034311310.8567,0.0,0.0,0.0,0.0,-74055366982.59805,0.0,0.0,0.0
0.44,-1,-1,1,-49704.280563308166,0.0,-0.0004970428056330816,0.0,9.651267915382773e+23,1.0077131851736389e+23,0.0,1.4160342966415848e+24,1585491850193.9543,100771318517.36386,0.0,1416034296641.5845,999520060543.8434,0.0,0.0,0.0,0.0,0.0,0.0,0.0,664737506716.0077,100771318517.3637,0.0,1416034296641.5823,-78765717065.8975,0.0,0.0,0.0,0.0,0.0,0.0,0.0,0.0,0.0,0.0,0.0,1000333302580.9384,7592580.917946573,4.434712832990529e-65,348129.40140627895,0.0,0.0,0.0,0.0,996761145405.0924,262231.6932940277,7.641021907446164e-64,5998276.37565761,0.0,0.0,0.0,0.0,664737522005.5541,100777477279.20178,62589821.105793424,1416085399914.0017,0.0,0.0,0.0,0.0,1248481724151586.0,0.0,0.0,0.0,2050.981918762671,0.0,0.0,0.0,-999520060543.8434,0.0,0.0,0.0,996522429188.4646,0.0,0.0,0.0,0.0,0.0,0.0,0.0,78765717065.8975,0.0,0.0,0.0,-75768083659.53734,0.0,0.0,0.0,-1.262177448353619e-18,-49704.280563306434,-1.2621774483536189e-26,-0.0004970428056330643,9.651267927867581e+23,1.0077131851736389e+23,0.0,1.4160342966415848e+24,1585491852244.9348,100771318517.36386,0.0,1416034296641.5845,0.0,0.0,0.0,0.0,996522429188.4646,0.0,0.0,0.0,664737506716.0077,100771318517.3637,0.0,1416034296641.5823,0.0,0.0,0.0,0.0,-75768083659.53734,0.0,0.0,0.0
0.46,-1,-1,1,-49673.58325334445,0.0,-0.0004967358325334444,0.0,9.639605006848582e+23,1.0077131840911722e+23,0.0,1.4160342816543396e+24,1583575889867.0168,100771318409.1172,0.0,1416034281654.3394,999526347492.8938,0.0,0.0,0.0,0.0,0.0,0.0,0.0,664737505650.4435,100771318409.11705,0.0,1416034281654.337,-80687963276.32281,0.0,0.0,0.0,0.0,0.0,0.0,0.0,0.0,0.0,0.0,0.0,1000359631459.0254,7592447.360858171,4.420004406588722e-65,346974.4836026314,0.0,0.0,0.0,0.0,996734695595.0369,262118.03806077692,7.642492750150022e-64,5999431.286256641,0.0,0.0,0.0,0.0,664737522005.5537,100777477279.20181,62589821.10579346,1416085399914.002,0.0,0.0,0.0,0.0,1084615492149141.9,0.0,0.0,0.0,1781.7856042061467,0.0,0.0,0.0,-999526347492.8938,0.0,0.0,0.0,996489890858.8002,0.0,0.0,0.0,0.0,0.0,0.0,0.0,80687963276.32281,0.0,0.0,0.0,-77651504860.44371,0.0,0.0,0.0,-1.262177448353619e-18,-49673.58325334265,-1.2621774483536189e-26,-0.0004967358325334264,9.63960501769472e+23,1.0077131840911722e+23,0.0,1.4160342816543396e+24,1583575891648.7998,100771318409.1172,0.0,1416034281654.3394,0.0,0.0,0.0,0.0,996489890858.8002,0.0,0.0,0.0,664737505650.4435,100771318409.11705,0.0,1416034281654.337,0.0,0.0,0.0,0.0,-77651504860.44371,0.0,0.0,0.0
0.48,-1,-1,1,-49639.71898327602,0.0,-0.0004963971898327601,0.0,9.626738859562223e+23,1.0077131829507999e+23,0.0,1.4160342663060885e+24,1581462263777.1843,100771318295.07996,0.0,1416034266306.0881,999530511975.5461,0.0,0.0,0.0,0.0,0.0,0.0,0.0,664737504393.0917,100771318295.07982,0.0,1416034266306.0857,-82805752591.45505,0.0,0.0,0.0,0.0,0.0,0.0,0.0,0.0,0.0,0.0,0.0,1000385876520.2394,7592320.000939577,4.405367929963816e-65,345825.20441546844,0.0,0.0,0.0,0.0,996708328214.7987,261998.93400154795,7.643956397875872e-64,6000580.558271393,0.0,0.0,0.0,0.0,664737522005.5542,100777477279.20198,62589821.10579342,1416085399914.0024,0.0,0.0,0.0,0.0,930715693218492.1,0.0,0.0,0.0,1528.961955447914,0.0,0.0,0.0,-999530511975.5461,0.0,0.0,0.0,996456797640.9258,0.0,0.0,0.0,0.0,0.0,0.0,0.0,82805752591.45505,0.0,0.0,0.0,-79732036727.87326,0.0,0.0,0.0,-1.262177448353619e-18,-49639.71898327444,-1.2621774483536189e-26,-0.0004963971898327443,9.62673886886938e+23,1.0077131829507999e+23,0.0,1.4160342663060885e+24,1581462265306.1462,100771318295.07996,0.0,1416034266306.0881,0.0,0.0,0.0,0.0,996456797640.9258,0.0,0.0,0.0,664737504393.0917,100771318295.07982,0.0,1416034266306.0857,0.0,0.0,0.0,0.0,-79732036727.87326,0.0,0.0,0.0
0.5,-1,-1,1,-49602.22135067966,0.0,-0.0004960222135067965,0.0,9.612492270936008e+23,1.007713181730772e+23,0.0,1.4160342505470095e+24,1579121861421.9739,100771318173.07716,0.0,1416034250547.0093,999532155073.1072,0.0,0.0,0.0,0.0,0.0,0.0,0.0,664737502898.5875,100771318173.07701,0.0,1416034250547.0066,-85147796549.72174,0.0,0.0,0.0,0.0,0.0,0.0,0.0,0.0,0.0,0.0,0.0,1000411938177.0571,7592202.066331413,4.390824634738794e-65,344683.23282695585,0.0,0.0,0.0,0.0,996682143342.8793,261872.07392191986,7.645410727461321e-64,6001722.5227302145,0.0,0.0,0.0,0.0,664737522005.554,100777477279.20201,62589821.10579347,1416085399914.002,0.0,0.0,0.0,0.0,789509968907935.2,0.0,0.0,0.0,1296.9918899000622,0.0,0.0,0.0,-999532155073.1072,0.0,0.0,0.0,996423155468.9758,0.0,0.0,0.0,0.0,0.0,0.0,0.0,85147796549.72174,0.0,0.0,0.0,-82038795648.59924,0.0,0.0,0.0,-1.262177448353619e-18,-49602.221350677864,-1.2621774483536189e-26,-0.0004960222135067785,9.612492278831099e+23,1.007713181730772e+23,0.0,1.4160342505470095e+24,1579121862718.9644,100771318173.07716,0.0,1416034250547.0093,0.0,0.0,0.0,0.0,996423155468.9758,0.0,0.0,0.0,664737502898.5875,100771318173.07701,0.0,1416034250547.0066,0.0,0.0,0.0,0.0,-82038795648.59924,0.0,0.0,0.0
0.52,-1,-1,1,-49560.59660148703,0.0,-0.0004956059660148702,0.0,9.596677646565677e+23,1.0077131804064448e+23,0.0,1.4160342343204846e+24,1576523865151.1343,100771318040.64445,0.0,1416034234320.4844,999530845075.5104,0.0,0.0,0.0,0.0,0.0,0.0,0.0,664737501112.8469,100771318040.6443,0.0,1416034234320.482,-87744481037.22353,0.0,0.0,0.0,0.0,0.0,0.0,0.0,0.0,0.0,0.0,0.0,1000437701506.0509,7592097.232594119,4.376398651275253e-65,343550.46593711746,0.0,0.0,0.0,0.0,996656256494.2012,261734.84478339503,7.64685332587012e-64,6002855.282544957,0.0,0.0,0.0,0.0,664737522005.5538,100777477279.2016,62589821.105793424,1416085399914.002,0.0,0.0,0.0,0.0,662924346861274.8,0.0,0.0,0.0,1089.039448970696,0.0,0.0,0.0,-999530845075.5104,0.0,0.0,0.0,996388980161.4127,0.0,0.0,0.0,0.0,0.0,0.0,0.0,87744481037.22353,0.0,0.0,0.0,-84602615034.0853,0.0,0.0,0.0,-6.310887241768095e-19,-49560.59660148513,-6.3108872417680944e-27,-0.0004956059660148512,9.596677653194931e+23,1.0077131804064448e+23,0.0,1.4160342343204846e+24,1576523866240.1753,100771318040.64445,0.0,1416034234320.4844,0.0,0.0,0.0,0.0,996388980161.4127,0.0,0.0,0.0,664737501112.8469,100771318040.6443,0.0,1416034234320.482,0.0,0.0,0.0,0.0,-84602615034.0853,0.0,0.0,0.0
0.54,-1,-1,1,-49514.347979262435,0.0,-0.0004951434797926243,0.0,9.579106251385556e+23,1.007713178950893e+23,0.0,1.4160342175637575e+24,1573637269928.737,100771317895.08926,0.0,1416034217563.757,999526137310.5664,0.0,0.0,0.0,0.0,0.0,0.0,0.0,664737498973.4558,100771317895.08913,0.0,1416034217563.755,-90626366355.2859,0.0,0.0,0.0,0.0,0.0,0.0,0.0,0.0,0.0,0.0,0.0,1000463040439.5961,7592009.517817099,4.3621155323785825e-65,342428.9129337303,0.0,0.0,0.0,0.0,996630794412.3173,261584.3936033473,7.648281637821625e-64,6003976.828540484,0.0,0.0,0.0,0.0,664737522005.5541,100777477279.20192,62589821.10579344,1416085399914.0017,0.0,0.0,0.0,0.0,551778867919041.3,0.0,0.0,0.0,906.4517800821923,0.0,0.0,0.0,-999526137310.5664,0.0,0.0,0.0,996354298124.895,0.0,0.0,0.0,0.0,0.0,0.0,0.0,90626366355.2859,0.0,0.0,0.0,-87454526263.16208,0.0,0.0,0.0,-1.262177448353619e-18,-49514.34797926059,-1.2621774483536189e-26,-0.0004951434797926058,9.579106256903346e+23,1.007713178950893e+23,0.0,1.4160342175637575e+24,1573637270835.189,100771317895.08926,0.0,1416034217563.757,0.0,0.0,0.0,0.0,996354298124.895,0.0,0.0,0.0,664737498973.4558,100771317895.08913,0.0,1416034217563.755,0.0,0.0,0.0,0.0,-87454526263.16208,0.0,0.0,0.0
0.56,-1,-1,1,-49463.005019846736,0.0,-0.0004946300501984673,0.0,9.559599339737745e+23,1.0077131773358479e+23,0.0,1.4160342002092095e+24,1570432711759.6738,100771317733.58476,0.0,1416034200209.2092,999517599735.7975,0.0,0.0,0.0,0.0,0.0,0.0,0.0,664737496410.9674,100771317733.5846,0.0,1416034200209.2078,-93822384387.09099,0.0,0.0,0.0,0.0,0.0,0.0,0.0,0.0,0.0,0.0,0.0,1000487824562.3788,7591943.1116396375,4.348000109799731e-65,341320.5265814412,0.0,0.0,0.0,0.0,996605888241.7029,261417.73531618604,7.649693180140615e-64,6005085.207964444,0.0,0.0,0.0,0.0,664737522005.5535,100777477279.20198,62589821.10579341,1416085399914.0007,0.0,0.0,0.0,0.0,455802208014732.7,0.0,0.0,0.0,748.7831572429277,0.0,0.0,0.0,-999517599735.7975,0.0,0.0,0.0,996319145441.5519,0.0,0.0,0.0,0.0,0.0,0.0,0.0,93822384387.09099,0.0,0.0,0.0,-90623929344.06242,0.0,0.0,0.0,-1.262177448353619e-18,-49463.00501984476,-1.2621774483536189e-26,-0.0004946300501984475,9.559599344295761e+23,1.0077131773358479e+23,0.0,1.4160342002092095e+24,1570432712508.456,100771317733.58476,0.0,1416034200209.2092,0.0,0.0,0.0,0.0,996319145441.5519,0.0,0.0,0.0,664737496410.9674,100771317733.5846,0.0,1416034200209.2078,0.0,0.0,0.0,0.0,-90623929344.06242,0.0,0.0,0.0
0.58,-1,-1,1,-49406.15118363145,0.0,-0.0004940615118363145,0.0,9.537998653845642e+23,1.007713175532897e+23,0.0,1.416034182186033e+24,1566884192358.8245,100771317553.28967,0.0,1416034182186.0325,999504838917.2388,0.0,0.0,0.0,0.0,0.0,0.0,0.0,664737493350.9286,100771317553.28957,0.0,1416034182186.03,-97358139909.34348,0.0,0.0,0.0,0.0,0.0,0.0,0.0,0.0,0.0,0.0,0.0,1000511927380.6731,7591902.168234259,4.334074051343807e-65,340227.01114594215,0.0,0.0,0.0,0.0,996581665216.7672,261231.88306721213,7.651085786046489e-64,6006178.71656188,0.0,0.0,0.0,0.0,664737522005.554,100777477279.20184,62589821.10579345,1416085399914.0017,0.0,0.0,0.0,0.0,373905506565698.0,0.0,0.0,0.0,614.2448210951407,0.0,0.0,0.0,-999504838917.2388,0.0,0.0,0.0,996283565143.3975,0.0,0.0,0.0,0.0,0.0,0.0,0.0,97358139909.34348,0.0,0.0,0.0,-94136865521.2587,0.0,0.0,0.0,-6.310887241768095e-19,-49406.15118362973,-6.3108872417680944e-27,-0.0004940615118362973,9.537998657584699e+23,1.007713175532897e+23,0.0,1.416034182186033e+24,1566884192973.0698,100771317553.28967,0.0,1416034182186.0325,0.0,0.0,0.0,0.0,996283565143.3975,0.0,0.0,0.0,664737493350.9286,100771317553.28957,0.0,1416034182186.03,0.0,0.0,0.0,0.0,-94136865521.2587,0.0,0.0,0.0
0.6,-1,-1,1,-49343.442413381956,0.0,-0.0004934344241338195,0.0,9.514173474578462e+23,1.0077131735145131e+23,0.0,1.4160341634218027e+24,1562970237437.18,100771317351.4513,0.0,1416034163421.8022,999487519725.7722,0.0,0.0,0.0,0.0,0.0,0.0,0.0,664737489716.1036,100771317351.45117,0.0,1416034163421.7993,-101254772004.69746,0.0,0.0,0.0,0.0,0.0,0.0,0.0,0.0,0.0,0.0,0.0,1000535234148.5477,7591890.613239034,4.32035367169314e-65,339149.6502462226,0.0,0.0,0.0,0.0,996558240792.6459,261023.96872379383,7.652457824070952e-64,6007256.0707219625,0.0,0.0,0.0,0.0,664737522005.5532,100777477279.20178,62589821.10579343,1416085399914.001,0.0,0.0,0.0,0.0,304621686861250.8,0.0,0.0,0.0,500.42668605339713,0.0,0.0,0.0,-999487519725.7722,0.0,0.0,0.0,996247603101.7227,0.0,0.0,0.0,0.0,0.0,0.0,0.0,101254772004.69746,0.0,0.0,0.0,-98014854880.22026,0.0,0.0,0.0,-6.310887241768095e-19,-49343.44241338039,-6.3108872417680944e-27,-0.0004934344241338039,9.514173477624677e+23,1.0077131735145131e+23,0.0,1.4160341634218027e+24,1562970237937.6062,100771317351.4513,0.0,1416034163421.8022,0.0,0.0,0.0,0.0,996247603101.7227,0.0,0.0,0.0,664737489716.1036,100771317351.45117,0.0,1416034163421.7993,0.0,0.0,0.0,0.0,-98014854880.22026,0.0,0.0,0.0
0.62,-1,-1,1,-49274.611809753966,0.0,-0.0004927461180975396,0.0,9.488022397838739e+23,1.0077131712546882e+23,0.0,1.4160341438435362e+24,1558674188523.3845,100771317125.4688,0.0,1416034143843.536,999465373777.52,0.0,0.0,0.0,0.0,0.0,0.0,0.0,664737485428.3014,100771317125.46861,0.0,1416034143843.533,-105528670682.4387,0.0,0.0,0.0,0.0,0.0,0.0,0.0,0.0,0.0,0.0,0.0,1000557647354.0884,7591912.013754645,4.306848495380692e-65,338089.1938352662,0.0,0.0,0.0,0.0,996535713125.0253,260791.3220672483,7.653808341760668e-64,6008316.520496484,0.0,0.0,0.0,0.0,664737522005.5533,100777477279.20178,62589821.105793454,1416085399914.0024,0.0,0.0,0.0,0.0,246414326912334.9,0.0,0.0,0.0,404.80474743410014,0.0,0.0,0.0,-999465373777.52,0.0,0.0,0.0,996211303465.3846,0.0,0.0,0.0,0.0,0.0,0.0,0.0,105528670682.4387,0.0,0.0,0.0,-102274599965.49763,0.0,0.0,0.0,-6.310887241768095e-19,-49274.611809752045,-6.3108872417680944e-27,-0.0004927461180975203,9.488022400302877e+23,1.0077131712546882e+23,0.0,1.4160341438435362e+24,1558674188928.1885,100771317125.4688,0.0,1416034143843.536,0.0,0.0,0.0,0.0,996211303465.3846,0.0,0.0,0.0,664737485428.3014,100771317125.46861,0.0,1416034143843.533,0.0,0.0,0.0,0.0,-102274599965.49763,0.0,0.0,0.0
0.64,-1,-1,1,-49199.460295732024,0.0,-0.0004919946029573202,0.0,9.459469787648177e+23,1.0077131687289983e+23,0.0,1.4160341233778584e+24,1553983620283.4595,100771316872.89981,0.0,1416034123377.8582,999438195514.3461,0.0,0.0,0.0,0.0,0.0,0.0,0.0,664737480409.3107,100771316872.89969,0.0,1416034123377.8562,-110192055640.19724,0.0,0.0,0.0,0.0,0.0,0.0,0.0,0.0,0.0,0.0,0.0,1000579088833.9386,7591969.538118545,4.293560788721451e-65,337045.8213669235,0.0,0.0,0.0,0.0,996514160937.3538,260531.49148757427,7.655137112484097e-64,6009359.886432892,0.0,0.0,0.0,0.0,664737522005.5542,100777477279.2019,62589821.10579345,1416085399914.0022,0.0,0.0,0.0,0.0,197841744064681.47,0.0,0.0,0.0,325.01063652243465,0.0,0.0,0.0,-999438195514.3461,0.0,0.0,0.0,996174704657.0748,0.0,0.0,0.0,0.0,0.0,0.0,0.0,110192055640.19724,0.0,0.0,0.0,-106928564457.9155,0.0,0.0,0.0,-6.310887241768095e-19,-49199.4602957303,-6.3108872417680944e-27,-0.0004919946029573028,9.459469789626594e+23,1.0077131687289983e+23,0.0,1.4160341233778584e+24,1553983620608.4702,100771316872.89981,0.0,1416034123377.8582,0.0,0.0,0.0,0.0,996174704657.0748,0.0,0.0,0.0,664737480409.3107,100771316872.89969,0.0,1416034123377.8562,0.0,0.0,0.0,0.0,-106928564457.9155,0.0,0.0,0.0
0.66,-1,-1,1,-49117.83712585019,0.0,-0.0004911783712585018,0.0,9.428458370910161e+23,1.0077131659141103e+23,0.0,1.4160341019503246e+24,1548889124002.5383,100771316591.41101,0.0,1416034101950.3242,999405828537.7352,0.0,0.0,0.0,0.0,0.0,0.0,0.0,664737474580.8104,100771316591.41089,0.0,1416034101950.3218,-115254179116.0082,0.0,0.0,0.0,0.0,0.0,0.0,0.0,0.0,0.0,0.0,0.0,1000599498647.601,7592066.002614888,4.2804859403606075e-65,336019.17169516534,0.0,0.0,0.0,0.0,996493644645.0132,260242.20777139813,7.656444597376788e-64,6010386.529675015,0.0,0.0,0.0,0.0,664737522005.5542,100777477279.2019,62589821.10579347,1416085399914.003,0.0,0.0,0.0,0.0,157571800795980.4,0.0,0.0,0.0,258.855943253031,0.0,0.0,0.0,-999405828537.7352,0.0,0.0,0.0,996137836573.1807,0.0,0.0,0.0,0.0,0.0,0.0,0.0,115254179116.0082,0.0,0.0,0.0,-111986186892.59712,0.0,0.0,0.0,-1.262177448353619e-18,-49117.837125848484,-1.2621774483536189e-26,-0.0004911783712584848,9.428458372485876e+23,1.0077131659141103e+23,0.0,1.4160341019503246e+24,1548889124261.3936,100771316591.41101,0.0,1416034101950.3242,0.0,0.0,0.0,0.0,996137836573.1807,0.0,0.0,0.0,664737474580.8104,100771316591.41089,0.0,1416034101950.3218,0.0,0.0,0.0,0.0,-111986186892.59712,0.0,0.0,0.0
0.68,-1,-1,1,-49029.61550781738,0.0,-0.0004902961550781737,0.0,9.394939975207352e+23,1.0077131627868522e+23,0.0,1.4160340794839125e+24,1543382786007.9546,100771316278.6852,0.0,1416034079483.912,999368146518.5148,0.0,0.0,0.0,0.0,0.0,0.0,0.0,664737467863.3392,100771316278.68503,0.0,1416034079483.9104,-120722828373.89885,0.0,0.0,0.0,0.0,0.0,0.0,0.0,0.0,0.0,0.0,0.0,1000618831651.3444,7592203.982227596,4.2676133569494785e-65,335008.4134884161,0.0,0.0,0.0,0.0,996474209793.0166,259921.30513161482,7.657731855773612e-64,6011397.281549359,0.0,0.0,0.0,0.0,664737522005.553,100777477279.20175,62589821.105793424,1416085399914.001,0.0,0.0,0.0,0.0,124386439685400.31,0.0,0.0,0.0,204.33966617123224,0.0,0.0,0.0,-999368146518.5148,0.0,0.0,0.0,996100719106.4723,0.0,0.0,0.0,0.0,0.0,0.0,0.0,120722828373.89885,0.0,0.0,0.0,-117455400757.51622,0.0,0.0,0.0,-1.262177448353619e-18,-49029.61550781564,-1.2621774483536189e-26,-0.0004902961550781562,9.394939976451219e+23,1.0077131627868522e+23,0.0,1.4160340794839125e+24,1543382786212.2947,100771316278.6852,0.0,1416034079483.912,0.0,0.0,0.0,0.0,996100719106.4723,0.0,0.0,0.0,664737467863.3392,100771316278.68503,0.0,1416034079483.9104,0.0,0.0,0.0,0.0,-117455400757.51622,0.0,0.0,0.0
0.7000000000000001,-1,-1,1,-48934.66758453484,0.0,-0.0004893466758453483,0.0,9.358866023592516e+23,1.007713159322956e+23,0.0,1.416034055896939e+24,1537456626171.644,100771315932.29558,0.0,1416034055896.9387,999325032538.9275,0.0,0.0,0.0,0.0,0.0,0.0,0.0,664737460174.5293,100771315932.29543,0.0,1416034055896.9365,-126605866541.81244,0.0,0.0,0.0,0.0,0.0,0.0,0.0,0.0,0.0,0.0,0.0,1000637052904.2631,7592385.958455389,4.25492750774798e-65,334012.32736753736,0.0,0.0,0.0,0.0,996455891669.3586,259566.61594071848,7.659000440748683e-64,6012393.361427523,0.0,0.0,0.0,0.0,664737522005.554,100777477279.20181,62589821.10579343,1416085399914.0024,0.0,0.0,0.0,0.0,97164144263413.9,0.0,0.0,0.0,159.61939945234917,0.0,0.0,0.0,-999325032538.9275,0.0,0.0,0.0,996063361711.9857,0.0,0.0,0.0,0.0,0.0,0.0,0.0,126605866541.81244,0.0,0.0,0.0,-123344195555.25172,0.0,0.0,0.0,-1.262177448353619e-18,-48934.66758453304,-1.2621774483536189e-26,-0.0004893466758453303,9.358866024564158e+23,1.007713159322956e+23,0.0,1.416034055896939e+24,1537456626331.2637,100771315932.29558,0.0,1416034055896.9387,0.0,0.0,0.0,0.0,996063361711.9857,0.0,0.0,0.0,664737460174.5293,100771315932.29543,0.0,1416034055896.9365,0.0,0.0,0.0,0.0,-123344195555.25172,0.0,0.0,0.0
0.72,-1,-1,1,-48832.840912598,0.0,-0.00048832840912598,0.0,9.320178597950636e+23,1.0077131554955321e+23,0.0,1.4160340311003846e+24,1531101129816.3496,100771315549.55319,0.0,1416034031100.3843,999276359102.2357,0.0,0.0,0.0,0.0,0.0,0.0,0.0,664737451426.7487,100771315549.55302,0.0,1416034031100.3823,-132912680712.63481,0.0,0.0,0.0,0.0,0.0,0.0,0.0,0.0,0.0,0.0,0.0,1000654132775.023,7592614.484847926,4.2424088390501614e-65,333029.3778228716,0.0,0.0,0.0,0.0,996438720221.1185,259175.85044420414,7.660252307672658e-64,6013376.304809638,0.0,0.0,0.0,0.0,664737522005.553,100777477279.20168,62589821.105793424,1416085399914.0012,0.0,0.0,0.0,0.0,74903778226422.98,0.0,0.0,0.0,123.05049550789408,0.0,0.0,0.0,-999276359102.2357,0.0,0.0,0.0,996025763575.6785,0.0,0.0,0.0,0.0,0.0,0.0,0.0,132912680712.63481,0.0,0.0,0.0,-129662085063.02702,0.0,0.0,0.0,-1.262177448353619e-18,-48832.840912596235,-1.2621774483536189e-26,-0.0004883284091259623,9.320178598699673e+23,1.0077131554955321e+23,0.0,1.4160340311003846e+24,1531101129939.4001,100771315549.55319,0.0,1416034031100.3843,0.0,0.0,0.0,0.0,996025763575.6785,0.0,0.0,0.0,664737451426.7487,100771315549.55302,0.0,1416034031100.3823,0.0,0.0,0.0,0.0,-129662085063.02702,0.0,0.0,0.0
0.74,-1,-1,1,-48723.93657014589,0.0,-0.00048723936570145885,0.0,9.27880212141226e+23,1.007713151273239e+23,0.0,1.4160340049946808e+24,1524303881318.3801,100771315127.32388,0.0,1416034004994.6804,999221969336.676,0.0,0.0,0.0,0.0,0.0,0.0,0.0,664737441524.2247,100771315127.3237,0.0,1416034004994.6777,-139655529542.5218,0.0,0.0,0.0,0.0,0.0,0.0,0.0,0.0,0.0,0.0,0.0,1000670042195.1571,7592892.362760403,4.230034395371127e-65,332057.7620910829,0.0,0.0,0.0,0.0,996422724824.8032,258746.4648124635,7.661489752094123e-64,6014347.9144478245,0.0,0.0,0.0,0.0,664737522005.5544,100777477279.20201,62589821.10579345,1416085399914.0024,0.0,0.0,0.0,0.0,56740023213349.24,0.0,0.0,0.0,93.21142586995848,0.0,0.0,0.0,-999221969336.676,0.0,0.0,0.0,995987913965.5728,0.0,0.0,0.0,0.0,0.0,0.0,0.0,139655529542.5218,0.0,0.0,0.0,-136421474078.20793,0.0,0.0,0.0,-6.310887241768095e-19,-48723.93657014437,-6.3108872417680944e-27,-0.00048723936570144356,9.27880212197966e+23,1.007713151273239e+23,0.0,1.4160340049946808e+24,1524303881411.5916,100771315127.32388,0.0,1416034004994.6804,0.0,0.0,0.0,0.0,995987913965.5728,0.0,0.0,0.0,664737441524.2247,100771315127.3237,0.0,1416034004994.6777,0.0,0.0,0.0,0.0,-136421474078.20793,0.0,0.0,0.0
0.76,-1,-1,1,-48607.687609262044,0.0,-0.0004860768760926204,0.0,9.234635171678686e+23,1.0077131466178836e+23,0.0,1.4160339774656743e+24,1517048219216.3164,100771314661.78833,0.0,1416033977465.6738,999161658634.6426,0.0,0.0,0.0,0.0,0.0,0.0,0.0,664737430359.4957,100771314661.78815,0.0,1416033977465.6711,-146850869777.823,0.0,0.0,0.0,0.0,0.0,0.0,0.0,0.0,0.0,0.0,0.0,1000684748127.9274,7593222.830883282,4.217778070995859e-65,331095.429987625,0.0,0.0,0.0,0.0,996407938841.2451,258275.51332090213,7.662715384584703e-64,6015310.240513824,0.0,0.0,0.0,0.0,664737522005.5537,100777477279.20197,62589821.10579345,1416085399914.0012,0.0,0.0,0.0,0.0,41939405508308.84,0.0,0.0,0.0,68.89725393429399,0.0,0.0,0.0,-999161658634.6426,0.0,0.0,0.0,995949792437.4824,0.0,0.0,0.0,0.0,0.0,0.0,0.0,146850869777.823,0.0,0.0,0.0,-143639003511.76547,0.0,0.0,0.0,-6.310887241768095e-19,-48607.68760926021,-6.3108872417680944e-27,-0.00048607687609260206,9.234635172098074e+23,1.0077131466178836e+23,0.0,1.4160339774656743e+24,1517048219285.2126,100771314661.78833,0.0,1416033977465.6738,0.0,0.0,0.0,0.0,995949792437.4824,0.0,0.0,0.0,664737430359.4957,100771314661.78815,0.0,1416033977465.6711,0.0,0.0,0.0,0.0,-143639003511.76547,0.0,0.0,0.0
0.78,-1,-1,1,-48483.735640575826,0.0,-0.0004848373564057582,0.0,9.187541584712113e+23,1.007713141481155e+23,0.0,1.4160339483794986e+24,1509311774742.2288,100771314148.11548,0.0,1416033948379.4983,999095155104.9486,0.0,0.0,0.0,0.0,0.0,0.0,0.0,664737417808.9514,100771314148.11534,0.0,1416033948379.4954,-154520798171.67282,0.0,0.0,0.0,0.0,0.0,0.0,0.0,0.0,0.0,0.0,0.0,1000698209053.2863,7593609.781110235,4.2056104553671825e-65,330140.07182850246,0.0,0.0,0.0,0.0,996394404155.2709,257759.47392117075,7.663932146200244e-64,6016265.5926771965,0.0,0.0,0.0,0.0,664737522005.5541,100777477279.20195,62589821.10579343,1416085399914.002,0.0,0.0,0.0,0.0,29916543823147.33,0.0,0.0,0.0,49.14632650697604,0.0,0.0,0.0,-999095155104.9486,0.0,0.0,0.0,995911368649.8212,0.0,0.0,0.0,0.0,0.0,0.0,0.0,154520798171.67282,0.0,0.0,0.0,-151337011667.39905,0.0,0.0,0.0,-6.310887241768095e-19,-48483.73564057401,-6.3108872417680944e-27,-0.00048483735640574,9.18754158501127e+23,1.007713141481155e+23,0.0,1.4160339483794986e+24,1509311774791.3735,100771314148.11548,0.0,1416033948379.4983,0.0,0.0,0.0,0.0,995911368649.8212,0.0,0.0,0.0,664737417808.9514,100771314148.11534,0.0,1416033948379.4954,0.0,0.0,0.0,0.0,-151337011667.39905,0.0,0.0,0.0
0.8,-1,-1,1,-48351.60257255837,0.0,-0.0004835160257255836,0.0,9.13733971753212e+23,1.0077131357997208e+23,0.0,1.4160339175757008e+24,1501064707934.4019,100771313579.97205,0.0,1416033917575.7004,999022096539.7201,0.0,0.0,0.0,0.0,0.0,0.0,0.0,664737403726.9441,100771313579.97191,0.0,1416033917575.6982,-162694792332.26086,0.0,0.0,0.0,0.0,0.0,0.0,0.0,0.0,0.0,0.0,0.0,1000710370083.9982,7594058.021292905,4.1934982339356545e-65,329189.07143272355,0.0,0.0,0.0,0.0,996382176086.8705,257194.03019074333,7.665143368395815e-64,6017216.587102556,0.0,0.0,0.0,0.0,664737522005.5538,100777477279.20198,62589821.10579343,1416085399914.0015,0.0,0.0,0.0,0.0,20185612474704.914,0.0,0.0,0.0,33.1605384395225,0.0,0.0,0.0,-999022096539.7201,0.0,0.0,0.0,995872601574.1206,0.0,0.0,0.0,0.0,0.0,0.0,0.0,162694792332.26086,0.0,0.0,0.0,-159545297333.5018,0.0,0.0,0.0,-1.262177448353619e-18,-48351.60257255674,-1.2621774483536189e-26,-0.00048351602572556726,9.137339717733984e+23,1.0077131357997208e+23,0.0,1.4160339175757008e+24,1501064707967.5637,100771313579.97205,0.0,1416033917575.7004,0.0,0.0,0.0,0.0,995872601574.1206,0.0,0.0,0.0,664737403726.9441,100771313579.97191,0.0,1416033917575.6982,0.0,0.0,0.0,0.0,-159545297333.5018,0.0,0.0,0.0
0.8200000000000001,-1,-1,1,-48210.653569530165,0.0,-0.0004821065356953016,0.0,9.083788374705605e+23,1.0077131294875109e+23,0.0,1.416033884857828e+24,1492267395667.9944,100771312948.75105,0.0,1416033884857.8276,998942000824.0399,0.0,0.0,0.0,0.0,0.0,0.0,0.0,664737387937.7233,100771312948.75085,0.0,1416033884857.8254,-171411993093.7696,0.0,0.0,0.0,0.0,0.0,0.0,0.0,0.0,0.0,0.0,0.0,1000721157170.2126,7594573.614225527,4.181403072013235e-65,328239.41852158756,0.0,0.0,0.0,0.0,996371329219.3243,256573.78529624894,7.666352884640425e-64,6018166.23404972,0.0,0.0,0.0,0.0,664737522005.5536,100777477279.20175,62589821.10579345,1416085399914.0015,0.0,0.0,0.0,0.0,12379215795360.086,0.0,0.0,0.0,20.33633914985694,0.0,0.0,0.0,-998942000824.0399,0.0,0.0,0.0,995833437853.1139,0.0,0.0,0.0,0.0,0.0,0.0,0.0,171411993093.7696,0.0,0.0,0.0,-168303430102.50708,0.0,0.0,0.0,-1.262177448353619e-18,-48210.6535695284,-1.2621774483536189e-26,-0.0004821065356952839,9.083788374829398e+23,1.0077131294875109e+23,0.0,1.416033884857828e+24,1492267395688.3308,100771312948.75105,0.0,1416033884857.8276,0.0,0.0,0.0,0.0,995833437853.1139,0.0,0.0,0.0,664737387937.7233,100771312948.75085,0.0,1416033884857.8254,0.0,0.0,0.0,0.0,-168303430102.50708,0.0,0.0,0.0
0.84,-1,-1,1,-48060.045799580184,0.0,-0.00048060045799580174,0.0,9.026567335945798e+23,1.007713122423026e+23,0.0,1.4160338499800469e+24,1482867232766.2158,100771312242.30258,0.0,1416033849980.0466,998854225574.7786,0.0,0.0,0.0,0.0,0.0,0.0,0.0,664737370223.9851,100771312242.30246,0.0,1416033849980.0444,-180724363032.5478,0.0,0.0,0.0,0.0,0.0,0.0,0.0,0.0,0.0,0.0,0.0,1000730469667.5072,7595164.333652116,4.16927984818764e-65,327287.57004308514,0.0,0.0,0.0,0.0,996361964873.0756,255891.87383455952,7.667565207075457e-64,6019118.076548446,0.0,0.0,0.0,0.0,664737522005.5535,100777477279.20183,62589821.10579343,1416085399914.0017,0.0,0.0,0.0,0.0,6199548255180.661,0.0,0.0,0.0,10.184499404276721,0.0,0.0,0.0,-998854225574.7786,0.0,0.0,0.0,995793808940.8599,0.0,0.0,0.0,0.0,0.0,0.0,0.0,180724363032.5478,0.0,0.0,0.0,-177663946388.4443,0.0,0.0,0.0,-1.262177448353619e-18,-48060.04579957854,-1.2621774483536189e-26,-0.00048060045799578537,9.026567336007805e+23,1.007713122423026e+23,0.0,1.4160338499800469e+24,1482867232776.402,100771312242.30258,0.0,1416033849980.0466,0.0,0.0,0.0,0.0,995793808940.8599,0.0,0.0,0.0,664737370223.9851,100771312242.30246,0.0,1416033849980.0444,0.0,0.0,0.0,0.0,-177663946388.4443,0.0,0.0,0.0
0.86,-1,-1,1,-47898.65514941124,0.0,-0.00047898655149411235,0.0,8.965249512602886e+23,1.007713114427653e+23,0.0,1.4160338126277326e+24,1472794057921.8137,100771311442.76527,0.0,1416033812627.7322,998757911005.8525,0.0,0.0,0.0,0.0,0.0,0.0,0.0,664737350310.0831,100771311442.76509,0.0,1416033812627.73,-190701203394.12326,0.0,0.0,0.0,0.0,0.0,0.0,0.0,0.0,0.0,0.0,0.0,1000738170293.5756,7595840.2936694175,4.157074015624156e-65,326329.2430218726,0.0,0.0,0.0,0.0,996354221205.2476,255139.42412919775,7.66878579038465e-64,6020076.397547159,0.0,0.0,0.0,0.0,664737522005.5546,100777477279.20203,62589821.10579347,1416085399914.0024,0.0,0.0,0.0,0.0,1417278518794.6348,0.0,0.0,0.0,2.3282780674053356,0.0,0.0,0.0,-998757911005.8525,0.0,0.0,0.0,995753626427.9846,0.0,0.0,0.0,0.0,0.0,0.0,0.0,190701203394.12326,0.0,0.0,0.0,-187696918813.92712,0.0,0.0,0.0,-6.310887241768095e-19,-47898.655149409286,-6.3108872417680944e-27,-0.00047898655149409273,8.96524951261706e+23,1.007713114427653e+23,0.0,1.4160338126277326e+24,1472794057924.1418,100771311442.76527,0.0,1416033812627.7322,0.0,0.0,0.0,0.0,995753626427.9846,0.0,0.0,0.0,664737350310.0831,100771311442.76509,0.0,1416033812627.73,0.0,0.0,0.0,0.0,-187696918813.92712,0.0,0.0,0.0
0.88,-1,-1,1,-47724.9693372475,0.0,-0.0004772496933724749,0.0,8.899260337650113e+23,1.0077131052276562e+23,0.0,1.4160337723886827e+24,1461953482361.5925,100771310522.7656,0.0,1416033772388.6824,998651897266.1251,0.0,0.0,0.0,0.0,0.0,0.0,0.0,664737327836.798,100771310522.76549,0.0,1416033772388.6812,-201435742741.3303,0.0,0.0,0.0,0.0,0.0,0.0,0.0,0.0,0.0,0.0,0.0,1000744071156.3934,7596614.8282232005,4.144717750191556e-65,325359.1121622354,0.0,0.0,0.0,0.0,996348287258.8004,254304.80641080134,7.670021416981404e-64,6021046.522308018,0.0,0.0,0.0,0.0,664737522005.5536,100777477279.20181,62589821.105793424,1416085399914.0015,0.0,0.0,0.0,0.0,-2131346492487.1006,0.0,0.0,0.0,-3.501335289212875,0.0,0.0,0.0,-998651897266.1251,0.0,0.0,0.0,995712774544.656,0.0,0.0,0.0,0.0,0.0,0.0,0.0,201435742741.3303,0.0,0.0,0.0,-198496620023.3621,0.0,0.0,0.0,-1.262177448353619e-18,-47724.969337245886,-1.2621774483536189e-26,-0.0004772496933724588,8.899260337628809e+23,1.0077131052276562e+23,0.0,1.4160337723886827e+24,1461953482358.0928,100771310522.7656,0.0,1416033772388.6824,0.0,0.0,0.0,0.0,995712774544.656,0.0,0.0,0.0,664737327836.798,100771310522.76549,0.0,1416033772388.6812,0.0,0.0,0.0,0.0,-198496620023.3621,0.0,0.0,0.0
0.9,-1,-1,1,-47536.93019133993,0.0,-0.00047536930191339924,0.0,8.827817841975972e+23,1.0077130943861294e+23,0.0,1.4160337287097466e+24,1450217045694.2063,100771309438.61292,0.0,1416033728709.7463,998534603421.8036,0.0,0.0,0.0,0.0,0.0,0.0,0.0,664737302322.5623,100771309438.61275,0.0,1416033728709.7432,-213054860050.1593,0.0,0.0,0.0,0.0,0.0,0.0,0.0,0.0,0.0,0.0,0.0,1000747914105.292,7597505.720861187,4.132124391628454e-65,324370.37344127527,0.0,0.0,0.0,0.0,996344422718.6533,253372.58287742274,7.671280752892226e-64,6022035.254811066,0.0,0.0,0.0,0.0,664737522005.5542,100777477279.20189,62589821.10579344,1416085399914.0024,0.0,0.0,0.0,0.0,-4573183817685.415,0.0,0.0,0.0,-7.512738985125907,0.0,0.0,0.0,-998534603421.8036,0.0,0.0,0.0,995671098126.5708,0.0,0.0,0.0,0.0,0.0,0.0,0.0,213054860050.1593,0.0,0.0,0.0,-210191354762.43918,0.0,0.0,0.0,-6.310887241768095e-19,-47536.93019133827,-6.3108872417680944e-27,-0.0004753693019133827,8.827817841930243e+23,1.0077130943861294e+23,0.0,1.4160337287097466e+24,1450217045686.6938,100771309438.61292,0.0,1416033728709.7463,0.0,0.0,0.0,0.0,995671098126.5708,0.0,0.0,0.0,664737302322.5623,100771309438.61275,0.0,1416033728709.7432,0.0,0.0,0.0,0.0,-210191354762.43918,0.0,0.0,0.0
0.92,-1,-1,1,-47331.699630039315,0.0,-0.00047331699630039304,0.0,8.749843742359197e+23,1.0077130811790758e+23,0.0,1.4160336808305274e+24,1437407609612.5942,100771308117.90756,0.0,1416033680830.527,998403849510.1458,0.0,0.0,0.0,0.0,0.0,0.0,0.0,664737273102.7175,100771308117.90741,0.0,1416033680830.525,-225733513000.2696,0.0,0.0,0.0,0.0,0.0,0.0,0.0,0.0,0.0,0.0,0.0,1000749343207.7008,7598536.904866451,4.119180507218431e-65,323354.1210546141,0.0,0.0,0.0,0.0,996342985582.1482,252322.05996056367,7.672575141389249e-64,6023051.500804524,0.0,0.0,0.0,0.0,664737522005.5537,100777477279.20192,62589821.10579345,1416085399914.0017,0.0,0.0,0.0,0.0,-5984612445494.055,0.0,0.0,0.0,-9.831406963407062,0.0,0.0,0.0,-998403849510.1458,0.0,0.0,0.0,995628383122.0911,0.0,0.0,0.0,0.0,0.0,0.0,0.0,225733513000.2696,0.0,0.0,0.0,-222958046622.0465,0.0,0.0,0.0,-1.262177448353619e-18,-47331.69963003764,-1.2621774483536189e-26,-0.00047331699630037634,8.749843742299346e+23,1.0077130811790758e+23,0.0,1.4160336808305274e+24,1437407609602.762,100771308117.90756,0.0,1416033680830.527,0.0,0.0,0.0,0.0,995628383122.0911,0.0,0.0,0.0,664737273102.7175,100771308117.90741,0.0,1416033680830.525,0.0,0.0,0.0,0.0,-222958046622.0465,0.0,0.0,0.0
0.9400000000000001,-1,-1,1,-47105.31248714417,0.0,-0.0004710531248714416,0.0,8.663831538214989e+23,1.0077130643674096e+23,0.0,1.4160336276812012e+24,1423277689079.5103,100771306436.74094,0.0,1416033627681.201,998256595502.2306,0.0,0.0,0.0,0.0,0.0,0.0,0.0,664737239232.9722,100771306436.74075,0.0,1416033627681.1982,-239716145655.69452,0.0,0.0,0.0,0.0,0.0,0.0,0.0,0.0,0.0,0.0,0.0,1000747866899.2042,7599740.7534066625,4.105734745124317e-65,322298.47233579797,0.0,0.0,0.0,0.0,996344470205.8075,251125.3463073101,7.673919717656868e-64,6024107.142879884,0.0,0.0,0.0,0.0,664737522005.5537,100777477279.20181,62589821.10579346,1416085399914.0017,0.0,0.0,0.0,0.0,-6400445329010.884,0.0,0.0,0.0,-10.514529278152622,0.0,0.0,0.0,-998256595502.2306,0.0,0.0,0.0,995584324680.851,0.0,0.0,0.0,0.0,0.0,0.0,0.0,239716145655.69452,0.0,0.0,0.0,-237043874844.82974,0.0,0.0,0.0,-1.262177448353619e-18,-47105.3124871425,-1.2621774483536189e-26,-0.0004710531248714249,8.663831538150972e+23,1.0077130643674096e+23,0.0,1.4160336276812012e+24,1423277689068.994,100771306436.74094,0.0,1416033627681.201,0.0,0.0,0.0,0.0,995584324680.851,0.0,0.0,0.0,664737239232.9722,100771306436.74075,0.0,1416033627681.1982,0.0,0.0,0.0,0.0,-237043874844.82974,0.0,0.0,0.0
0.96,-1,-1,1,-46852.16449411897,0.0,-0.00046852164494118966,0.0,8.567651979028715e+23,1.0077130417742734e+23,0.0,1.4160335677238623e+24,1407477494889.2698,100771304177.42732,0.0,1416033567723.862,998088561851.0132,0.0,0.0,0.0,0.0,0.0,0.0,0.0,664737199334.0024,100771304177.42719,0.0,1416033567723.8591,-255348266295.74695,0.0,0.0,0.0,0.0,0.0,0.0,0.0,0.0,0.0,0.0,0.0,1000742807748.8411,7601161.023806414,4.091582590793308e-65,321187.37105539645,0.0,0.0,0.0,0.0,996349557789.969,249744.87257499844,7.675334933151248e-64,6025218.237165166,0.0,0.0,0.0,0.0,664737522005.5536,100777477279.20174,62589821.10579344,1416085399914.0024,0.0,0.0,0.0,0.0,-5835307609657.554,0.0,0.0,0.0,-9.586131832213141,0.0,0.0,0.0,-998088561851.0132,0.0,0.0,0.0,995538474481.7136,0.0,0.0,0.0,0.0,0.0,0.0,0.0,255348266295.74695,0.0,0.0,0.0,-252798178936.03308,0.0,0.0,0.0,-1.262177448353619e-18,-46852.16449411718,-1.2621774483536189e-26,-0.00046852164494117177,8.567651978970356e+23,1.0077130417742734e+23,0.0,1.4160335677238623e+24,1407477494879.6829,100771304177.42732,0.0,1416033567723.862,0.0,0.0,0.0,0.0,995538474481.7136,0.0,0.0,0.0,664737199334.0024,100771304177.42719,0.0,1416033567723.8591,0.0,0.0,0.0,0.0,-252798178936.03308,0.0,0.0,0.0
0.98,-1,-1,1,-46564.26566007874,0.0,-0.0004656426566007873,0.0,8.458269398806513e+23,1.0077130094984963e+23,0.0,1.4160334987052368e+24,1389508333633.3616,100771300949.84961,0.0,1416033498705.2363,997893686480.654,0.0,0.0,0.0,0.0,0.0,0.0,0.0,664737151338.842,100771300949.84947,0.0,1416033498705.2346,-273122504186.1351,0.0,0.0,0.0,0.0,0.0,0.0,0.0,0.0,0.0,0.0,0.0,1000733239617.665,7602856.351143854,4.076446371589393e-65,319999.0177058934,0.0,0.0,0.0,0.0,996359179509.6534,248130.4823551636,7.676848555137153e-64,6026406.583030149,0.0,0.0,0.0,0.0,664737522005.5537,100777477279.2019,62589821.10579345,1416085399914.0017,0.0,0.0,0.0,0.0,-4274827979719.5723,0.0,0.0,0.0,-7.022605715901591,0.0,0.0,0.0,-997893686480.654,0.0,0.0,0.0,995490153475.932,0.0,0.0,0.0,0.0,0.0,0.0,0.0,273122504186.1351,0.0,0.0,0.0,-270718971188.43582,0.0,0.0,0.0,-1.262177448353619e-18,-46564.26566007708,-1.2621774483536189e-26,-0.0004656426566007707,8.458269398763762e+23,1.0077130094984963e+23,0.0,1.4160334987052368e+24,1389508333626.3384,100771300949.84961,0.0,1416033498705.2363,0.0,0.0,0.0,0.0,995490153475.932,0.0,0.0,0.0,664737151338.842,100771300949.84947,0.0,1416033498705.2346,0.0,0.0,0.0,0.0,-270718971188.43582,0.0,0.0,0.0
1.0,-1,-1,1,-46230.168013240385,0.0,-0.0004623016801324038,0.0,8.331334330115942e+23,1.0077129604483598e+23,0.0,1.4160334172694617e+24,1368655683113.5332,100771296044.83595,0.0,1416033417269.4614,997663363659.5575,0.0,0.0,0.0,0.0,0.0,0.0,0.0,664737092078.2415,100771296044.83578,0.0,1416033417269.4587,-293744772624.26666,0.0,0.0,0.0,0.0,0.0,0.0,0.0,0.0,0.0,0.0,0.0,1000717916322.0195,7604903.827732167,4.059950631536636e-65,318703.93636607716,0.0,0.0,0.0,0.0,996374588131.5336,246216.5242202731,7.678498129213834e-64,6027701.65620966,0.0,0.0,0.0,0.0,664737522005.5532,100777477279.2017,62589821.105793424,1416085399914.0012,0.0,0.0,0.0,0.0,-1686494728435.423,0.0,0.0,0.0,-2.7705413120565936,0.0,0.0,0.0,-997663363659.5575,0.0,0.0,0.0,995438307587.5133,0.0,0.0,0.0,0.0,0.0,0.0,0.0,293744772624.26666,0.0,0.0,0.0,-291519716554.9927,0.0,0.0,0.0,-1.262177448353619e-18,-46230.16801323879,-1.2621774483536189e-26,-0.00046230168013238783,8.331334330099077e+23,1.0077129604483598e+23,0.0,1.4160334172694617e+24,1368655683110.7625,100771296044.83595,0.0,1416033417269.4614,0.0,0.0,0.0,0.0,995438307587.5133,0.0,0.0,0.0,664737092078.2415,100771296044.83578,0.0,1416033417269.4587,0.0,0.0,0.0,0.0,-291519716554.9927,0.0,0.0,0.0
1.02,-1,-1,1,-45833.449186645485,0.0,-0.00045833449186645476,0.0,8.180607369686858e+23,1.0077128816044292e+23,0.0,1.4160333183465597e+24,1343894546083.6592,100771288160.44289,0.0,1416033318346.5593,997385400078.9066,0.0,0.0,0.0,0.0,0.0,0.0,0.0,664737016591.8972,100771288160.44276,0.0,1416033318346.5562,-318227870587.1455,0.0,0.0,0.0,0.0,0.0,0.0,0.0,0.0,0.0,0.0,0.0,1000695203568.4005,7607401.596335874,4.041594593792978e-65,317262.81302502635,0.0,0.0,0.0,0.0,996397426243.7151,243919.91565433634,7.680333733067665e-64,6029142.77046583,0.0,0.0,0.0,0.0,664737522005.5552,100777477279.20213,62589821.10579347,1416085399914.0027,0.0,0.0,0.0,0.0,1978519125289.9436,0.0,0.0,0.0,3.2502734108129516,0.0,0.0,0.0,-997385400078.9066,0.0,0.0,0.0,995381270697.2971,0.0,0.0,0.0,0.0,0.0,0.0,0.0,318227870587.1455,0.0,0.0,0.0,-316223741202.285,0.0,0.0,0.0,-6.310887241768095e-19,-45833.44918664377,-6.3108872417680944e-27,-0.00045833449186643763,8.180607369706645e+23,1.0077128816044292e+23,0.0,1.4160333183465597e+24,1343894546086.9097,100771288160.44289,0.0,1416033318346.5593,0.0,0.0,0.0,0.0,995381270697.2971,0.0,0.0,0.0,664737016591.8972,100771288160.44276,0.0,1416033318346.5562,0.0,0.0,0.0,0.0,-316223741202.285,0.0,0.0,0.0
1.04,-1,-1,1,-45350.58753484694,0.0,-0.00045350587534846937,0.0,7.99715186866558e+23,1.0077127488929272e+23,0.0,1.4160331941704177e+24,1313756826947.4114,100771274889.2927,0.0,1416033194170.4175,997042604420.2784,0.0,0.0,0.0,0.0,0.0,0.0,0.0,664736916964.7723,100771274889.29253,0.0,1416033194170.415,-348022694437.64087,0.0,0.0,0.0,0.0,0.0,0.0,0.0,0.0,0.0,0.0,0.0,1000663036489.0103,7610468.548948282,4.0207260164984315e-65,315624.4434302495,0.0,0.0,0.0,0.0,996429768588.932,241140.890793261,7.68242059088745e-64,6030781.1297266865,0.0,0.0,0.0,0.0,664737522005.5547,100777477279.20193,62589821.10579345,1416085399914.003,0.0,0.0,0.0,0.0,6815297966116.078,0.0,0.0,0.0,11.19604126282502,0.0,0.0,0.0,-997042604420.2784,0.0,0.0,0.0,995316379424.6849,0.0,0.0,0.0,0.0,0.0,0.0,0.0,348022694437.64087,0.0,0.0,0.0,-346296469430.8515,0.0,0.0,0.0,-6.310887241768095e-19,-45350.58753484541,-6.3108872417680944e-27,-0.00045350587534845403,7.997151868733728e+23,1.0077127488929272e+23,0.0,1.4160331941704177e+24,1313756826958.6067,100771274889.2927,0.0,1416033194170.4175,0.0,0.0,0.0,0.0,995316379424.6849,0.0,0.0,0.0,664736916964.7723,100771274889.29253,0.0,1416033194170.415,0.0,0.0,0.0,0.0,-346296469430.8515,0.0,0.0,0.0
1.06,-1,-1,1,-44747.972359433006,0.0,-0.00044747972359433,0.0,7.768198026570319e+23,1.0077125175145675e+23,0.0,1.4160330326578555e+24,1276144727283.8997,100771251751.45673,0.0,1416033032657.8552,996610878178.991,0.0,0.0,0.0,0.0,0.0,0.0,0.0,664736780314.1025,100771251751.45663,0.0,1416033032657.8528,-385202931209.1944,0.0,0.0,0.0,0.0,0.0,0.0,0.0,0.0,0.0,0.0,0.0,1000618936017.4979,7614238.318062491,3.996524471380679e-65,313724.4208563895,0.0,0.0,0.0,0.0,996474105017.9749,237768.9486144232,7.684840745503986e-64,6032681.140308775,0.0,0.0,0.0,0.0,664737522005.5536,100777477279.20187,62589821.10579345,1416085399914.0012,0.0,0.0,0.0,0.0,12990571932014.037,0.0,0.0,0.0,21.340663328533992,0.0,0.0,0.0,-996610878178.991,0.0,0.0,0.0,995239354756.3363,0.0,0.0,0.0,0.0,0.0,0.0,0.0,385202931209.1944,0.0,0.0,0.0,-383831407765.1998,0.0,0.0,0.0,-1.8932661725304287e-18,-44747.97235943148,-1.8932661725304283e-26,-0.0004474797235943147,7.768198026700224e+23,1.0077125175145675e+23,0.0,1.4160330326578555e+24,1276144727305.2402,100771251751.45673,0.0,1416033032657.8552,0.0,0.0,0.0,0.0,995239354756.3363,0.0,0.0,0.0,664736780314.1025,100771251751.45663,0.0,1416033032657.8528,0.0,0.0,0.0,0.0,-383831407765.1998,0.0,0.0,0.0
1.08,-1,-1,1,-43977.61138778039,0.0,-0.00043977611387780385,0.0,7.475512037734228e+23,1.0077121034738705e+23,0.0,1.4160328146338706e+24,1228062832341.7908,100771210347.38702,0.0,1416032814633.87,996056565854.0312,0.0,0.0,0.0,0.0,0.0,0.0,0.0,664736585203.5175,100771210347.38689,0.0,1416032814633.8682,-432730318715.7604,0.0,0.0,0.0,0.0,0.0,0.0,0.0,0.0,0.0,0.0,0.0,1000560124599.1909,7618843.999302441,3.968007769463816e-65,311485.6412453847,0.0,0.0,0.0,0.0,996533223319.0524,233697.19431815066,7.687692415819107e-64,6034919.905779691,0.0,0.0,0.0,0.0,664737522005.5531,100777477279.20181,62589821.10579344,1416085399914.0015,0.0,0.0,0.0,0.0,20776503447369.19,0.0,0.0,0.0,34.13124283787329,0.0,0.0,0.0,-996056565854.0312,0.0,0.0,0.0,995143321840.38,0.0,0.0,0.0,0.0,0.0,0.0,0.0,432730318715.7604,0.0,0.0,0.0,-431817074667.9767,0.0,0.0,0.0,-6.310887241768095e-19,-43977.611387778714,-6.3108872417680944e-27,-0.0004397761138777871,7.475512037941981e+23,1.0077121034738705e+23,0.0,1.4160328146338706e+24,1228062832375.9202,100771210347.38702,0.0,1416032814633.87,0.0,0.0,0.0,0.0,995143321840.38,0.0,0.0,0.0,664736585203.5175,100771210347.38689,0.0,1416032814633.8682,0.0,0.0,0.0,0.0,-431817074667.9767,0.0,0.0,0.0
1.1,-1,-1,1,-42970.78407695946,0.0,-0.00042970784076959455,0.0,7.092984807354769e+23,1.0077113476988875e+23,0.0,1.4160325088902676e+24,1165221989919.7056,100771134769.88872,0.0,1416032508890.2673,995332621529.891,0.0,0.0,0.0,0.0,0.0,0.0,0.0,664736295049.2725,100771134769.8886,0.0,1416032508890.2651,-494846926659.45776,0.0,0.0,0.0,0.0,0.0,0.0,0.0,0.0,0.0,0.0,0.0,1000483782577.6105,7624389.522855768,3.9340859791128785e-65,308822.54472692875,0.0,0.0,0.0,0.0,996609950433.7838,228848.76542327015,7.691084595001061e-64,6037582.985463635,0.0,0.0,0.0,0.0,664737522005.554,100777477279.20203,62589821.105793454,1416085399914.0027,0.0,0.0,0.0,0.0,30505536250436.086,0.0,0.0,0.0,50.11391201126389,0.0,0.0,0.0,-995332621529.891,0.0,0.0,0.0,995017275451.0879,0.0,0.0,0.0,0.0,0.0,0.0,0.0,494846926659.45776,0.0,0.0,0.0,-494531580530.54095,0.0,0.0,0.0,-6.310887241768095e-19,-42970.78407695789,-6.3108872417680944e-27,-0.00042970784076957883,7.092984807659826e+23,1.0077113476988875e+23,0.0,1.4160325088902676e+24,1165221989969.8196,100771134769.88872,0.0,1416032508890.2673,0.0,0.0,0.0,0.0,995017275451.0879,0.0,0.0,0.0,664736295049.2725,100771134769.8886,0.0,1416032508890.2651,0.0,0.0,0.0,0.0,-494531580530.54095,0.0,0.0,0.0
1.12,-1,-1,1,-41628.41972683978,0.0,-0.0004162841972683977,0.0,6.582976352842888e+23,1.0077099449555749e+23,0.0,1.4160320630562338e+24,1081438775605.4718,100770994495.55746,0.0,1416032063056.2334,994372840608.0027,0.0,0.0,0.0,0.0,0.0,0.0,0.0,664735845618.9586,100770994495.55733,0.0,1416032063056.232,-577669910621.4894,0.0,0.0,0.0,0.0,0.0,0.0,0.0,0.0,0.0,0.0,0.0,1000387480649.866,7630903.064224751,3.8937097806641904e-65,305652.7629117918,0.0,0.0,0.0,0.0,996706716771.6868,223219.58752423184,7.695122215020713e-64,6040752.747220761,0.0,0.0,0.0,0.0,664737522005.5535,100777477279.20184,62589821.10579342,1416085399914.001,0.0,0.0,0.0,0.0,42502700313024.234,0.0,0.0,0.0,69.82262387528317,0.0,0.0,0.0,-994372840608.0027,0.0,0.0,0.0,994843710360.8889,0.0,0.0,0.0,0.0,0.0,0.0,0.0,577669910621.4894,0.0,0.0,0.0,-578140780304.553,0.0,0.0,0.0,-1.262177448353619e-18,-41628.41972683832,-1.2621774483536189e-26,-0.0004162841972683831,6.582976353267918e+23,1.0077099449555749e+23,0.0,1.4160320630562338e+24,1081438775675.2948,100770994495.55746,0.0,1416032063056.2334,0.0,0.0,0.0,0.0,994843710360.8889,0.0,0.0,0.0,664735845618.9586,100770994495.55733,0.0,1416032063056.232,0.0,0.0,0.0,0.0,-578140780304.553,0.0,0.0,0.0
1.1400000000000001,-1,-1,1,-39806.34728840584,0.0,-0.00039806347288405834,0.0,5.890711874153179e+23,1.0077073001781485e+23,0.0,1.4160313861859184e+24,967714889918.7102,100770730017.81482,0.0,1416031386185.918,993082982261.5995,0.0,0.0,0.0,0.0,0.0,0.0,0.0,664735120671.1119,100770730017.81467,0.0,1416031386185.9155,-690103213014.0023,0.0,0.0,0.0,0.0,0.0,0.0,0.0,0.0,0.0,0.0,0.0,1000269807428.2642,7638267.077666393,3.846202724806818e-65,301923.20272733096,0.0,0.0,0.0,0.0,996824925120.3257,216942.62112490262,7.699872920812095e-64,6044482.2837765,0.0,0.0,0.0,0.0,664737522005.554,100777477279.20198,62589821.105793476,1416085399914.0022,0.0,0.0,0.0,0.0,56964157251704.74,0.0,0.0,0.0,93.57962898511323,0.0,0.0,0.0,-993082982261.5995,0.0,0.0,0.0,994595025459.8562,0.0,0.0,0.0,0.0,0.0,0.0,0.0,690103213014.0023,0.0,0.0,0.0,-691615256118.6791,0.0,0.0,0.0,-1.262177448353619e-18,-39806.347288404366,-1.2621774483536189e-26,-0.00039806347288404365,5.89071187472282e+23,1.0077073001781485e+23,0.0,1.4160313861859184e+24,967714890012.2898,100770730017.81482,0.0,1416031386185.918,0.0,0.0,0.0,0.0,994595025459.8562,0.0,0.0,0.0,664735120671.1119,100770730017.81467,0.0,1416031386185.9155,0.0,0.0,0.0,0.0,-691615256118.6791,0.0,0.0,0.0
1.16,-1,-1,1,-37292.75803946683,0.0,-0.00037292758039466825,0.0,4.93571940941178e+23,1.0077022328042225e+23,0.0,1.416030314626611e+24,810830552739.4667,100770223280.42223,0.0,1416030314626.6108,991327047117.3273,0.0,0.0,0.0,0.0,0.0,0.0,0.0,664733903346.7341,100770223280.42207,0.0,1416030314626.6096,-845230397724.5956,0.0,0.0,0.0,0.0,0.0,0.0,0.0,0.0,0.0,0.0,0.0,1000131168356.5347,7646118.622412004,3.7919361938395165e-65,297663.0317749131,0.0,0.0,0.0,0.0,996964149037.042,210380.02751557325,7.705299574143725e-64,6048742.427700872,0.0,0.0,0.0,0.0,664737522005.5538,100777477279.20181,62589821.10579344,1416085399914.0024,0.0,0.0,0.0,0.0,73829877606643.48,0.0,0.0,0.0,121.28631209126252,0.0,0.0,0.0,-991327047117.3273,0.0,0.0,0.0,994228191684.2231,0.0,0.0,0.0,0.0,0.0,0.0,0.0,845230397724.5956,0.0,0.0,0.0,-848131542170.2039,0.0,0.0,0.0,-1.262177448353619e-18,-37292.7580394656,-1.2621774483536189e-26,-0.000372927580394656,4.93571941015008e+23,1.0077022328042225e+23,0.0,1.416030314626611e+24,810830552860.7533,100770223280.42223,0.0,1416030314626.6108,0.0,0.0,0.0,0.0,994228191684.2231,0.0,0.0,0.0,664733903346.7341,100770223280.42207,0.0,1416030314626.6096,0.0,0.0,0.0,0.0,-848131542170.2039,0.0,0.0,0.0
1.18,-1,-1,1,-33774.21423470451,0.0,-0.000337742142347045,0.0,3.598916103446386e+23,1.0076923592314748e+23,0.0,1.416028543515237e+24,591223060179.6244,100769235923.14746,0.0,1416028543515.2368,988906232182.8782,0.0,0.0,0.0,0.0,0.0,0.0,0.0,664731777237.4813,100769235923.14731,0.0,1416028543515.2354,-1062414949240.7347,0.0,0.0,0.0,0.0,0.0,0.0,0.0,0.0,0.0,0.0,0.0,999974637630.0295,7653713.17225666,3.733592882080155e-65,293082.86020340235,0.0,0.0,0.0,0.0,997121280792.0157,204251.0325921073,7.711133905572229e-64,6053322.57016954,0.0,0.0,0.0,0.0,664737522005.5538,100777477279.20193,62589821.10579347,1416085399914.0015,0.0,0.0,0.0,0.0,92706963576828.1,0.0,0.0,0.0,152.29722819424933,0.0,0.0,0.0,-988906232182.8782,0.0,0.0,0.0,993677066014.8143,0.0,0.0,0.0,0.0,0.0,0.0,0.0,1062414949240.7347,0.0,0.0,0.0,-1067185782920.3738,0.0,0.0,0.0,-1.8932661725304287e-18,-33774.21423470323,-1.8932661725304283e-26,-0.0003377421423470322,3.5989161043734564e+23,1.0076923592314748e+23,0.0,1.416028543515237e+24,591223060331.9218,100769235923.14746,0.0,1416028543515.2368,0.0,0.0,0.0,0.0,993677066014.8143,0.0,0.0,0.0,664731777237.4813,100769235923.14731,0.0,1416028543515.2354,0.0,0.0,0.0,0.0,-1067185782920.3738,0.0,0.0,0.0
1.2,-1,-1,1,-28785.27420428503,0.0,-0.00028785274204285024,0.0,1.7034706359171248e+23,1.0076727889804025e+23,0.0,1.4160254865682886e+24,279842900846.8985,100767278898.04024,0.0,1416025486568.2883,985527126330.0645,0.0,0.0,0.0,0.0,0.0,0.0,0.0,664727921891.296,100767278898.04012,0.0,1416025486568.285,-1370412147374.463,0.0,0.0,0.0,0.0,0.0,0.0,0.0,0.0,0.0,0.0,0.0,999806596964.0913,7659744.738087582,3.6783298026758414e-65,288744.53092902934,0.0,0.0,0.0,0.0,997289896728.7932,199805.10115870132,7.716660213751885e-64,6057660.871835645,0.0,0.0,0.0,0.0,664737522005.5533,100777477279.20204,62589821.10579344,1416085399914.0007,0.0,0.0,0.0,0.0,112924313128474.84,0.0,0.0,0.0,185.50990369729698,0.0,0.0,0.0,-985527126330.0645,0.0,0.0,0.0,992841627360.987,0.0,0.0,0.0,0.0,0.0,0.0,0.0,1370412147374.463,0.0,0.0,0.0,-1377726648219.872,0.0,0.0,0.0,-6.310887241768095e-19,-28785.27420428397,-6.3108872417680944e-27,-0.00028785274204283967,1.7034706370463667e+23,1.0076727889804025e+23,0.0,1.4160254865682886e+24,279842901032.4082,100767278898.04024,0.0,1416025486568.2883,0.0,0.0,0.0,0.0,992841627360.987,0.0,0.0,0.0,664727921891.296,100767278898.04012,0.0,1416025486568.285,0.0,0.0,0.0,0.0,-1377726648219.872,0.0,0.0,0.0
1.22,-1,-1,1,-21635.1611129615,0.0,-0.00021635161112961497,0.0,-1.0130544686550708e+23,1.0076333535088444e+23,0.0,1.416019984799318e+24,-166422652229.4692,100763335350.88441,0.0,1416019984799.3176,980754533361.344,0.0,0.0,0.0,0.0,0.0,0.0,0.0,664720685517.4855,100763335350.88428,0.0,1416019984799.3154,-1811897871108.2983,0.0,0.0,0.0,0.0,0.0,0.0,0.0,0.0,0.0,0.0,0.0,999636774295.272,7662112.274828794,3.6411198327394265e-65,285823.41955571045,0.0,0.0,0.0,0.0,997460227223.4281,199054.2816670316,7.720381210906602e-64,6060581.964598125,0.0,0.0,0.0,0.0,664737522005.5548,100777477279.20193,62589821.105793476,1416085399914.0027,0.0,0.0,0.0,0.0,133793097864145.92,0.0,0.0,0.0,219.7927444721572,0.0,0.0,0.0,-980754533361.344,0.0,0.0,0.0,991573199005.478,0.0,0.0,0.0,0.0,0.0,0.0,0.0,1811897871108.2983,0.0,0.0,0.0,-1822716536532.6377,0.0,0.0,0.0,-6.310887241768095e-19,-21635.161112960788,-6.3108872417680944e-27,-0.00021635161112960785,-1.0130544673171406e+23,1.0076333535088444e+23,0.0,1.416019984799318e+24,-166422652009.6766,100763335350.88441,0.0,1416019984799.3176,0.0,0.0,0.0,0.0,991573199005.478,0.0,0.0,0.0,664720685517.4855,100763335350.88428,0.0,1416019984799.3154,0.0,0.0,0.0,0.0,-1822716536532.6377,0.0,0.0,0.0
1.24,-1,-1,1,-11302.598425140646,0.0,-0.00011302598425140643,0.0,-4.9386512770345186e+23,1.0075526990554379e+23,0.0,1.4160096953924137e+24,-811312194349.9219,100755269905.54376,0.0,1416009695392.4133,973942907449.3995,0.0,0.0,0.0,0.0,0.0,0.0,0.0,664706686561.948,100755269905.54367,0.0,1416009695392.4111,-2449961788361.273,0.0,0.0,0.0,0.0,0.0,0.0,0.0,0.0,0.0,0.0,0.0,999477374802.6947,7657613.729184764,3.6493563015317616e-65,286469.88129372854,0.0,0.0,0.0,0.0,997620036145.3853,205086.84602491776,7.719557563991701e-64,6059935.506987087,0.0,0.0,0.0,0.0,664737522005.5537,100777477279.20177,62589821.10579346,1416085399914.002,0.0,0.0,0.0,0.0,154939982498257.16,0.0,0.0,0.0,254.53244244586676,0.0,0.0,0.0,-973942907449.3995,0.0,0.0,0.0,989654177803.1875,0.0,0.0,0.0,0.0,0.0,0.0,0.0,2449961788361.273,0.0,0.0,0.0,-2465673058460.524,0.0,0.0,0.0,-1.8932661725304287e-18,-11302.598425140275,-1.8932661725304283e-26,-0.00011302598425140273,-4.938651275485122e+23,1.0075526990554379e+23,0.0,1.4160096953924137e+24,-811312194095.39,100755269905.54376,0.0,1416009695392.4133,0.0,0.0,0.0,0.0,989654177803.1875,0.0,0.0,0.0,664706686561.948,100755269905.54367,0.0,1416009695392.4111,0.0,0.0,0.0,0.0,-2465673058460.524,0.0,0.0,0.0
1.26,-1,-1,1,3713.379058936159,0.0,3.713379058936158e-05,0.0,-1.0643533138263224e+24,1.007385695684206e+23,0.0,1.4159898029381313e+24,-1748499284854.4653,100738569568.42058,0.0,1415989802938.1309,964138646408.2406,0.0,0.0,0.0,0.0,0.0,0.0,0.0,664678920789.7732,100738569568.42046,0.0,1415989802938.1282,-3377316852052.481,0.0,0.0,0.0,0.0,0.0,0.0,0.0,0.0,0.0,0.0,0.0,999341389003.411,7641539.665306845,3.748482189105509e-65,294251.1378808956,0.0,0.0,0.0,0.0,997756319799.3785,222490.42144209106,7.70964497480524e-64,6052154.2999412455,0.0,0.0,0.0,0.0,664737522005.5542,100777477279.20193,62589821.105793454,1416085399914.0022,0.0,0.0,0.0,0.0,176588803321414.94,0.0,0.0,0.0,290.096711599268,0.0,0.0,0.0,-964138646408.2406,0.0,0.0,0.0,986769732151.2521,0.0,0.0,0.0,0.0,0.0,0.0,0.0,3377316852052.481,0.0,0.0,0.0,-3399947937505.394,0.0,0.0,0.0,-1.262177448353619e-18,3713.379058936059,-1.2621774483536189e-26,3.7133790589360584e-05,-1.0643533136497337e+24,1.007385695684206e+23,0.0,1.4159898029381313e+24,-1748499284564.3687,100738569568.42058,0.0,1415989802938.1309,0.0,0.0,0.0,0.0,986769732151.2521,0.0,0.0,0.0,664678920789.7732,100738569568.42046,0.0,1415989802938.1282,0.0,0.0,0.0,0.0,-3399947937505.394,0.0,0.0,0.0
1.28,-1,-1,1,25603.117410706232,0.0,0.0002560311741070623,0.0,-1.8959771364163957e+24,1.0070366670258052e+23,0.0,1.4159502987907496e+24,-3114675008815.197,100703666702.58049,0.0,1415950298790.7493,949943235563.4703,0.0,0.0,0.0,0.0,0.0,0.0,0.0,664622779785.3945,100703666702.58037,0.0,1415950298790.7473,-4729241024164.0625,0.0,0.0,0.0,0.0,0.0,0.0,0.0,0.0,0.0,0.0,0.0,999240662378.3286,7607155.161787394,4.008044665125215e-65,314626.5713723928,0.0,0.0,0.0,0.0,997857236519.4877,257891.44831219435,7.683688726079659e-64,6031778.995527424,0.0,0.0,0.0,0.0,664737522005.5549,100777477279.20206,62589821.105793476,1416085399914.003,0.0,0.0,0.0,0.0,199503479508262.8,0.0,0.0,0.0,327.7405037544668,0.0,0.0,0.0,-949943235563.4703,0.0,0.0,0.0,982467575464.633,0.0,0.0,0.0,0.0,0.0,0.0,0.0,4729241024164.0625,0.0,0.0,0.0,-4761765363737.485,0.0,0.0,0.0,-6.310887241768095e-19,25603.117410705334,-6.3108872417680944e-27,0.0002560311741070533,-1.895977136216893e+24,1.0070366670258052e+23,0.0,1.4159502987907496e+24,-3114675008487.4575,100703666702.58049,0.0,1415950298790.7493,0.0,0.0,0.0,0.0,982467575464.633,0.0,0.0,0.0,664622779785.3945,100703666702.58037,0.0,1415950298790.7473,0.0,0.0,0.0,0.0,-4761765363737.485,0.0,0.0,0.0
1.3,-1,-1,1,57537.23364819386,0.0,0.0005753723364819386,0.0,-3.109174537380585e+24,1.0063027466252899e+23,0.0,1.415870252016332e+24,-5107692515706.075,100630274662.52896,0.0,1415870252016.3315,929324671089.5151,0.0,0.0,0.0,0.0,0.0,0.0,0.0,664507721519.804,100630274662.52884,0.0,1415870252016.3293,-6701524908315.401,0.0,0.0,0.0,0.0,0.0,0.0,0.0,0.0,0.0,0.0,0.0,999184434336.1223,7545156.282256375,4.526955452668247e-65,355360.69145673537,0.0,0.0,0.0,0.0,997913559345.1339,320518.91615242924,7.631797645079096e-64,5991045.130718013,0.0,0.0,0.0,0.0,664737522005.5537,100777477279.20186,62589821.10579345,1416085399914.002,0.0,0.0,0.0,0.0,223856691427339.0,0.0,0.0,0.0,367.7474949210882,0.0,0.0,0.0,-929324671089.5151,0.0,0.0,0.0,976100964508.0165,0.0,0.0,0.0,0.0,0.0,0.0,0.0,6701524908315.401,0.0,0.0,0.0,-6748301201366.149,0.0,0.0,0.0,-1.262177448353619e-18,57537.23364819161,-1.2621774483536189e-26,0.0005753723364819161,-3.109174537156733e+24,1.0063027466252899e+23,0.0,1.415870252016332e+24,-5107692515338.335,100630274662.52896,0.0,1415870252016.3315,0.0,0.0,0.0,0.0,976100964508.0165,0.0,0.0,0.0,664507721519.804,100630274662.52884,0.0,1415870252016.3293,0.0,0.0,0.0,0.0,-6748301201366.149,0.0,0.0,0.0
1.32,-1,-1,1,104061.25506702614,0.0,0.0010406125506702611,0.0,-4.876593482101129e+24,1.0047549239237064e+23,0.0,1.4157058173441187e+24,-8011174583866.737,100475492392.37062,0.0,1415705817344.1184,899362988637.319,0.0,0.0,0.0,0.0,0.0,0.0,0.0,664270010690.3813,100475492392.37051,0.0,1415705817344.1157,-9574807583194.436,0.0,0.0,0.0,0.0,0.0,0.0,0.0,0.0,0.0,0.0,0.0,999178583519.9556,7443430.337265928,5.43499222292614e-65,426641.02908185194,0.0,0.0,0.0,0.0,997919419449.2343,422461.48233429325,7.540993964122594e-64,5919765.230913998,0.0,0.0,0.0,0.0,664737522005.5549,100777477279.20212,62589821.10579343,1416085399914.0022,0.0,0.0,0.0,0.0,246358501423992.3,0.0,0.0,0.0,404.7130383886397,0.0,0.0,0.0,-899362988637.319,0.0,0.0,0.0,966750190339.2638,0.0,0.0,0.0,0.0,0.0,0.0,0.0,9574807583194.436,0.0,0.0,0.0,-9642194784491.656,0.0,0.0,0.0,-1.262177448353619e-18,104061.25506702258,-1.2621774483536189e-26,0.0010406125506702256,-4.876593481854771e+24,1.0047549239237064e+23,0.0,1.4157058173441187e+24,-8011174583462.023,100475492392.37062,0.0,1415705817344.1184,0.0,0.0,0.0,0.0,966750190339.2638,0.0,0.0,0.0,664270010690.3813,100475492392.37051,0.0,1415705817344.1157,0.0,0.0,0.0,0.0,-9642194784491.656,0.0,0.0,0.0
1.34,-1,-1,1,171613.21956145676,0.0,0.0017161321956145673,0.0,-7.442727264988554e+24,1.0014909271544627e+23,0.0,1.415365377652472e+24,-12226770125246.994,100149092715.44624,0.0,1415365377652.4717,855917365989.4174,0.0,0.0,0.0,0.0,0.0,0.0,0.0,663777467510.8351,100149092715.44608,0.0,1415365377652.4697,-13746464958747.252,0.0,0.0,0.0,0.0,0.0,0.0,0.0,0.0,0.0,0.0,0.0,999225186783.3639,7287850.439523619,6.883880526532483e-65,540378.1008206367,0.0,0.0,0.0,0.0,997872738626.9303,577889.9488919148,7.396105127489983e-64,5806028.834375868,0.0,0.0,0.0,0.0,664737522005.5538,100777477279.20193,62589821.10579343,1416085399914.0015,0.0,0.0,0.0,0.0,258728283691644.28,0.0,0.0,0.0,425.0338803194463,0.0,0.0,0.0,-855917365989.4174,0.0,0.0,0.0,953119165893.8817,0.0,0.0,0.0,0.0,0.0,0.0,0.0,13746464958747.252,0.0,0.0,0.0,-13843666758226.67,0.0,0.0,0.0,-1.8932661725304287e-18,171613.2195614516,-1.8932661725304283e-26,0.001716132195614516,-7.442727264729824e+24,1.0014909271544627e+23,0.0,1.415365377652472e+24,-12226770124821.957,100149092715.44624,0.0,1415365377652.4717,0.0,0.0,0.0,0.0,953119165893.8817,0.0,0.0,0.0,663777467510.8351,100149092715.44608,0.0,1415365377652.4697,0.0,0.0,0.0,0.0,-13843666758226.67,0.0,0.0,0.0
1.36,-1,-1,1,269175.0318482875,0.0,0.0026917503184828748,0.0,-1.1148600107851626e+25,9.946291708891117e+22,0.0,1.4146587169330285e+24,-18314707214683.258,99462917088.91115,0.0,1414658716933.028,793207797371.9485,0.0,0.0,0.0,0.0,0.0,0.0,0.0,662758871523.704,99462917088.91103,0.0,1414658716933.0261,-19770673883578.914,0.0,0.0,0.0,0.0,0.0,0.0,0.0,0.0,0.0,0.0,0.0,999321886767.1212,7065199.414699835,9.017205417946146e-65,707843.5066035507,0.0,0.0,0.0,0.0,997775860041.9227,800148.0235855045,7.182772629113854e-64,5638564.370394626,0.0,0.0,0.0,0.0,664737522005.5535,100777477279.20187,62589821.10579342,1416085399914.0012,0.0,0.0,0.0,0.0,252898488402595.8,0.0,0.0,0.0,415.45680402219296,0.0,0.0,0.0,-793207797371.9485,0.0,0.0,0.0,933405586391.0646,0.0,0.0,0.0,0.0,0.0,0.0,0.0,19770673883578.914,0.0,0.0,0.0,-19910871672182.555,0.0,0.0,0.0,-1.262177448353619e-18,269175.0318482788,-1.2621774483536189e-26,0.002691750318482788,-1.114860010759873e+25,9.946291708891117e+22,0.0,1.4146587169330285e+24,-18314707214267.805,99462917088.91115,0.0,1414658716933.028,0.0,0.0,0.0,0.0,933405586391.0646,0.0,0.0,0.0,662758871523.704,99462917088.91103,0.0,1414658716933.0261,0.0,0.0,0.0,0.0,-19910871672182.555,0.0,0.0,0.0
1.3800000000000001,-1,-1,1,409071.45636006765,0.0,0.004090714563600676,0.0,-1.6461999427715222e+25,9.802892933665547e+22,0.0,1.4131947398952798e+24,-27043458081750.777,98028929336.65544,0.0,1413194739895.2795,703303368639.6592,0.0,0.0,0.0,0.0,0.0,0.0,0.0,660665780416.6553,98028929336.6553,0.0,1413194739895.2778,-28407427230807.117,0.0,0.0,0.0,0.0,0.0,0.0,0.0,0.0,0.0,0.0,0.0,999461179415.0221,6768971.8183457125,1.1911088768297578e-64,935013.1402228151,0.0,0.0,0.0,0.0,997636267959.395,1095945.83475161,6.893384281551625e-64,5411395.914678339,0.0,0.0,0.0,0.0,664737522005.5533,100777477279.20172,62589821.10579345,1416085399914.0022,0.0,0.0,0.0,0.0,227946244724430.03,0.0,0.0,0.0,374.46573492884636,0.0,0.0,0.0,-703303368639.6592,0.0,0.0,0.0,905142029400.8894,0.0,0.0,0.0,0.0,0.0,0.0,0.0,28407427230807.117,0.0,0.0,0.0,-28609265891193.84,0.0,0.0,0.0,-1.262177448353619e-18,409071.4563600521,-1.2621774483536189e-26,0.00409071456360052,-1.6461999427487296e+25,9.802892933665547e+22,0.0,1.4131947398952798e+24,-27043458081376.348,98028929336.65544,0.0,1413194739895.2795,0.0,0.0,0.0,0.0,905142029400.8894,0.0,0.0,0.0,660665780416.6553,98028929336.6553,0.0,1413194739895.2778,0.0,0.0,0.0,0.0,-28609265891193.84,0.0,0.0,0.0
1.4000000000000001,-1,-1,1,608013.049912431,0.0,0.00608013049912431,0.0,-2.4016853394024926e+25,9.50564327474977e+22,0.0,1.4101782103199716e+24,-39454427809259.84,95056432747.49768,0.0,1410178210319.9714,575457680534.044,0.0,0.0,0.0,0.0,0.0,0.0,0.0,656406858492.1715,95056432747.49753,0.0,1410178210319.9705,-40686292348286.06,0.0,0.0,0.0,0.0,0.0,0.0,0.0,0.0,0.0,0.0,0.0,999630558296.3044,6406658.9435420865,1.5498860868850588e-64,1216653.9239184302,0.0,0.0,0.0,0.0,997466457812.908,1458025.7755921667,6.534607055965523e-64,5129756.432016866,0.0,0.0,0.0,0.0,664737522005.554,100777477279.20175,62589821.105793454,1416085399914.0012,0.0,0.0,0.0,0.0,189993859192798.56,0.0,0.0,0.0,312.1182812228799,0.0,0.0,0.0,-575457680534.044,0.0,0.0,0.0,864988199828.2166,0.0,0.0,0.0,0.0,0.0,0.0,0.0,40686292348286.06,0.0,0.0,0.0,-40975822867268.08,0.0,0.0,0.0,-6.310887241768095e-19,608013.0499124106,-6.3108872417680944e-27,0.006080130499124105,-2.401685339383493e+25,9.50564327474977e+22,0.0,1.4101782103199716e+24,-39454427808947.72,95056432747.49768,0.0,1410178210319.9714,0.0,0.0,0.0,0.0,864988199828.2166,0.0,0.0,0.0,656406858492.1715,95056432747.49753,0.0,1410178210319.9705,0.0,0.0,0.0,0.0,-40975822867268.08,0.0,0.0,0.0
1.42,-1,-1,1,888788.9995565743,0.0,0.00888788999556574,0.0,-3.4677055038992745e+25,8.894757840276178e+22,0.0,1.4040046337019471e+24,-56966803362094.484,88947578402.76176,0.0,1404004633701.9468,395034260589.41974,0.0,0.0,0.0,0.0,0.0,0.0,0.0,647834548547.4479,88947578402.76163,0.0,1404004633701.9446,-58009672171231.36,0.0,0.0,0.0,0.0,0.0,0.0,0.0,0.0,0.0,0.0,0.0,999814488812.6627,6003416.874953272,1.953121987183785e-64,1533196.1951765004,0.0,0.0,0.0,0.0,997281975436.1692,1861401.879831882,6.131371138211466e-64,4813215.412525147,0.0,0.0,0.0,0.0,664737522005.5543,100777477279.202,62589821.105793424,1416085399914.0024,0.0,0.0,0.0,0.0,147627778767262.03,0.0,0.0,0.0,242.52009388804436,0.0,0.0,0.0,-395034260589.41974,0.0,0.0,0.0,808392719219.5071,0.0,0.0,0.0,0.0,0.0,0.0,0.0,58009672171231.36,0.0,0.0,0.0,-58423030629618.875,0.0,0.0,0.0,-6.310887241768095e-19,888788.9995565461,-6.3108872417680944e-27,0.00888788999556546,-3.4677055038845136e+25,8.894757840276178e+22,0.0,1.4040046337019471e+24,-56966803361851.984,88947578402.76176,0.0,1404004633701.9468,0.0,0.0,0.0,0.0,808392719219.5071,0.0,0.0,0.0,647834548547.4479,88947578402.76163,0.0,1404004633701.9446,0.0,0.0,0.0,0.0,-58423030629618.875,0.0,0.0,0.0
1.44,-1,-1,1,1283612.2423224763,0.0,0.012836122423224761,0.0,-4.966254478299867e+25,7.646775191066626e+22,0.0,1.3914298624128803e+24,-81584679550587.16,76467751910.66624,0.0,1391429862412.8801,141383514938.48254,0.0,0.0,0.0,0.0,0.0,0.0,0.0,630710410301.4697,76467751910.6661,0.0,1391429862412.8782,-82356773475827.12,0.0,0.0,0.0,0.0,0.0,0.0,0.0,0.0,0.0,0.0,0.0,999997860264.9711,5596308.161514801,2.3632280612849898e-64,1855133.1887147669,0.0,0.0,0.0,0.0,997097967154.4469,2269040.999670983,5.721265046357523e-64,4491279.463588995,0.0,0.0,0.0,0.0,664737522005.5544,100777477279.20195,62589821.10579344,1416085399914.0024,0.0,0.0,0.0,0.0,107983001519186.61,0.0,0.0,0.0,177.39241141080856,0.0,0.0,0.0,-141383514938.48254,0.0,0.0,0.0,728925492231.2407,0.0,0.0,0.0,0.0,0.0,0.0,0.0,82356773475827.12,0.0,0.0,0.0,-82944315452942.38,0.0,0.0,0.0,-6.310887241768095e-19,1283612.242322435,-6.3108872417680944e-27,0.012836122423224348,-4.9662544782890705e+25,7.646775191066626e+22,0.0,1.3914298624128803e+24,-81584679550409.78,76467751910.66624,0.0,1391429862412.8801,0.0,0.0,0.0,0.0,728925492231.2407,0.0,0.0,0.0,630710410301.4697,76467751910.6661,0.0,1391429862412.8782,0.0,0.0,0.0,0.0,-82944315452942.38,0.0,0.0,0.0
1.46,-1,-1,1,1840452.3193306506,0.0,0.018404523193306505,0.0,-7.078776444072389e+25,5.0977145006776866e+22,0.0,1.365800508352754e+24,-116288786715093.39,50977145006.776855,0.0,1365800508352.7537,-216173439948.06348,0.0,0.0,0.0,0.0,0.0,0.0,0.0,596500234964.3895,50977145006.776726,0.0,1365800508352.7512,-116669113510109.75,0.0,0.0,0.0,0.0,0.0,0.0,0.0,0.0,0.0,0.0,0.0,1000168972400.0483,5220791.947551316,2.7436730621478586e-64,2153787.471690224,0.0,0.0,0.0,0.0,996926182702.626,2645379.1167764314,5.340820029025896e-64,4192625.943640235,0.0,0.0,0.0,0.0,664737522005.5531,100777477279.2018,62589821.10579346,1416085399914.0024,0.0,0.0,0.0,0.0,74991178298072.12,0.0,0.0,0.0,123.19407467544079,0.0,0.0,0.0,216173439948.06348,0.0,0.0,0.0,617019358474.4476,0.0,0.0,0.0,0.0,0.0,0.0,0.0,116669113510109.75,0.0,0.0,0.0,-117502306308409.05,0.0,0.0,0.0,-1.183291357831518e-19,1840452.3193305896,-1.1832913578315177e-27,0.018404523193305895,-7.078776444064891e+25,5.0977145006776866e+22,0.0,1.365800508352754e+24,-116288786714970.22,50977145006.776855,0.0,1365800508352.7537,0.0,0.0,0.0,0.0,617019358474.4476,0.0,0.0,0.0,596500234964.3895,50977145006.776726,0.0,1365800508352.7512,0.0,0.0,0.0,0.0,-117502306308409.05,0.0,0.0,0.0
1.48,-1,-1,1,2632916.288866063,0.0,0.026329162888660627,0.0,-1.008323912697951e+26,-1.4098863423772494e+21,0.0,1.3132112527428538e+24,-165645525536618.25,-1409886342.377249,0.0,1313211252742.8535,-724578327621.9095,0.0,0.0,0.0,0.0,0.0,0.0,0.0,527565659796.8445,-1409886342.3772423,0.0,1313211252742.8518,-165448512868793.38,0.0,0.0,0.0,0.0,0.0,0.0,0.0,0.0,0.0,0.0,0.0,1000320443525.1464,4899650.458857364,3.070494869093673e-64,2410347.9028029125,0.0,0.0,0.0,0.0,996774053538.7882,2967472.1414501895,5.013998207932582e-64,3936066.009667622,0.0,0.0,0.0,0.0,664737522005.5531,100777477279.20166,62589821.105793454,1416085399914.0022,0.0,0.0,0.0,0.0,49691215806507.17,0.0,0.0,0.0,81.6317797601223,0.0,0.0,0.0,724578327621.9095,0.0,0.0,0.0,458021860406.70996,0.0,0.0,0.0,0.0,0.0,0.0,0.0,165448512868793.38,0.0,0.0,0.0,-166631113056740.16,0.0,0.0,0.0,1.262177448353619e-18,2632916.288865965,1.2621774483536189e-26,0.026329162888659646,-1.0083239126974539e+26,-1.4098863423772494e+21,0.0,1.3132112527428538e+24,-165645525536536.6,-1409886342.377249,0.0,1313211252742.8535,0.0,0.0,0.0,0.0,458021860406.70996,0.0,0.0,0.0,527565659796.8445,-1409886342.3772423,0.0,1313211252742.8518,0.0,0.0,0.0,0.0,-166631113056740.16,0.0,0.0,0.0
1.5,-1,-1,1,3773434.9967418476,0.0,0.03773434996741847,0.0,-1.4403221368637216e+26,-1.1013373248825825e+23,0.0,1.2041926650737276e+24,-236613368282068.1,-110133732488.25822,0.0,1204192665073.7273,-1455249558275.552,0.0,0.0,0.0,0.0,0.0,0.0,0.0,386764917274.691,-110133732488.25806,0.0,1204192665073.7246,-235544883641067.28,0.0,0.0,0.0,0.0,0.0,0.0,0.0,0.0,0.0,0.0,0.0,1000448557051.7365,4640894.063141623,3.334754520584809e-64,2617796.556341633,0.0,0.0,0.0,0.0,996645337340.5575,3227165.749158822,4.7497385450021206e-64,3728617.651107046,0.0,0.0,0.0,0.0,664737522005.5533,100777477279.20174,62589821.10579344,1416085399914.0017,0.0,0.0,0.0,0.0,31566210233708.766,0.0,0.0,0.0,51.85636696219444,0.0,0.0,0.0,1455249558275.552,0.0,0.0,0.0,229630511563.6858,0.0,0.0,0.0,0.0,0.0,0.0,0.0,235544883641067.28,0.0,0.0,0.0,-237229763710854.47,0.0,0.0,0.0,2.524354896707238e-18,3773434.996741726,2.5243548967072378e-26,0.03773434996741726,-1.4403221368634067e+26,-1.1013373248825825e+23,0.0,1.2041926650737276e+24,-236613368282016.34,-110133732488.25822,0.0,1204192665073.7273,0.0,0.0,0.0,0.0,229630511563.6858,0.0,0.0,0.0,386764917274.691,-110133732488.25806,0.0,1204192665073.7246,0.0,0.0,0.0,0.0,-237229763710854.47,0.0,0.0,0.0
