sweep_parameter:V,band_info:CB:sign,band_info:IB:sign,band_info:VB:sign,avg:current_CB:n_contact,avg:current_CB:p_contact,tot:current_CB:n_contact,tot:current_CB:p_contact,avg:g_CB:I,avg:g_CB:fsf,avg:g_CB:n,avg:g_CB:p,tot:g_CB:I,tot:g_CB:fsf,tot:g_CB:n,tot:g_CB:p,tot:g_opt_ci_CB:I,tot:g_opt_ci_CB:fsf,tot:g_opt_ci_CB:n,tot:g_opt_ci_CB:p,tot:g_opt_iv_CB:I,tot:g_opt_iv_CB:fsf,tot:g_opt_iv_CB:n,tot:g_opt_iv_CB:p,tot:g_opt_cv_CB:I,tot:g_opt_cv_CB:fsf,tot:g_opt_cv_CB:n,tot:g_opt_cv_CB:p,tot:g_nr_top_CB:I,tot:g_nr_top_CB:fsf,tot:g_nr_top_CB:n,tot:g_nr_top_CB:p,tot:g_nr_bottom_CB:I,tot:g_nr_bottom_CB:fsf,tot:g_nr_bottom_CB:n,tot:g_nr_bottom_CB:p,tot:gother_forward_ci:I,tot:gother_forward_ci:fsf,tot:gother_forward_ci:n,tot:gother_forward_ci:p,tot:gabs_forward_ci:I,tot:gabs_forward_ci:fsf,tot:gabs_forward_ci:n,tot:gabs_forward_ci:p,tot:gother_forward_iv:I,tot:gother_forward_iv:fsf,tot:gother_forward_iv:n,tot:gother_forward_iv:p,tot:gabs_forward_iv:I,tot:gabs_forward_iv:fsf,tot:gabs_forward_iv:n,tot:gabs_forward_iv:p,tot:gother_forward_cv:I,tot:gother_forward_cv:fsf,tot:gother_forward_cv:n,tot:gother_forward_cv:p,tot:gabs_forward_cv:I,tot:gabs_forward_cv:fsf,tot:gabs_forward_cv:n,tot:gabs_forward_cv:p,avg:current_IB:n_contact,avg:current_IB:p_contact,tot:current_IB:n_contact,tot:current_IB:p_contact,avg:g_IB:I,avg:g_IB:fsf,avg:g_IB:n,avg:g_IB:p,tot:g_IB:I,tot:g_IB:fsf,tot:g_IB:n,tot:g_IB:p,tot:g_opt_ci_IB:I,tot:g_opt_ci_IB:fsf,tot:g_opt_ci_IB:n,tot:g_opt_ci_IB:p,tot:g_opt_iv_IB:I,tot:g_opt_iv_IB:fsf,tot:g_opt_iv_IB:n,tot:g_opt_iv_IB:p,tot:g_opt_cv_IB:I,tot:g_opt_cv_IB:fsf,tot:g_opt_cv_IB:n,tot:g_opt_cv_IB:p,tot:g_nr_top_IB:I,tot:g_nr_top_IB:fsf,tot:g_nr_top_IB:n,tot:g_nr_top_IB:p,tot:g_nr_bottom_IB:I,tot:g_nr_bottom_IB:fsf,tot:g_nr_bottom_IB:n,tot:g_nr_bottom_IB:p,avg:current_VB:n_contact,avg:current_VB:p_contact,tot:current_VB:n_contact,tot:current_VB:p_contact,avg:g_VB:I,avg:g_VB:fsf,avg:g_VB:n,avg:g_VB:p,tot:g_VB:I,tot:g_VB:fsf,tot:g_VB:n,tot:g_VB:p,tot:g_opt_ci_VB:I,tot:g_opt_ci_VB:fsf,tot:g_opt_ci_VB:n,tot:g_opt_ci_VB:p,tot:g_opt_iv_VB:I,tot:g_opt_iv_VB:fsf,tot:g_opt_iv_VB:n,tot:g_opt_iv_VB:p,tot:g_opt_cv_VB:I,tot:g_opt_cv_VB:fsf,tot:g_opt_cv_VB:n,tot:g_opt_cv_VB:p,tot:g_nr_top_VB:I,tot:g_nr_top_VB:fsf,tot:g_nr_top_VB:n,tot:g_nr_top_VB:p,tot:g_nr_bottom_VB:I,tot:g_nr_bottom_VB:fsf,tot:g_nr_bottom_VB:n,tot:g_nr_bottom_VB:p
# ,,,,mA/cm^2,mA/cm^2,mA,mA,cm^-3/s,cm^-3/s,cm^-3/s,cm^-3/s,1/s,1/s,1/s,1/s,1/s,1/s,1/s,1/s,1/s,1/s,1/s,1/s,1/s,1/s,1/s,1/s,1/s,1/s,1/s,1/s,1/s,1/s,1/s,1/s,1/s,1/s,1/s,1/s,1/s,1/s,1/s,1/s,1/s,1/s,1/s,1/s,1/s,1/s,1/s,1/s,1/s,1/s,1/s,1/s,1/s,1/s,1/s,1/s,mA/cm^2,mA/cm^2,mA,mA,cm^-3/s,cm^-3/s,cm^-3/s,cm^-3/s,1/s,1/s,1/s,1/s,1/s,1/s,1/s,1/s,1/s,1/s,1/s,1/s,1/s,1/s,1/s,1/s,1/s,1/s,1/s,1/s,1/s,1/s,1/s,1/s,mA/cm^2,mA/cm^2,mA,mA,cm^-3/s,cm^-3/s,cm^-3/s,cm^-3/s,1/s,1/s,1/s,1/s,1/s,1/s,1/s,1/s,1/s,1/s,1/s,1/s,1/s,1/s,1/s,1/s,1/s,1/s,1/s,1/s,1/s,1/s,1/s,1/s
0.0,-1,-1,1,-48419.5765493729,0.0,-0.0004841957654937289,0.0,1.5651017779498156e+24,0.0,2.1405283479775258e+23,1.4160257083077005e+24,1392033998318.4487,0.0,214052834797.75247,1416025708307.7002,975762534416.5396,0.0,0.0,0.0,0.0,0.0,0.0,0.0,485519234994.79346,0.0,214052834797.7516,1416025708307.6992,-69247771092.88293,0.0,0.0,0.0,0.0,0.0,0.0,0.0,0.0,0.0,0.0,0.0,980892613965.1614,4.3962322704717635e-64,7184855.921466265,3451043.7558413707,0.0,0.0,0.0,0.0,2701957047883.393,5.90984052483719e-63,5344202.500297652,46392424.02418565,0.0,0.0,0.0,0.0,485520883520.0897,62589821.10579336,214063998942.13007,1416085399913.9824,0.0,0.0,0.0,0.0,-25145147980.41219,0.0,0.0,0.0,-0.02236461639404297,0.0,0.0,0.0,-975762534416.5396,0.0,0.0,0.0,2689710159886.4414,0.0,0.0,0.0,0.0,0.0,0.0,0.0,69247771092.88293,0.0,0.0,0.0,-1783195396562.8074,0.0,0.0,0.0,-2.524354896707238e-18,-48419.57654937139,-2.5243548967072378e-26,-0.00048419576549371386,1.565101777949791e+24,0.0,2.1405283479775258e+23,1.4160257083077005e+24,1392033998318.4268,0.0,214052834797.75247,1416025708307.7002,0.0,0.0,0.0,0.0,2689710159886.4414,0.0,0.0,0.0,485519234994.79346,0.0,214052834797.7516,1416025708307.6992,0.0,0.0,0.0,0.0,-1783195396562.8074,0.0,0.0,0.0
0.02,-1,-1,1,-48410.62216380329,0.0,-0.00048410622163803284,0.0,1.5644734469250256e+24,0.0,2.1405281180943573e+23,1.4160256997801487e+24,1391475147666.6707,0.0,214052811809.4356,1416025699780.1484,975513989408.5394,0.0,0.0,0.0,0.0,0.0,0.0,0.0,485519229535.7221,0.0,214052811809.43478,1416025699780.146,-69558071277.59067,0.0,0.0,0.0,0.0,0.0,0.0,0.0,0.0,0.0,0.0,0.0,980667090949.7734,4.396219273986342e-64,7198487.917040634,3451033.5511357794,0.0,0.0,0.0,0.0,2703294440042.461,5.909844423783025e-63,5366184.585743696,46392454.63761865,0.0,0.0,0.0,0.0,485520883520.09,62589821.10579338,214063998942.1303,1416085399913.9827,0.0,0.0,0.0,0.0,-1.7705377935992514e+16,0.0,0.0,0.0,-15747.530535850674,0.0,0.0,0.0,-975513989408.5394,0.0,0.0,0.0,2691034585111.706,0.0,0.0,0.0,0.0,0.0,0.0,0.0,69558071277.59067,0.0,0.0,0.0,-1785078682728.2869,0.0,0.0,0.0,-2.524354896707238e-18,-48410.622163801825,-2.5243548967072378e-26,-0.0004841062216380182,1.5644734292196475e+24,0.0,2.1405281180943573e+23,1.4160256997801487e+24,1391475131919.1401,0.0,214052811809.4356,1416025699780.1484,0.0,0.0,0.0,0.0,2691034585111.706,0.0,0.0,0.0,485519229535.7221,0.0,214052811809.43478,1416025699780.146,0.0,0.0,0.0,0.0,-1785078682728.2869,0.0,0.0,0.0
0.04,-1,-1,1,-48401.57465252254,0.0,-0.00048401574652522534,0.0,1.5638385914493746e+24,0.0,2.1405278862054907e+23,1.4160256911969852e+24,1390910494032.9102,0.0,214052788620.54895,1416025691196.9849,975262942546.0558,0.0,0.0,0.0,0.0,0.0,0.0,0.0,485519224028.8547,0.0,214052788620.54828,1416025691196.9834,-69871672542.00104,0.0,0.0,0.0,0.0,0.0,0.0,0.0,0.0,0.0,0.0,0.0,980439311056.9789,4.396206194658058e-64,7212203.66073423,3451023.2813836276,0.0,0.0,0.0,0.0,2704637761130.379,5.909848347581711e-63,5388369.9172458965,46392485.446186185,0.0,0.0,0.0,0.0,485520883520.09045,62589821.105793364,214063998942.1306,1416085399913.9827,0.0,0.0,0.0,0.0,-5.7903491126014664e+16,0.0,0.0,0.0,-51500.56654739007,0.0,0.0,0.0,-975262942546.0558,0.0,0.0,0.0,2692364858970.9062,0.0,0.0,0.0,0.0,0.0,0.0,0.0,69871672542.00104,0.0,0.0,0.0,-1786973640467.4146,0.0,0.0,0.0,-2.524354896707238e-18,-48401.574652520845,-2.5243548967072378e-26,-0.00048401574652520837,1.5638385335458823e+24,0.0,2.1405278862054907e+23,1.4160256911969852e+24,1390910442532.3425,0.0,214052788620.54895,1416025691196.9849,0.0,0.0,0.0,0.0,2692364858970.9062,0.0,0.0,0.0,485519224028.8547,0.0,214052788620.54828,1416025691196.9834,0.0,0.0,0.0,0.0,-1786973640467.4146,0.0,0.0,0.0
0.06,-1,-1,1,-48392.432455021895,0.0,-0.0004839243245502189,0.0,1.5631970646482993e+24,0.0,2.1405276522637177e+23,1.4160256825571863e+24,1390339906783.8818,0.0,214052765226.37164,1416025682557.1858,975009334273.4764,0.0,0.0,0.0,0.0,0.0,0.0,0.0,485519218473.2748,0.0,214052765226.3708,1416025682557.185,-70188645962.86919,0.0,0.0,0.0,0.0,0.0,0.0,0.0,0.0,0.0,0.0,0.0,980209220003.9823,4.3961930309889103e-64,7226006.829868444,3451012.945409588,0.0,0.0,0.0,0.0,2705987168998.5713,5.90985229668267e-63,5410750.821175151,46392516.45341546,0.0,0.0,0.0,0.0,485520883520.0899,62589821.10579334,214063998942.13043,1416085399913.9822,0.0,0.0,0.0,0.0,-3.7719559252397896e+16,0.0,0.0,0.0,-33548.558707604185,0.0,0.0,0.0,-975009334273.4764,0.0,0.0,0.0,2693701137836.706,0.0,0.0,0.0,0.0,0.0,0.0,0.0,70188645962.86919,0.0,0.0,0.0,-1788880483074.6565,0.0,0.0,0.0,-1.262177448353619e-18,-48392.43245502023,-1.2621774483536189e-26,-0.0004839243245502022,1.5631970269287404e+24,0.0,2.1405276522637177e+23,1.4160256825571863e+24,1390339873235.3235,0.0,214052765226.37164,1416025682557.1858,0.0,0.0,0.0,0.0,2693701137836.706,0.0,0.0,0.0,485519218473.2748,0.0,214052765226.3708,1416025682557.185,0.0,0.0,0.0,0.0,-1788880483074.6565,0.0,0.0,0.0
0.08,-1,-1,1,-48383.19285947546,0.0,-0.00048383192859475447,0.0,1.5625486868242508e+24,0.0,2.1405274162183146e+23,1.416025673859084e+24,1389763226092.858,0.0,214052741621.83136,1416025673859.0837,974753099808.2185,0.0,0.0,0.0,0.0,0.0,0.0,0.0,485519212867.64465,0.0,214052741621.83054,1416025673859.0823,-70509086583.00475,0.0,0.0,0.0,0.0,0.0,0.0,0.0,0.0,0.0,0.0,0.0,979976760060.5356,4.3961797804353013e-64,7239900.740284521,3451002.54121655,0.0,0.0,0.0,0.0,2707342835235.32,5.909856271848949e-63,5433323.080741354,46392547.66529724,0.0,0.0,0.0,0.0,485520883520.09015,62589821.105793364,214063998942.13004,1416085399913.9832,0.0,0.0,0.0,0.0,3767714151409676.0,0.0,0.0,0.0,3351.083149095997,0.0,0.0,0.0,-974753099808.2185,0.0,0.0,0.0,2695043590785.043,0.0,0.0,0.0,0.0,0.0,0.0,0.0,70509086583.00475,0.0,0.0,0.0,-1790799574208.7463,0.0,0.0,0.0,-2.524354896707238e-18,-48383.192859473886,-2.5243548967072378e-26,-0.0004838319285947388,1.5625486905919652e+24,0.0,2.1405274162183146e+23,1.416025673859084e+24,1389763229443.9412,0.0,214052741621.83136,1416025673859.0837,0.0,0.0,0.0,0.0,2695043590785.043,0.0,0.0,0.0,485519212867.64465,0.0,214052741621.83054,1416025673859.0823,0.0,0.0,0.0,0.0,-1790799574208.7463,0.0,0.0,0.0
0.1,-1,-1,1,-48373.852527139345,0.0,-0.0004837385252713934,0.0,1.561893274963606e+24,0.0,2.1405271780240888e+23,1.416025665100986e+24,1389180289183.7234,0.0,214052717802.40875,1416025665100.9858,974494179051.9828,0.0,0.0,0.0,0.0,0.0,0.0,0.0,485519207210.5811,0.0,214052717802.40793,1416025665100.984,-70833097078.83986,0.0,0.0,0.0,0.0,0.0,0.0,0.0,0.0,0.0,0.0,0.0,979741878748.5994,4.3961664404806476e-64,7253887.481746653,3450992.066827563,0.0,0.0,0.0,0.0,2708704894297.2676,5.909860273835561e-63,5456086.985982435,46392579.08776217,0.0,0.0,0.0,0.0,485520883520.0903,62589821.10579338,214063998942.1304,1416085399913.984,0.0,0.0,0.0,0.0,2450305951383053.0,0.0,0.0,0.0,2179.352958805859,0.0,0.0,0.0,-974494179051.9828,0.0,0.0,0.0,2696392349846.3345,0.0,0.0,0.0,0.0,0.0,0.0,0.0,70833097078.83986,0.0,0.0,0.0,-1792731265693.8403,0.0,0.0,0.0,-2.524354896707238e-18,-48373.85252713767,-2.5243548967072378e-26,-0.0004837385252713767,1.5618932774139124e+24,0.0,2.1405271780240888e+23,1.416025665100986e+24,1389180291363.077,0.0,214052717802.40875,1416025665100.9858,0.0,0.0,0.0,0.0,2696392349846.3345,0.0,0.0,0.0,485519207210.5811,0.0,214052717802.40793,1416025665100.984,0.0,0.0,0.0,0.0,-1792731265693.8403,0.0,0.0,0.0
0.12,-1,-1,1,-48364.40944268739,0.0,-0.0004836440944268739,0.0,1.5612306435221657e+24,0.0,2.14052693762197e+23,1.4160256562813792e+24,1388590931029.618,0.0,214052693762.19687,1416025656281.379,974232498359.6554,0.0,0.0,0.0,0.0,0.0,0.0,0.0,485519201500.83325,0.0,214052693762.19608,1416025656281.3762,-71160768830.87,0.0,0.0,0.0,0.0,0.0,0.0,0.0,0.0,0.0,0.0,0.0,979504509200.8494,4.396153008815038e-64,7267973.036840436,3450981.5204271288,0.0,0.0,0.0,0.0,2710073557306.9004,5.909864303335459e-63,5479026.381314139,46392610.72625626,0.0,0.0,0.0,0.0,485520883520.09045,62589821.10579339,214063998942.13037,1416085399913.9832,0.0,0.0,0.0,0.0,2359123342621838.5,0.0,0.0,0.0,2098.2532544676214,0.0,0.0,0.0,-974232498359.6554,0.0,0.0,0.0,2697747623818.776,0.0,0.0,0.0,0.0,0.0,0.0,0.0,71160768830.87,0.0,0.0,0.0,-1794675892191.736,0.0,0.0,0.0,-2.524354896707238e-18,-48364.40944268621,-2.5243548967072378e-26,-0.00048364409442686203,1.5612306458812895e+24,0.0,2.14052693762197e+23,1.4160256562813792e+24,1388590933127.8716,0.0,214052693762.19687,1416025656281.379,0.0,0.0,0.0,0.0,2697747623818.776,0.0,0.0,0.0,485519201500.83325,0.0,214052693762.19608,1416025656281.3762,0.0,0.0,0.0,0.0,-1794675892191.736,0.0,0.0,0.0
0.14,-1,-1,1,-48354.86071947776,0.0,-0.0004835486071947775,0.0,1.560560599205906e+24,0.0,2.140526694958963e+23,1.4160256473986404e+24,1387994979710.8254,0.0,214052669495.89618,1416025647398.6401,973967989000.3525,0.0,0.0,0.0,0.0,0.0,0.0,0.0,485519195737.0482,0.0,214052669495.8954,1416025647398.638,-71492205026.57443,0.0,0.0,0.0,0.0,0.0,0.0,0.0,0.0,0.0,0.0,0.0,979264590341.8551,4.396139483022144e-64,7282162.235314745,3450970.9001158457,0.0,0.0,0.0,0.0,2711448994317.282,5.909868361073541e-63,5502129.152183606,46392642.586478055,0.0,0.0,0.0,0.0,485520883520.0899,62589821.105793364,214063998942.13013,1416085399913.9824,0.0,0.0,0.0,0.0,2269821934906479.5,0.0,0.0,0.0,2018.826729375869,0.0,0.0,0.0,-973967989000.3525,0.0,0.0,0.0,2699109580393.528,0.0,0.0,0.0,0.0,0.0,0.0,0.0,71492205026.57443,0.0,0.0,0.0,-1796633794400.9216,0.0,0.0,0.0,-2.524354896707238e-18,-48354.86071947636,-2.5243548967072378e-26,-0.00048354860719476353,1.5605606014757283e+24,0.0,2.140526694958963e+23,1.4160256473986404e+24,1387994981729.6528,0.0,214052669495.89618,1416025647398.6401,0.0,0.0,0.0,0.0,2699109580393.528,0.0,0.0,0.0,485519195737.0482,0.0,214052669495.8954,1416025647398.638,0.0,0.0,0.0,0.0,-1796633794400.9216,0.0,0.0,0.0
0.16,-1,-1,1,-48345.20342609637,0.0,-0.00048345203426096363,0.0,1.5598829363113326e+24,0.0,2.1405264499776655e+23,1.4160256384510346e+24,1387392252270.39,0.0,214052644997.76642,1416025638451.0342,973700577069.8506,0.0,0.0,0.0,0.0,0.0,0.0,0.0,485519189917.79114,0.0,214052644997.76572,1416025638451.0327,-71827514717.25208,0.0,0.0,0.0,0.0,0.0,0.0,0.0,0.0,0.0,0.0,0.0,979022056356.8403,4.396125860493273e-64,7296461.224850308,3450960.203843359,0.0,0.0,0.0,0.0,2712831395121.581,5.909872447832424e-63,5525377.628346056,46392674.674578585,0.0,0.0,0.0,0.0,485520883520.0897,62589821.10579337,214063998942.13004,1416085399913.983,0.0,0.0,0.0,0.0,2182420374086190.5,0.0,0.0,0.0,1941.0899675358087,0.0,0.0,0.0,-973700577069.8506,0.0,0.0,0.0,2700478406793.005,0.0,0.0,0.0,0.0,0.0,0.0,0.0,71827514717.25208,0.0,0.0,0.0,-1798605342499.318,0.0,0.0,0.0,-2.524354896707238e-18,-48345.203426094886,-2.5243548967072378e-26,-0.0004834520342609488,1.5598829384937526e+24,0.0,2.1405264499776655e+23,1.4160256384510346e+24,1387392254211.4795,0.0,214052644997.76642,1416025638451.0342,0.0,0.0,0.0,0.0,2700478406793.005,0.0,0.0,0.0,485519189917.79114,0.0,214052644997.76572,1416025638451.0327,0.0,0.0,0.0,0.0,-1798605342499.318,0.0,0.0,0.0
0.18,-1,-1,1,-48335.43447521819,0.0,-0.00048335434475218185,0.0,1.5591974381941554e+24,0.0,2.140526202618294e+23,1.416025629436745e+24,1386782556020.3838,0.0,214052620261.82928,1416025629436.7449,973430185428.8687,0.0,0.0,0.0,0.0,0.0,0.0,0.0,485519184041.5629,0.0,214052620261.82852,1416025629436.7434,-72166813450.0472,0.0,0.0,0.0,0.0,0.0,0.0,0.0,0.0,0.0,0.0,0.0,978776838677.0553,4.3961121384962244e-64,7310877.297442409,3450949.4294630587,0.0,0.0,0.0,0.0,2714220957251.59,5.909876564431746e-63,5548748.858519391,46392706.99699709,0.0,0.0,0.0,0.0,485520883520.09064,62589821.10579335,214063998942.1306,1416085399913.983,0.0,0.0,0.0,0.0,2096863549136021.5,0.0,0.0,0.0,1864.9939520582557,0.0,0.0,0.0,-973430185428.8687,0.0,0.0,0.0,2701854297853.3213,0.0,0.0,0.0,0.0,0.0,0.0,0.0,72166813450.0472,0.0,0.0,0.0,-1800590924009.5037,0.0,0.0,0.0,-3.7865323450608574e-18,-48335.43447521656,-3.7865323450608567e-26,-0.00048335434475216553,1.5591974402910186e+24,0.0,2.140526202618294e+23,1.416025629436745e+24,1386782557885.3772,0.0,214052620261.82928,1416025629436.7449,0.0,0.0,0.0,0.0,2701854297853.3213,0.0,0.0,0.0,485519184041.5629,0.0,214052620261.82852,1416025629436.7434,0.0,0.0,0.0,0.0,-1800590924009.5037,0.0,0.0,0.0
0.2,-1,-1,1,-48325.550608715705,0.0,-0.00048325550608715697,0.0,1.558503876224478e+24,0.0,2.1405259528185328e+23,1.4160256203538661e+24,1386165687612.6333,0.0,214052595281.85315,1416025620353.8657,973156733509.0781,0.0,0.0,0.0,0.0,0.0,0.0,0.0,485519178106.78705,0.0,214052595281.8524,1416025620353.863,-72510224003.23274,0.0,0.0,0.0,0.0,0.0,0.0,0.0,0.0,0.0,0.0,0.0,978528865840.1156,4.396098314166806e-64,7325419.147097195,3450938.574725752,0.0,0.0,0.0,0.0,2715617886304.215,5.909880711730794e-63,5572213.370269299,46392739.56048139,0.0,0.0,0.0,0.0,485520883520.08954,62589821.10579338,214063998942.13007,1416085399913.9827,0.0,0.0,0.0,0.0,2013169648891339.8,0.0,0.0,0.0,1790.5548604708165,0.0,0.0,0.0,-973156733509.0781,0.0,0.0,0.0,2703237456340.9663,0.0,0.0,0.0,0.0,0.0,0.0,0.0,72510224003.23274,0.0,0.0,0.0,-1802590945044.566,0.0,0.0,0.0,-2.524354896707238e-18,-48325.550608714286,-2.5243548967072378e-26,-0.0004832555060871428,1.5585038782376463e+24,0.0,2.1405259528185328e+23,1.4160256203538661e+24,1386165689403.1868,0.0,214052595281.85315,1416025620353.8657,0.0,0.0,0.0,0.0,2703237456340.9663,0.0,0.0,0.0,485519178106.78705,0.0,214052595281.8524,1416025620353.863,0.0,0.0,0.0,0.0,-1802590945044.566,0.0,0.0,0.0
0.22,-1,-1,1,-48315.5483803978,0.0,-0.0004831554838039779,0.0,1.557802008575371e+24,0.0,2.1405257005134905e+23,1.4160256112004e+24,1385541431961.2488,0.0,214052570051.34894,1416025611200.3994,972880137108.3068,0.0,0.0,0.0,0.0,0.0,0.0,0.0,485519172111.81995,0.0,214052570051.34814,1416025611200.3972,-72857877258.87885,0.0,0.0,0.0,0.0,0.0,0.0,0.0,0.0,0.0,0.0,0.0,978278063349.6713,4.39608438449932e-64,7340097.186140866,3450927.637272319,0.0,0.0,0.0,0.0,2717022396241.162,5.909884890631248e-63,5595733.653165423,46392772.37210843,0.0,0.0,0.0,0.0,485520883520.09015,62589821.10579338,214063998942.13037,1416085399913.983,0.0,0.0,0.0,0.0,1931330790147022.5,0.0,0.0,0.0,1717.7656812872738,0.0,0.0,0.0,-972880137108.3068,0.0,0.0,0.0,2704628093241.5693,0.0,0.0,0.0,0.0,0.0,0.0,0.0,72857877258.87885,0.0,0.0,0.0,-1804605831674.3738,0.0,0.0,0.0,-2.524354896707238e-18,-48315.54838039624,-2.5243548967072378e-26,-0.00048315548380396236,1.5578020105067002e+24,0.0,2.1405257005134905e+23,1.4160256112004e+24,1385541433679.0132,0.0,214052570051.34894,1416025611200.3994,0.0,0.0,0.0,0.0,2704628093241.5693,0.0,0.0,0.0,485519172111.81995,0.0,214052570051.34814,1416025611200.3972,0.0,0.0,0.0,0.0,-1804605831674.3738,0.0,0.0,0.0
0.24,-1,-1,1,-48305.42413584939,0.0,-0.0004830542413584938,0.0,1.5570915788082829e+24,0.0,2.140525445635507e+23,1.4160256019742507e+24,1384909560984.462,0.0,214052544563.5506,1416025601974.2502,972600308175.5004,0.0,0.0,0.0,0.0,0.0,0.0,0.0,485519166054.9303,0.0,214052544563.54977,1416025601974.2488,-73209913245.96808,0.0,0.0,0.0,0.0,0.0,0.0,0.0,0.0,0.0,0.0,0.0,978024353537.4185,4.396070346336038e-64,7354923.933070267,3450916.614625034,0.0,0.0,0.0,0.0,2718434709644.962,5.909889102080463e-63,5619262.30649251,46392805.439311445,0.0,0.0,0.0,0.0,485520883520.0903,62589821.10579337,214063998942.1304,1416085399913.9832,0.0,0.0,0.0,0.0,1851327552811336.8,0.0,0.0,0.0,1646.6091418750584,0.0,0.0,0.0,-972600308175.5004,0.0,0.0,0.0,2706026428003.6733,0.0,0.0,0.0,0.0,0.0,0.0,0.0,73209913245.96808,0.0,0.0,0.0,-1806636031427.5305,0.0,0.0,0.0,-2.524354896707238e-18,-48305.42413584782,-2.5243548967072378e-26,-0.00048305424135847814,1.557091580659611e+24,0.0,2.140525445635507e+23,1.4160256019742507e+24,1384909562631.0715,0.0,214052544563.5506,1416025601974.2502,0.0,0.0,0.0,0.0,2706026428003.6733,0.0,0.0,0.0,485519166054.9303,0.0,214052544563.54977,1416025601974.2488,0.0,0.0,0.0,0.0,-1806636031427.5305,0.0,0.0,0.0
0.26,-1,-1,1,-48295.17398878283,0.0,-0.0004829517398878282,0.0,1.5563723142134092e+24,0.0,2.140525188114086e+23,1.416025592673214e+24,1384269832128.5132,0.0,214052518811.4085,1416025592673.2136,972317154585.518,0.0,0.0,0.0,0.0,0.0,0.0,0.0,485519159934.30133,0.0,214052518811.40784,1416025592673.2112,-73566482391.30629,0.0,0.0,0.0,0.0,0.0,0.0,0.0,0.0,0.0,0.0,0.0,977767655430.2891,4.39605619635417e-64,7369914.487587298,3450905.504176949,0.0,0.0,0.0,0.0,2719855057915.5435,5.909893347075237e-63,5642739.781644269,46392838.769910544,0.0,0.0,0.0,0.0,485520883520.0904,62589821.10579337,214063998942.13028,1416085399913.9834,0.0,0.0,0.0,0.0,1773131747576241.8,0.0,0.0,0.0,1577.0601700786501,0.0,0.0,0.0,-972317154585.518,0.0,0.0,0.0,2707432688721.638,0.0,0.0,0.0,0.0,0.0,0.0,0.0,73566482391.30629,0.0,0.0,0.0,-1808682014950.364,0.0,0.0,0.0,-2.524354896707238e-18,-48295.17398878139,-2.5243548967072378e-26,-0.0004829517398878138,1.556372315986541e+24,0.0,2.140525188114086e+23,1.416025592673214e+24,1384269833705.5737,0.0,214052518811.4085,1416025592673.2136,0.0,0.0,0.0,0.0,2707432688721.638,0.0,0.0,0.0,485519159934.30133,0.0,214052518811.40784,1416025592673.2112,0.0,0.0,0.0,0.0,-1808682014950.364,0.0,0.0,0.0
0.28,-1,-1,1,-48284.793793218545,0.0,-0.0004828479379321854,0.0,1.5556439238575007e+24,0.0,2.140524927875802e+23,1.416025583294966e+24,1383621986631.334,0.0,214052492787.58008,1416025583294.9656,972030579903.2645,0.0,0.0,0.0,0.0,0.0,0.0,0.0,485519153748.0225,0.0,214052492787.5794,1416025583294.963,-73927747019.95198,0.0,0.0,0.0,0.0,0.0,0.0,0.0,0.0,0.0,0.0,0.0,977507884625.3777,4.396041931052304e-64,7385087.111633766,3450894.3031803635,0.0,0.0,0.0,0.0,2721283681394.5625,5.909897626666029e-63,5666091.636626809,46392872.37214968,0.0,0.0,0.0,0.0,485520883520.09064,62589821.10579337,214063998942.13055,1416085399913.9841,0.0,0.0,0.0,0.0,1696813228511958.5,0.0,0.0,0.0,1509.180895557627,0.0,0.0,0.0,-972030579903.2645,0.0,0.0,0.0,2708847112244.495,0.0,0.0,0.0,0.0,0.0,0.0,0.0,73927747019.95198,0.0,0.0,0.0,-1810744277852.0,0.0,0.0,0.0,-2.524354896707238e-18,-48284.79379321708,-2.5243548967072378e-26,-0.00048284793793217074,1.555643925554316e+24,0.0,2.140524927875802e+23,1.416025583294966e+24,1383621988140.5166,0.0,214052492787.58008,1416025583294.9656,0.0,0.0,0.0,0.0,2708847112244.495,0.0,0.0,0.0,485519153748.0225,0.0,214052492787.5794,1416025583294.963,0.0,0.0,0.0,0.0,-1810744277852.0,0.0,0.0,0.0
0.3,-1,-1,1,-48274.27911072097,0.0,-0.00048274279110720967,0.0,1.5549060962847637e+24,0.0,2.1405246648441826e+23,1.416025573837056e+24,1382965747477.6785,0.0,214052466484.41815,1416025573837.0554,971740483135.9818,0.0,0.0,0.0,0.0,0.0,0.0,0.0,485519147494.0774,0.0,214052466484.41757,1416025573837.054,-74293883152.38031,0.0,0.0,0.0,0.0,0.0,0.0,0.0,0.0,0.0,0.0,0.0,977244953174.9496,4.3960275467339844e-64,7400463.938861708,3450883.008733331,0.0,0.0,0.0,0.0,2722720829405.6846,5.909901941961753e-63,5689225.205948872,46392906.254733585,0.0,0.0,0.0,0.0,485520883520.0909,62589821.105793364,214063998942.13086,1416085399913.9836,0.0,0.0,0.0,0.0,1622297295137823.5,0.0,0.0,0.0,1442.904878154397,0.0,0.0,0.0,-971740483135.9818,0.0,0.0,0.0,2710269944198.624,0.0,0.0,0.0,0.0,0.0,0.0,0.0,74293883152.38031,0.0,0.0,0.0,-1812823342772.1172,0.0,0.0,0.0,-2.524354896707238e-18,-48274.27911071938,-2.5243548967072378e-26,-0.0004827427911071937,1.55490609790706e+24,0.0,2.1405246648441826e+23,1.416025573837056e+24,1382965748920.5825,0.0,214052466484.41815,1416025573837.0554,0.0,0.0,0.0,0.0,2710269944198.624,0.0,0.0,0.0,485519147494.0774,0.0,214052466484.41757,1416025573837.054,0.0,0.0,0.0,0.0,-1812823342772.1172,0.0,0.0,0.0
0.32,-1,-1,1,-48263.62517178876,0.0,-0.00048263625171788747,0.0,1.5541584968073072e+24,0.0,2.1405243989396482e+23,1.416025564296896e+24,1382300816989.1912,0.0,214052439893.9647,1416025564296.8958,971446758472.3761,0.0,0.0,0.0,0.0,0.0,0.0,0.0,485519141170.3387,0.0,214052439893.96402,1416025564296.8928,-74665082653.52422,0.0,0.0,0.0,0.0,0.0,0.0,0.0,0.0,0.0,0.0,0.0,976978769484.2356,4.3960130394892514e-64,7416071.838991974,3450871.617764979,0.0,0.0,0.0,0.0,2724166760198.877,5.909906294135394e-63,5712025.573886514,46392940.426874965,0.0,0.0,0.0,0.0,485520883520.08997,62589821.10579337,214063998942.13007,1416085399913.9836,0.0,0.0,0.0,0.0,1549560210130330.0,0.0,0.0,0.0,1378.2110054008663,0.0,0.0,0.0,-971446758472.3761,0.0,0.0,0.0,2711701438911.937,0.0,0.0,0.0,0.0,0.0,0.0,0.0,74665082653.52422,0.0,0.0,0.0,-1814919761714.8733,0.0,0.0,0.0,-2.524354896707238e-18,-48263.62517178741,-2.5243548967072378e-26,-0.000482636251717874,1.5541584983568656e+24,0.0,2.1405243989396482e+23,1.416025564296896e+24,1382300818367.4006,0.0,214052439893.9647,1416025564296.8958,0.0,0.0,0.0,0.0,2711701438911.937,0.0,0.0,0.0,485519141170.3387,0.0,214052439893.96402,1416025564296.8928,0.0,0.0,0.0,0.0,-1814919761714.8733,0.0,0.0,0.0
0.34,-1,-1,1,-48252.826830305625,0.0,-0.0004825282683030562,0.0,1.553400764308839e+24,0.0,2.140524130079486e+23,1.4160255546717417e+24,1381626873981.5483,0.0,214052413007.9485,1416025554671.7412,971149295007.4259,0.0,0.0,0.0,0.0,0.0,0.0,0.0,485519134774.5591,0.0,214052413007.9477,1416025554671.7383,-75041555800.43607,0.0,0.0,0.0,0.0,0.0,0.0,0.0,0.0,0.0,0.0,0.0,976709238225.8024,4.39599840517371e-64,7431943.467806856,3450860.127018845,0.0,0.0,0.0,0.0,2725621740780.337,5.909910684430296e-63,5734350.723340727,46392974.89834319,0.0,0.0,0.0,0.0,485520883520.0907,62589821.10579338,214063998942.13055,1416085399913.9841,0.0,0.0,0.0,0.0,1478656148658647.2,0.0,0.0,0.0,1315.1474618166685,0.0,0.0,0.0,-971149295007.4259,0.0,0.0,0.0,2713141859220.6733,0.0,0.0,0.0,0.0,0.0,0.0,0.0,75041555800.43607,0.0,0.0,0.0,-1817034118698.5366,0.0,0.0,0.0,-2.524354896707238e-18,-48252.82683030423,-2.5243548967072378e-26,-0.00048252826830304224,1.5534007657874952e+24,0.0,2.140524130079486e+23,1.4160255546717417e+24,1381626875296.696,0.0,214052413007.9485,1416025554671.7412,0.0,0.0,0.0,0.0,2713141859220.6733,0.0,0.0,0.0,485519134774.5591,0.0,214052413007.9477,1416025554671.7383,0.0,0.0,0.0,0.0,-1817034118698.5366,0.0,0.0,0.0
0.36,-1,-1,1,-48241.87850972641,0.0,-0.00048241878509726403,0.0,1.5526325074682814e+24,0.0,2.1405238581777414e+23,1.4160255449586817e+24,1380943570405.6636,0.0,214052385817.77402,1416025544958.6814,970847976452.8429,0.0,0.0,0.0,0.0,0.0,0.0,0.0,485519128304.35284,0.0,214052385817.77338,1416025544958.6804,-75423534351.5315,0.0,0.0,0.0,0.0,0.0,0.0,0.0,0.0,0.0,0.0,0.0,976436260276.597,4.3959836393865206e-64,7448118.537872112,3450848.533036331,0.0,0.0,0.0,0.0,2727086046599.5415,5.909915114166689e-63,5756025.717551714,46393009.67951325,0.0,0.0,0.0,0.0,485520883520.0903,62589821.10579336,214063998942.13037,1416085399913.983,0.0,0.0,0.0,0.0,1409516672376435.8,0.0,0.0,0.0,1253.6533769164234,0.0,0.0,0.0,-970847976452.8429,0.0,0.0,0.0,2714591476129.816,0.0,0.0,0.0,0.0,0.0,0.0,0.0,75423534351.5315,0.0,0.0,0.0,-1819167032774.852,0.0,0.0,0.0,-1.262177448353619e-18,-48241.878509724804,-1.2621774483536189e-26,-0.00048241878509724793,1.5526325088777995e+24,0.0,2.1405238581777414e+23,1.4160255449586817e+24,1380943571659.318,0.0,214052385817.77402,1416025544958.6814,0.0,0.0,0.0,0.0,2714591476129.816,0.0,0.0,0.0,485519128304.35284,0.0,214052385817.77338,1416025544958.6804,0.0,0.0,0.0,0.0,-1819167032774.852,0.0,0.0,0.0
0.38,-1,-1,1,-48230.774139359135,0.0,-0.0004823077413935913,0.0,1.5518533002883946e+24,0.0,2.140523583145286e+23,1.4160255351546254e+24,1380250527370.7517,0.0,214052358314.5285,1416025535154.625,970542680834.7643,0.0,0.0,0.0,0.0,0.0,0.0,0.0,485519121757.19214,0.0,214052358314.5278,1416025535154.6223,-75811275221.2044,0.0,0.0,0.0,0.0,0.0,0.0,0.0,0.0,0.0,0.0,0.0,976159732686.8992,4.395968737442565e-64,7464645.349101649,3450836.832135699,0.0,0.0,0.0,0.0,2728559961049.414,5.909919584750106e-63,5776835.759883807,46393044.78143071,0.0,0.0,0.0,0.0,485520883520.09015,62589821.10579338,214063998942.13043,1416085399913.9827,0.0,0.0,0.0,0.0,1342163973345173.2,0.0,0.0,0.0,1193.748488780111,0.0,0.0,0.0,-970542680834.7643,0.0,0.0,0.0,2716050568282.531,0.0,0.0,0.0,0.0,0.0,0.0,0.0,75811275221.2044,0.0,0.0,0.0,-1821319161475.2195,0.0,0.0,0.0,-2.524354896707238e-18,-48230.77413935748,-2.5243548967072378e-26,-0.00048230774139357475,1.5518533016305588e+24,0.0,2.140523583145286e+23,1.4160255351546254e+24,1380250528564.5002,0.0,214052358314.5285,1416025535154.625,0.0,0.0,0.0,0.0,2716050568282.531,0.0,0.0,0.0,485519121757.19214,0.0,214052358314.5278,1416025535154.6223,0.0,0.0,0.0,0.0,-1821319161475.2195,0.0,0.0,0.0
0.4,-1,-1,1,-48219.507078749004,0.0,-0.00048219507078748995,0.0,1.5510626767893634e+24,0.0,2.1405233048898142e+23,1.4160255252562763e+24,1379547330424.6958,0.0,214052330488.98132,1416025525256.276,970233280182.384,0.0,0.0,0.0,0.0,0.0,0.0,0.0,485519115130.3887,0.0,214052330488.98056,1416025525256.2737,-76205064888.07678,0.0,0.0,0.0,0.0,0.0,0.0,0.0,0.0,0.0,0.0,0.0,975879548694.3694,4.395953694344872e-64,7481582.621345048,3450825.0203909446,0.0,0.0,0.0,0.0,2730043774716.9365,5.909924097679665e-63,5796517.971159851,46393080.2158733,0.0,0.0,0.0,0.0,485520883520.09064,62589821.10579337,214063998942.1303,1416085399913.9846,0.0,0.0,0.0,0.0,1276568806567520.0,0.0,0.0,0.0,1135.406786300242,0.0,0.0,0.0,-970233280182.384,0.0,0.0,0.0,2717519421175.431,0.0,0.0,0.0,0.0,0.0,0.0,0.0,76205064888.07678,0.0,0.0,0.0,-1823491204745.716,0.0,0.0,0.0,-2.524354896707238e-18,-48219.50707874757,-2.5243548967072378e-26,-0.00048219507078747564,1.5510626780659319e+24,0.0,2.1405233048898142e+23,1.4160255252562763e+24,1379547331560.1023,0.0,214052330488.98132,1416025525256.276,0.0,0.0,0.0,0.0,2717519421175.431,0.0,0.0,0.0,485519115130.3887,0.0,214052330488.98056,1416025525256.2737,0.0,0.0,0.0,0.0,-1823491204745.716,0.0,0.0,0.0
0.42,-1,-1,1,-48208.07002778367,0.0,-0.00048208070027783666,0.0,1.550260124700541e+24,0.0,2.1405230233159583e+23,1.416025515260114e+24,1378833523943.3525,0.0,214052302331.59573,1416025515260.1138,969919640213.2941,0.0,0.0,0.0,0.0,0.0,0.0,0.0,485519108421.0758,0.0,214052302331.59515,1416025515260.1113,-76605224691.01793,0.0,0.0,0.0,0.0,0.0,0.0,0.0,0.0,0.0,0.0,0.0,975595597800.3761,4.395938504749415e-64,7499001.6723024715,3450813.0936052296,0.0,0.0,0.0,0.0,2731537784305.6753,5.909928654558529e-63,5814751.729779894,46393115.99543108,0.0,0.0,0.0,0.0,485520883520.0902,62589821.10579338,214063998942.13022,1416085399913.9836,0.0,0.0,0.0,0.0,1212727284818454.8,0.0,0.0,0.0,1078.62481209822,0.0,0.0,0.0,-969919640213.2941,0.0,0.0,0.0,2718998326040.459,0.0,0.0,0.0,0.0,0.0,0.0,0.0,76605224691.01793,0.0,0.0,0.0,-1825683909439.5576,0.0,0.0,0.0,-3.7865323450608574e-18,-48208.07002778214,-3.7865323450608567e-26,-0.00048208070027782126,1.5502601259132684e+24,0.0,2.1405230233159583e+23,1.416025515260114e+24,1378833525021.9775,0.0,214052302331.59573,1416025515260.1138,0.0,0.0,0.0,0.0,2718998326040.459,0.0,0.0,0.0,485519108421.0758,0.0,214052302331.59515,1416025515260.1113,0.0,0.0,0.0,0.0,-1825683909439.5576,0.0,0.0,0.0
0.44,-1,-1,1,-48196.454919772856,0.0,-0.00048196454919772845,0.0,1.5494450779572595e+24,0.0,2.140522738325462e+23,1.4160255051623765e+24,1378108604457.0603,0.0,214052273832.54608,1416025505162.3762,969601620022.2684,0.0,0.0,0.0,0.0,0.0,0.0,0.0,485519101626.19525,0.0,214052273832.54538,1416025505162.374,-77012117191.40283,0.0,0.0,0.0,0.0,0.0,0.0,0.0,0.0,0.0,0.0,0.0,975307765928.5209,4.3959231629266295e-64,7516988.981732492,3450801.0472804466,0.0,0.0,0.0,0.0,2733042291140.345,5.909933257105607e-63,5831147.4447342595,46393152.13359763,0.0,0.0,0.0,0.0,485520883520.08966,62589821.105793364,214063998942.13007,1416085399913.9827,0.0,0.0,0.0,0.0,1150604253618761.2,0.0,0.0,0.0,1023.3712990507483,0.0,0.0,0.0,-969601620022.2684,0.0,0.0,0.0,2720487578302.8325,0.0,0.0,0.0,0.0,0.0,0.0,0.0,77012117191.40283,0.0,0.0,0.0,-1827898074448.5955,0.0,0.0,0.0,-2.524354896707238e-18,-48196.454919771415,-2.5243548967072378e-26,-0.00048196454919771403,1.5494450791078635e+24,0.0,2.140522738325462e+23,1.4160255051623765e+24,1378108605480.4316,0.0,214052273832.54608,1416025505162.3762,0.0,0.0,0.0,0.0,2720487578302.8325,0.0,0.0,0.0,485519101626.19525,0.0,214052273832.54538,1416025505162.374,0.0,0.0,0.0,0.0,-1827898074448.5955,0.0,0.0,0.0
0.46,-1,-1,1,-48184.652794436035,0.0,-0.0004818465279443603,0.0,1.5486169077877737e+24,0.0,2.1405224498174548e+23,1.4160254949590245e+24,1377372012723.1814,0.0,214052244981.74536,1416025494959.0242,969279071780.27,0.0,0.0,0.0,0.0,0.0,0.0,0.0,485519094742.4735,0.0,214052244981.74484,1416025494959.022,-77426153799.5628,0.0,0.0,0.0,0.0,0.0,0.0,0.0,0.0,0.0,0.0,0.0,975015935686.8312,4.3959076627148516e-64,7535649.174859275,3450788.8765803524,0.0,0.0,0.0,0.0,2734557599163.3784,5.909937907169379e-63,5845233.686401717,46393188.644881815,0.0,0.0,0.0,0.0,485520883520.09015,62589821.10579338,214063998942.13007,1416085399913.9824,0.0,0.0,0.0,0.0,1090183475492112.9,0.0,0.0,0.0,969.631805209443,0.0,0.0,0.0,-969279071780.27,0.0,0.0,0.0,2721987475524.2446,0.0,0.0,0.0,0.0,0.0,0.0,0.0,77426153799.5628,0.0,0.0,0.0,-1830134556573.9033,0.0,0.0,0.0,-3.7865323450608574e-18,-48184.65279443445,-3.7865323450608567e-26,-0.0004818465279443444,1.548616908877956e+24,0.0,2.1405224498174548e+23,1.4160254949590245e+24,1377372013692.812,0.0,214052244981.74536,1416025494959.0242,0.0,0.0,0.0,0.0,2721987475524.2446,0.0,0.0,0.0,485519094742.4735,0.0,214052244981.74484,1416025494959.022,0.0,0.0,0.0,0.0,-1830134556573.9033,0.0,0.0,0.0
0.48,-1,-1,1,-48172.653647519255,0.0,-0.0004817265364751925,0.0,1.54777491216011e+24,0.0,2.1405221576888426e+23,1.4160254846457077e+24,1376623124339.9102,0.0,214052215768.88416,1416025484645.7073,968951840448.616,0.0,0.0,0.0,0.0,0.0,0.0,0.0,485519087766.3942,0.0,214052215768.88364,1416025484645.7046,-77847803875.09962,0.0,0.0,0.0,0.0,0.0,0.0,0.0,0.0,0.0,0.0,0.0,974719986754.0739,4.3958919974677054e-64,7555108.4408205645,3450776.5762883327,0.0,0.0,0.0,0.0,2736084012343.578,5.909942606743779e-63,5856442.699598884,46393225.54493343,0.0,0.0,0.0,0.0,485520883520.09,62589821.10579337,214063998942.13046,1416085399913.9824,0.0,0.0,0.0,0.0,1031458681686441.6,0.0,0.0,0.0,917.4007550161332,0.0,0.0,0.0,-968951840448.616,0.0,0.0,0.0,2723498314750.596,0.0,0.0,0.0,0.0,0.0,0.0,0.0,77847803875.09962,0.0,0.0,0.0,-1832394277259.6775,0.0,0.0,0.0,-2.524354896707238e-18,-48172.65364751763,-2.5243548967072378e-26,-0.00048172653647517627,1.5477749131915697e+24,0.0,2.1405221576888426e+23,1.4160254846457077e+24,1376623125257.312,0.0,214052215768.88416,1416025484645.7073,0.0,0.0,0.0,0.0,2723498314750.596,0.0,0.0,0.0,485519087766.3942,0.0,214052215768.88364,1416025484645.7046,0.0,0.0,0.0,0.0,-1832394277259.6775,0.0,0.0,0.0
0.5,-1,-1,1,-48160.446253692884,0.0,-0.00048160446253692874,0.0,1.5469183033539183e+24,0.0,2.1405218618348076e+23,1.4160254742177338e+24,1375861238692.4224,0.0,214052186183.48065,1416025474217.7334,968619763510.301,0.0,0.0,0.0,0.0,0.0,0.0,0.0,485519080694.17224,0.0,214052186183.48013,1416025474217.7312,-78277605512.0505,0.0,0.0,0.0,0.0,0.0,0.0,0.0,0.0,0.0,0.0,0.0,974419796407.9025,4.39587615999063e-64,7575518.371457777,3450764.140756692,0.0,0.0,0.0,0.0,2737621831437.906,5.909947357987157e-63,5864094.487198835,46393262.8506949,0.0,0.0,0.0,0.0,485520883520.0901,62589821.105793364,214063998942.13034,1416085399913.983,0.0,0.0,0.0,0.0,974407993687295.8,0.0,0.0,0.0,866.6586892660707,0.0,0.0,0.0,-968619763510.301,0.0,0.0,0.0,2725020389204.4424,0.0,0.0,0.0,0.0,0.0,0.0,0.0,78277605512.0505,0.0,0.0,0.0,-1834678230339.5303,0.0,0.0,0.0,-2.524354896707238e-18,-48160.44625369142,-2.5243548967072378e-26,-0.00048160446253691416,1.546918304328327e+24,0.0,2.1405218618348076e+23,1.4160254742177338e+24,1375861239559.0815,0.0,214052186183.48065,1416025474217.7334,0.0,0.0,0.0,0.0,2725020389204.4424,0.0,0.0,0.0,485519080694.17224,0.0,214052186183.48013,1416025474217.7312,0.0,0.0,0.0,0.0,-1834678230339.5303,0.0,0.0,0.0
0.52,-1,-1,1,-48148.017959517005,0.0,-0.00048148017959516996,0.0,1.5460461934317017e+24,0.0,2.1405215621495078e+23,1.4160254636700162e+24,1375085566030.6821,0.0,214052156214.95065,1416025463670.0159,968282670716.9595,0.0,0.0,0.0,0.0,0.0,0.0,0.0,485519073521.71857,0.0,214052156214.9501,1416025463670.0137,-78716178207.99557,0.0,0.0,0.0,0.0,0.0,0.0,0.0,0.0,0.0,0.0,0.0,974115240208.1295,4.395860142469461e-64,7597060.155869625,3450751.5638496955,0.0,0.0,0.0,0.0,2739171350075.155,5.909952163243755e-63,5867379.90532674,46393300.580572605,0.0,0.0,0.0,0.0,485520883520.0902,62589821.10579338,214063998942.1302,1416085399913.9832,0.0,0.0,0.0,0.0,919006361049541.1,0.0,0.0,0.0,817.3833275735378,0.0,0.0,0.0,-968282670716.9595,0.0,0.0,0.0,2726553984290.1797,0.0,0.0,0.0,0.0,0.0,0.0,0.0,78716178207.99557,0.0,0.0,0.0,-1836987490963.832,0.0,0.0,0.0,-2.524354896707238e-18,-48148.017959515506,-2.5243548967072378e-26,-0.00048148017959515494,1.5460461943507076e+24,0.0,2.1405215621495078e+23,1.4160254636700162e+24,1375085566848.0652,0.0,214052156214.95065,1416025463670.0159,0.0,0.0,0.0,0.0,2726553984290.1797,0.0,0.0,0.0,485519073521.71857,0.0,214052156214.9501,1416025463670.0137,0.0,0.0,0.0,0.0,-1836987490963.832,0.0,0.0,0.0
0.54,-1,-1,1,-48135.35444366822,0.0,-0.0004813535444366821,0.0,1.545157577412844e+24,0.0,2.1405212585268588e+23,1.416025452997019e+24,1374295212504.0762,0.0,214052125852.68576,1416025452997.0186,967940383845.9956,0.0,0.0,0.0,0.0,0.0,0.0,0.0,485519066244.60223,0.0,214052125852.68515,1416025452997.016,-79164237586.52222,0.0,0.0,0.0,0.0,0.0,0.0,0.0,0.0,0.0,0.0,0.0,973806192842.3951,4.395843936386827e-64,7619948.989904524,3450738.838878132,0.0,0.0,0.0,0.0,2740732850165.4175,5.9099570250688e-63,5865343.580879969,46393338.75463408,0.0,0.0,0.0,0.0,485520883520.0902,62589821.10579339,214063998942.13028,1416085399913.9836,0.0,0.0,0.0,0.0,865256077022454.8,0.0,0.0,0.0,769.5767096020281,0.0,0.0,0.0,-967940383845.9956,0.0,0.0,0.0,2728099372915.497,0.0,0.0,0.0,0.0,0.0,0.0,0.0,79164237586.52222,0.0,0.0,0.0,-1839323225886.4436,0.0,0.0,0.0,-3.7865323450608574e-18,-48135.35444366676,-3.7865323450608567e-26,-0.0004813535444366675,1.5451575782780993e+24,0.0,2.1405212585268588e+23,1.416025452997019e+24,1374295213273.652,0.0,214052125852.68576,1416025452997.0186,0.0,0.0,0.0,0.0,2728099372915.497,0.0,0.0,0.0,485519066244.60223,0.0,214052125852.68515,1416025452997.016,0.0,0.0,0.0,0.0,-1839323225886.4436,0.0,0.0,0.0
0.56,-1,-1,1,-48122.43944244319,0.0,-0.0004812243944244318,0.0,1.5442513140106607e+24,0.0,2.140520950861478e+23,1.4160254421927107e+24,1373489163028.544,0.0,214052095086.14767,1416025442192.7104,967592716457.788,0.0,0.0,0.0,0.0,0.0,0.0,0.0,485519058858.00684,0.0,214052095086.14725,1416025442192.708,-79622612287.25047,0.0,0.0,0.0,0.0,0.0,0.0,0.0,0.0,0.0,0.0,0.0,973492529132.8538,4.395827532427513e-64,7644438.449468045,3450725.9585252414,0.0,0.0,0.0,0.0,2742306596684.836,5.909961946256849e-63,5856867.97775009,46393377.39482932,0.0,0.0,0.0,0.0,485520883520.09015,62589821.10579336,214063998942.13022,1416085399913.983,0.0,0.0,0.0,0.0,813179322616300.9,0.0,0.0,0.0,723.2585636023432,0.0,0.0,0.0,-967592716457.788,0.0,0.0,0.0,2729656810178.655,0.0,0.0,0.0,0.0,0.0,0.0,0.0,79622612287.25047,0.0,0.0,0.0,-1841686705284.857,0.0,0.0,0.0,-1.262177448353619e-18,-48122.43944244176,-1.2621774483536189e-26,-0.00048122439442441754,1.5442513148238394e+24,0.0,2.140520950861478e+23,1.4160254421927107e+24,1373489163751.802,0.0,214052095086.14767,1416025442192.7104,0.0,0.0,0.0,0.0,2729656810178.655,0.0,0.0,0.0,485519058858.00684,0.0,214052095086.14725,1416025442192.708,0.0,0.0,0.0,0.0,-1841686705284.857,0.0,0.0,0.0
0.58,-1,-1,1,-48109.25443992213,0.0,-0.00048109254439922125,0.0,1.5433261038896824e+24,0.0,2.1405206390497644e+23,1.416025431250494e+24,1372666261948.1572,0.0,214052063904.97632,1416025431250.4937,967239473636.0632,0.0,0.0,0.0,0.0,0.0,0.0,0.0,485519051356.67865,0.0,214052063904.97574,1416025431250.491,-80092263044.58429,0.0,0.0,0.0,0.0,0.0,0.0,0.0,0.0,0.0,0.0,0.0,973174125188.954,4.3958109203719185e-64,7670824.425456172,3450712.9147638185,0.0,0.0,0.0,0.0,2743892831953.0845,5.909966929873792e-63,5840660.620981393,46393416.52523912,0.0,0.0,0.0,0.0,485520883520.0891,62589821.10579337,214063998942.1297,1416085399913.9824,0.0,0.0,0.0,0.0,762718903067083.0,0.0,0.0,0.0,678.3780193645507,0.0,0.0,0.0,-967239473636.0632,0.0,0.0,0.0,2731226527540.0347,0.0,0.0,0.0,0.0,0.0,0.0,0.0,80092263044.58429,0.0,0.0,0.0,-1844079316270.1785,0.0,0.0,0.0,-2.524354896707238e-18,-48109.254439920565,-2.5243548967072378e-26,-0.0004810925443992056,1.543326104652402e+24,0.0,2.1405206390497644e+23,1.416025431250494e+24,1372666262626.536,0.0,214052063904.97632,1416025431250.4937,0.0,0.0,0.0,0.0,2731226527540.0347,0.0,0.0,0.0,485519051356.67865,0.0,214052063904.97574,1416025431250.491,0.0,0.0,0.0,0.0,-1844079316270.1785,0.0,0.0,0.0
0.6,-1,-1,1,-48095.77832433861,0.0,-0.000480957783243386,0.0,1.5423804655512422e+24,0.0,2.1405203229910728e+23,1.4160254201631228e+24,1371825191587.2593,0.0,214052032299.10718,1416025420163.1226,966880451682.8007,0.0,0.0,0.0,0.0,0.0,0.0,0.0,485519043734.874,0.0,214052032299.10663,1416025420163.1206,-80574303830.41498,0.0,0.0,0.0,0.0,0.0,0.0,0.0,0.0,0.0,0.0,0.0,972850859669.0062,4.3957940889746295e-64,7699448.023353298,3450699.6987618366,0.0,0.0,0.0,0.0,2745491769628.038,5.909971979293239e-63,5815247.338407929,46393456.172359005,0.0,0.0,0.0,0.0,485520883520.08936,62589821.105793364,214063998942.1298,1416085399913.9822,0.0,0.0,0.0,0.0,713957925175433.6,0.0,0.0,0.0,635.0089938016608,0.0,0.0,0.0,-966880451682.8007,0.0,0.0,0.0,2732808726704.309,0.0,0.0,0.0,0.0,0.0,0.0,0.0,80574303830.41498,0.0,0.0,0.0,-1846502578216.9119,0.0,0.0,0.0,-3.7865323450608574e-18,-48095.77832433721,-3.7865323450608567e-26,-0.000480957783243372,1.5423804662652013e+24,0.0,2.1405203229910728e+23,1.4160254201631228e+24,1371825192222.2693,0.0,214052032299.10718,1416025420163.1226,0.0,0.0,0.0,0.0,2732808726704.309,0.0,0.0,0.0,485519043734.874,0.0,214052032299.10663,1416025420163.1206,0.0,0.0,0.0,0.0,-1846502578216.9119,0.0,0.0,0.0
0.62,-1,-1,1,-48081.98701526494,0.0,-0.0004808198701526493,0.0,1.5414127091712558e+24,0.0,2.1405200025888543e+23,1.4160254089226294e+24,1370964448981.2446,0.0,214052000258.8853,1416025408922.6292,966515437719.1727,0.0,0.0,0.0,0.0,0.0,0.0,0.0,485519035986.2927,0.0,214052000258.88483,1416025408922.6274,-81070024724.22046,0.0,0.0,0.0,0.0,0.0,0.0,0.0,0.0,0.0,0.0,0.0,972522615077.8839,4.395777025829314e-64,7730696.597722986,3450686.300776334,0.0,0.0,0.0,0.0,2747103588804.6167,5.9099770982371e-63,5778975.353788067,46393496.36541734,0.0,0.0,0.0,0.0,485520883520.0902,62589821.10579338,214063998942.13052,1416085399913.9836,0.0,0.0,0.0,0.0,666869408621809.5,0.0,0.0,0.0,593.12749005761,0.0,0.0,0.0,-966515437719.1727,0.0,0.0,0.0,2734403573603.3696,0.0,0.0,0.0,0.0,0.0,0.0,0.0,81070024724.22046,0.0,0.0,0.0,-1848958160015.2908,0.0,0.0,0.0,-2.524354896707238e-18,-48081.98701526352,-2.5243548967072378e-26,-0.0004808198701526351,1.5414127098381254e+24,0.0,2.1405200025888543e+23,1.4160254089226294e+24,1370964449574.3723,0.0,214052000258.8853,1416025408922.6292,0.0,0.0,0.0,0.0,2734403573603.3696,0.0,0.0,0.0,485519035986.2927,0.0,214052000258.88483,1416025408922.6274,0.0,0.0,0.0,0.0,-1848958160015.2908,0.0,0.0,0.0
0.64,-1,-1,1,-48067.85307020247,0.0,-0.00048067853070202465,0.0,1.5404209089926924e+24,0.0,2.140519677751713e+23,1.416025397520228e+24,1370082321321.849,0.0,214051967775.17117,1416025397520.2278,966144209113.7808,0.0,0.0,0.0,0.0,0.0,0.0,0.0,485519028104.0013,0.0,214051967775.17075,1416025397520.225,-81580915895.93369,0.0,0.0,0.0,0.0,0.0,0.0,0.0,0.0,0.0,0.0,0.0,972189278977.5764,4.395759717219571e-64,7765001.842188153,3450672.710036406,0.0,0.0,0.0,0.0,2748728428830.4375,5.909982290820304e-63,5730031.04670349,46393537.136726215,0.0,0.0,0.0,0.0,485520883520.09015,62589821.10579337,214063998942.13037,1416085399913.9824,0.0,0.0,0.0,0.0,621533940618162.8,0.0,0.0,0.0,552.8051840709522,0.0,0.0,0.0,-966144209113.7808,0.0,0.0,0.0,2736011193096.9854,0.0,0.0,0.0,0.0,0.0,0.0,0.0,81580915895.93369,0.0,0.0,0.0,-1851447899326.333,0.0,0.0,0.0,-2.524354896707238e-18,-48067.85307020114,-2.5243548967072378e-26,-0.0004806785307020113,1.5404209096142244e+24,0.0,2.140519677751713e+23,1.416025397520228e+24,1370082321874.6526,0.0,214051967775.17117,1416025397520.2278,0.0,0.0,0.0,0.0,2736011193096.9854,0.0,0.0,0.0,485519028104.0013,0.0,214051967775.17075,1416025397520.225,0.0,0.0,0.0,0.0,-1851447899326.333,0.0,0.0,0.0
0.66,-1,-1,1,-48053.345283652096,0.0,-0.00048053345283652083,0.0,1.5394028751902983e+24,0.0,2.140519348394225e+23,1.4160253859462028e+24,1369176860933.0518,0.0,214051934839.42236,1416025385946.2024,965766532619.5159,0.0,0.0,0.0,0.0,0.0,0.0,0.0,485519020080.3622,0.0,214051934839.4218,1416025385946.2,-82108691766.82722,0.0,0.0,0.0,0.0,0.0,0.0,0.0,0.0,0.0,0.0,0.0,971850744923.8267,4.3957421479525375e-64,7802833.634301643,3450658.9146120236,0.0,0.0,0.0,0.0,2750366385721.3467,5.90998756160069e-63,5666477.956218861,46393578.52207453,0.0,0.0,0.0,0.0,485520883520.09015,62589821.10579336,214063998942.13028,1416085399913.9822,0.0,0.0,0.0,0.0,577993016176309.6,0.0,0.0,0.0,514.078982366249,0.0,0.0,0.0,-965766532619.5159,0.0,0.0,0.0,2737631665279.1797,0.0,0.0,0.0,0.0,0.0,0.0,0.0,82108691766.82722,0.0,0.0,0.0,-1853973823912.4084,0.0,0.0,0.0,-2.524354896707238e-18,-48053.34528365082,-2.5243548967072378e-26,-0.00048053345283650815,1.539402875768291e+24,0.0,2.140519348394225e+23,1.4160253859462028e+24,1369176861447.1306,0.0,214051934839.42236,1416025385946.2024,0.0,0.0,0.0,0.0,2737631665279.1797,0.0,0.0,0.0,485519020080.3622,0.0,214051934839.4218,1416025385946.2,0.0,0.0,0.0,0.0,-1853973823912.4084,0.0,0.0,0.0
0.68,-1,-1,1,-48038.42829582004,0.0,-0.00048038428295820037,0.0,1.5383561264117153e+24,0.0,2.140519014437144e+23,1.4160253741898057e+24,1368245860848.5752,0.0,214051901443.71426,1416025374189.8054,965382163054.1682,0.0,0.0,0.0,0.0,0.0,0.0,0.0,485519011906.9353,0.0,214051901443.71384,1416025374189.8032,-82655314112.52913,0.0,0.0,0.0,0.0,0.0,0.0,0.0,0.0,0.0,0.0,0.0,971506912873.6412,4.395724301180892e-64,7844688.219156572,3450644.9012745516,0.0,0.0,0.0,0.0,2752017511332.5254,5.90999291563247e-63,5586320.785206971,46393620.56114761,0.0,0.0,0.0,0.0,485520883520.0905,62589821.10579338,214063998942.1305,1416085399913.9834,0.0,0.0,0.0,0.0,536336527852857.4,0.0,0.0,0.0,477.028837248683,0.0,0.0,0.0,-965382163054.1682,0.0,0.0,0.0,2739265024551.313,0.0,0.0,0.0,0.0,0.0,0.0,0.0,82655314112.52913,0.0,0.0,0.0,-1856538175132.647,0.0,0.0,0.0,-2.524354896707238e-18,-48038.42829581855,-2.5243548967072378e-26,-0.0004803842829581854,1.53835612694805e+24,0.0,2.140519014437144e+23,1.4160253741898057e+24,1368245861325.6023,0.0,214051901443.71426,1416025374189.8054,0.0,0.0,0.0,0.0,2739265024551.313,0.0,0.0,0.0,485519011906.9353,0.0,214051901443.71384,1416025374189.8032,0.0,0.0,0.0,0.0,-1856538175132.647,0.0,0.0,0.0
0.7000000000000001,-1,-1,1,-48023.06223022282,0.0,-0.00048023062230222814,0.0,1.5372778643465712e+24,0.0,2.1405186758068335e+23,1.4160253622391237e+24,1367286832193.1072,0.0,214051867580.68323,1416025362239.1233,964990841313.7125,0.0,0.0,0.0,0.0,0.0,0.0,0.0,485519003574.3786,0.0,214051867580.68283,1416025362239.1216,-83223012694.98407,0.0,0.0,0.0,0.0,0.0,0.0,0.0,0.0,0.0,0.0,0.0,971157688749.0178,4.395706158207959e-64,7891069.417041696,3450630.655344318,0.0,0.0,0.0,0.0,2753681816647.006,5.909998358524633e-63,5487600.266409122,46393663.29798295,0.0,0.0,0.0,0.0,485520883520.09076,62589821.10579338,214063998942.13065,1416085399913.9844,0.0,0.0,0.0,0.0,496651048794376.75,0.0,0.0,0.0,441.7317486712709,0.0,0.0,0.0,-964990841313.7125,0.0,0.0,0.0,2740911262827.365,0.0,0.0,0.0,0.0,0.0,0.0,0.0,83223012694.98407,0.0,0.0,0.0,-1859143433766.904,0.0,0.0,0.0,-2.524354896707238e-18,-48023.06223022117,-2.5243548967072378e-26,-0.0004802306223022116,1.5372778648432232e+24,0.0,2.1405186758068335e+23,1.4160253622391237e+24,1367286832634.8398,0.0,214051867580.68323,1416025362239.1233,0.0,0.0,0.0,0.0,2740911262827.365,0.0,0.0,0.0,485519003574.3786,0.0,214051867580.68283,1416025362239.1216,0.0,0.0,0.0,0.0,-1859143433766.904,0.0,0.0,0.0
0.72,-1,-1,1,-48007.20237729326,0.0,-0.0004800720237729325,0.0,1.536164951523954e+24,0.0,2.1405183324335297e+23,1.4160253500809423e+24,1366296984434.914,0.0,214051833243.35287,1416025350080.942,964592291467.3159,0.0,0.0,0.0,0.0,0.0,0.0,0.0,485518995072.3361,0.0,214051833243.35242,1416025350080.9397,-83814302104.73619,0.0,0.0,0.0,0.0,0.0,0.0,0.0,0.0,0.0,0.0,0.0,970802982808.8951,4.3956876982786796e-64,7942461.992900632,3450616.1605275697,0.0,0.0,0.0,0.0,2755359280605.897,5.910003896503694e-63,5368521.2249319805,46393706.78146137,0.0,0.0,0.0,0.0,485520883520.09,62589821.10579338,214063998942.13025,1416085399913.9836,0.0,0.0,0.0,0.0,459049258354123.6,0.0,0.0,0.0,408.28793598897755,0.0,0.0,0.0,-964592291467.3159,0.0,0.0,0.0,2742570338295.5835,0.0,0.0,0.0,0.0,0.0,0.0,0.0,83814302104.73619,0.0,0.0,0.0,-1861792348524.7139,0.0,0.0,0.0,-2.524354896707238e-18,-48007.20237729165,-2.5243548967072378e-26,-0.0004800720237729164,1.536164951983006e+24,0.0,2.1405183324335297e+23,1.4160253500809423e+24,1366296984843.2043,0.0,214051833243.35287,1416025350080.942,0.0,0.0,0.0,0.0,2742570338295.5835,0.0,0.0,0.0,485518995072.3361,0.0,214051833243.35242,1416025350080.9397,0.0,0.0,0.0,0.0,-1861792348524.7139,0.0,0.0,0.0
0.74,-1,-1,1,-47990.79893188666,0.0,-0.00047990798931886653,0.0,1.535013892892299e+24,0.0,2.1405179842481506e+23,1.4160253377005952e+24,1365273209002.6091,0.0,214051798424.81494,1416025337700.595,964186216654.7295,0.0,0.0,0.0,0.0,0.0,0.0,0.0,485518986389.3134,0.0,214051798424.81448,1416025337700.592,-84431994041.43364,0.0,0.0,0.0,0.0,0.0,0.0,0.0,0.0,0.0,0.0,0.0,970442706492.6141,4.3956688983470504e-64,7999297.25066539,3450601.3987351735,0.0,0.0,0.0,0.0,2757049865745.5054,5.910009536483492e-63,5227611.572708297,46393751.06584918,0.0,0.0,0.0,0.0,485520883520.09,62589821.10579339,214063998942.13016,1416085399913.983,0.0,0.0,0.0,0.0,423685076996748.0,0.0,0.0,0.0,376.8342992570251,0.0,0.0,0.0,-964186216654.7295,0.0,0.0,0.0,2744242190994.1777,0.0,0.0,0.0,0.0,0.0,0.0,0.0,84431994041.43364,0.0,0.0,0.0,-1864487968004.0452,0.0,0.0,0.0,-2.524354896707238e-18,-47990.798931885096,-2.5243548967072378e-26,-0.00047990798931885087,1.535013893315985e+24,0.0,2.1405179842481506e+23,1.4160253377005952e+24,1365273209379.444,0.0,214051798424.81494,1416025337700.595,0.0,0.0,0.0,0.0,2744242190994.1777,0.0,0.0,0.0,485518986389.3134,0.0,214051798424.81448,1416025337700.592,0.0,0.0,0.0,0.0,-1864487968004.0452,0.0,0.0,0.0
0.76,-1,-1,1,-47973.79677333722,0.0,-0.00047973796773337216,0.0,1.5338208203857528e+24,0.0,2.1405176311773468e+23,1.4160253250817786e+24,1364212065558.1575,0.0,214051763117.73456,1416025325081.7783,963772293492.9554,0.0,0.0,0.0,0.0,0.0,0.0,0.0,485518977512.5213,0.0,214051763117.73404,1416025325081.7754,-85079205447.31969,0.0,0.0,0.0,0.0,0.0,0.0,0.0,0.0,0.0,0.0,0.0,970076767471.058,4.3956497328107086e-64,8061912.360283244,3450586.349875142,0.0,0.0,0.0,0.0,2758753541464.2344,5.91001528614469e-63,5063903.256305165,46393796.21142027,0.0,0.0,0.0,0.0,485520883520.08984,62589821.105793364,214063998942.13037,1416085399913.9827,0.0,0.0,0.0,0.0,390632714977834.0,0.0,0.0,0.0,347.4368426166475,0.0,0.0,0.0,-963772293492.9554,0.0,0.0,0.0,2745926766004.5566,0.0,0.0,0.0,0.0,0.0,0.0,0.0,85079205447.31969,0.0,0.0,0.0,-1867233677611.4817,0.0,0.0,0.0,-1.262177448353619e-18,-47973.796773336035,-1.2621774483536189e-26,-0.0004797379677333603,1.5338208207763855e+24,0.0,2.1405176311773468e+23,1.4160253250817786e+24,1364212065905.5942,0.0,214051763117.73456,1416025325081.7783,0.0,0.0,0.0,0.0,2745926766004.5566,0.0,0.0,0.0,485518977512.5213,0.0,214051763117.73404,1416025325081.7754,0.0,0.0,0.0,0.0,-1867233677611.4817,0.0,0.0,0.0
0.78,-1,-1,1,-47956.135244828125,0.0,-0.0004795613524482812,0.0,1.5325814774424264e+24,0.0,2.1405172731366947e+23,1.4160253122063353e+24,1363109768227.088,0.0,214051727313.66937,1416025312206.335,963350164699.1072,0.0,0.0,0.0,0.0,0.0,0.0,0.0,485518968427.6892,0.0,214051727313.66882,1416025312206.3333,-85759364899.70778,0.0,0.0,0.0,0.0,0.0,0.0,0.0,0.0,0.0,0.0,0.0,969705062787.6475,4.3956301731793226e-64,8130506.778397125,3450570.9915943183,0.0,0.0,0.0,0.0,2760470314987.3076,5.91002115403442e-63,4877118.053521762,46393842.285233244,0.0,0.0,0.0,0.0,485520883520.0887,62589821.10579336,214063998942.12936,1416085399913.982,0.0,0.0,0.0,0.0,360051878101526.7,0.0,0.0,0.0,320.23761172406375,0.0,0.0,0.0,-963350164699.1072,0.0,0.0,0.0,2747624044294.134,0.0,0.0,0.0,0.0,0.0,0.0,0.0,85759364899.70778,0.0,0.0,0.0,-1870033244174.4966,0.0,0.0,0.0,-3.7865323450608574e-18,-47956.13524482684,-3.7865323450608567e-26,-0.00047956135244826825,1.532581477802479e+24,0.0,2.1405172731366947e+23,1.4160253122063353e+24,1363109768547.326,0.0,214051727313.66937,1416025312206.335,0.0,0.0,0.0,0.0,2747624044294.134,0.0,0.0,0.0,485518968427.6892,0.0,214051727313.66882,1416025312206.3333,0.0,0.0,0.0,0.0,-1870033244174.4966,0.0,0.0,0.0
0.8,-1,-1,1,-47937.7478421946,0.0,-0.0004793774784219459,0.0,1.5312911971674789e+24,0.0,2.140516910022095e+23,1.416025299053956e+24,1361962166176.2874,0.0,214051691002.20938,1416025299053.9556,962919429638.127,0.0,0.0,0.0,0.0,0.0,0.0,0.0,485518959118.8254,0.0,214051691002.20905,1416025299053.9534,-86476222580.66525,0.0,0.0,0.0,0.0,0.0,0.0,0.0,0.0,0.0,0.0,0.0,969327470187.3768,4.395610187636683e-64,8205101.047943909,3450555.2989352974,0.0,0.0,0.0,0.0,2762200269069.3374,5.910027149697529e-63,4667833.268724365,46393889.36215801,0.0,0.0,0.0,0.0,485520883520.0902,62589821.105793364,214063998942.1303,1416085399913.9832,0.0,0.0,0.0,0.0,331910866725746.0,0.0,0.0,0.0,295.2084122598171,0.0,0.0,0.0,-962919429638.127,0.0,0.0,0.0,2749334080192.1846,0.0,0.0,0.0,0.0,0.0,0.0,0.0,86476222580.66525,0.0,0.0,0.0,-1872890872839.512,0.0,0.0,0.0,-2.524354896707238e-18,-47937.74784219307,-2.5243548967072378e-26,-0.00047937747842193067,1.531291197499389e+24,0.0,2.140516910022095e+23,1.416025299053956e+24,1361962166471.495,0.0,214051691002.20938,1416025299053.9556,0.0,0.0,0.0,0.0,2749334080192.1846,0.0,0.0,0.0,485518959118.8254,0.0,214051691002.20905,1416025299053.9534,0.0,0.0,0.0,0.0,-1872890872839.512,0.0,0.0,0.0
0.8200000000000001,-1,-1,1,-47918.56165852803,0.0,-0.0004791856165852802,0.0,1.529944863359908e+24,0.0,2.140516541699253e+23,1.416025285601751e+24,1360764708950.42,0.0,214051654169.92517,1416025285601.7507,962479632469.7135,0.0,0.0,0.0,0.0,0.0,0.0,0.0,485518949567.8497,0.0,214051654169.92477,1416025285601.748,-87233873087.14377,0.0,0.0,0.0,0.0,0.0,0.0,0.0,0.0,0.0,0.0,0.0,968943837989.1876,4.3955897404058695e-64,8285504.694598566,3450539.2438406507,0.0,0.0,0.0,0.0,2763943604336.164,5.9100332838671e-63,4437597.392304498,46393937.526365705,0.0,0.0,0.0,0.0,485520883520.09,62589821.105793394,214063998942.13016,1416085399913.984,0.0,0.0,0.0,0.0,306345066663918.1,0.0,0.0,0.0,272.4696591757238,0.0,0.0,0.0,-962479632469.7135,0.0,0.0,0.0,2751057043319.079,0.0,0.0,0.0,0.0,0.0,0.0,0.0,87233873087.14377,0.0,0.0,0.0,-1875811283664.0374,0.0,0.0,0.0,-2.524354896707238e-18,-47918.56165852655,-2.5243548967072378e-26,-0.0004791856165852655,1.5299448636662527e+24,0.0,2.140516541699253e+23,1.416025285601751e+24,1360764709222.8892,0.0,214051654169.92517,1416025285601.7507,0.0,0.0,0.0,0.0,2751057043319.079,0.0,0.0,0.0,485518949567.8497,0.0,214051654169.92477,1416025285601.748,0.0,0.0,0.0,0.0,-1875811283664.0374,0.0,0.0,0.0
0.84,-1,-1,1,-47898.4963437122,0.0,-0.0004789849634371219,0.0,1.5285368374999892e+24,0.0,2.140516167991684e+23,1.4160252718236025e+24,1359512381533.0386,0.0,214051616799.16827,1416025271823.602,962030247415.886,0.0,0.0,0.0,0.0,0.0,0.0,0.0,485518939754.0799,0.0,214051616799.16788,1416025271823.6003,-88036805636.92764,0.0,0.0,0.0,0.0,0.0,0.0,0.0,0.0,0.0,0.0,0.0,968553974096.6656,4.3955687907662075e-64,8371300.21303295,3450522.794381773,0.0,0.0,0.0,0.0,2765700683189.2637,5.910039568759327e-63,4188966.4860010725,46393986.873639524,0.0,0.0,0.0,0.0,485520883520.0903,62589821.10579338,214063998942.1302,1416085399913.984,0.0,0.0,0.0,0.0,283238631223687.56,0.0,0.0,0.0,251.91831601969898,0.0,0.0,0.0,-962030247415.886,0.0,0.0,0.0,2752793261781.298,0.0,0.0,0.0,0.0,0.0,0.0,0.0,88036805636.92764,0.0,0.0,0.0,-1878799819750.419,0.0,0.0,0.0,-2.524354896707238e-18,-47898.49634371065,-2.5243548967072378e-26,-0.00047898496343710647,1.5285368377832278e+24,0.0,2.140516167991684e+23,1.4160252718236025e+24,1359512381784.9568,0.0,214051616799.16827,1416025271823.602,0.0,0.0,0.0,0.0,2752793261781.298,0.0,0.0,0.0,485518939754.0799,0.0,214051616799.16788,1416025271823.6003,0.0,0.0,0.0,0.0,-1878799819750.419,0.0,0.0,0.0
0.86,-1,-1,1,-47877.46220842542,0.0,-0.0004787746220842542,0.0,1.5270608257005506e+24,0.0,2.1405157886665483e+23,1.416025257689112e+24,1358199586010.2905,0.0,214051578866.65472,1416025257689.1116,961570660253.7253,0.0,0.0,0.0,0.0,0.0,0.0,0.0,485518929653.35724,0.0,214051578866.65433,1416025257689.1099,-88890003896.79218,0.0,0.0,0.0,0.0,0.0,0.0,0.0,0.0,0.0,0.0,0.0,968157634896.013,4.395547291446903e-64,8461848.734096196,3450505.913498442,0.0,0.0,0.0,0.0,2767472071685.059,5.910046018555456e-63,3925440.3311963095,46394037.515157826,0.0,0.0,0.0,0.0,485520883520.08984,62589821.10579336,214063998942.13,1416085399913.9824,0.0,0.0,0.0,0.0,262502015305651.8,0.0,0.0,0.0,233.47473952220753,0.0,0.0,0.0,-961570660253.7253,0.0,0.0,0.0,2754543262889.8965,0.0,0.0,0.0,0.0,0.0,0.0,0.0,88890003896.79218,0.0,0.0,0.0,-1881862606299.4868,0.0,0.0,0.0,-2.524354896707238e-18,-47877.46220842399,-2.5243548967072378e-26,-0.00047877462208423976,1.527060825963052e+24,0.0,2.1405157886665483e+23,1.416025257689112e+24,1358199586243.7646,0.0,214051578866.65472,1416025257689.1116,0.0,0.0,0.0,0.0,2754543262889.8965,0.0,0.0,0.0,485518929653.35724,0.0,214051578866.65433,1416025257689.1099,0.0,0.0,0.0,0.0,-1881862606299.4868,0.0,0.0,0.0
0.88,-1,-1,1,-47855.356881836255,0.0,-0.00047855356881836247,0.0,1.525509644164713e+24,0.0,2.1405154034168942e+23,1.4160252431617747e+24,1356819932964.1619,0.0,214051540341.6893,1416025243161.7744,961100144205.4338,0.0,0.0,0.0,0.0,0.0,0.0,0.0,485518919236.58,0.0,214051540341.689,1416025243161.7722,-89799130477.85162,0.0,0.0,0.0,0.0,0.0,0.0,0.0,0.0,0.0,0.0,0.0,967754514812.6259,4.395525185858342e-64,8556319.809513705,3450488.5568239396,0.0,0.0,0.0,0.0,2769258575917.6943,5.910052650232367e-63,3651292.9548217603,46394089.58401767,0.0,0.0,0.0,0.0,485520883520.0899,62589821.105793394,214063998942.1303,1416085399913.983,0.0,0.0,0.0,0.0,244001504911245.53,0.0,0.0,0.0,217.0200016782619,0.0,0.0,0.0,-961100144205.4338,0.0,0.0,0.0,2756307807696.8867,0.0,0.0,0.0,0.0,0.0,0.0,0.0,89799130477.85162,0.0,0.0,0.0,-1885006793752.2822,0.0,0.0,0.0,-1.262177448353619e-18,-47855.35688183473,-1.2621774483536189e-26,-0.0004785535688183472,1.525509644408714e+24,0.0,2.1405154034168942e+23,1.4160252431617747e+24,1356819933181.1816,0.0,214051540341.6893,1416025243161.7744,0.0,0.0,0.0,0.0,2756307807696.8867,0.0,0.0,0.0,485518919236.58,0.0,214051540341.689,1416025243161.7722,0.0,0.0,0.0,0.0,-1885006793752.2822,0.0,0.0,0.0
0.9,-1,-1,1,-47832.05951122434,0.0,-0.0004783205951122433,0.0,1.5238748121509401e+24,0.0,2.140515011835936e+23,1.4160252281957034e+24,1355365879447.1487,0.0,214051501183.59348,1416025228195.7031,960617826489.3691,0.0,0.0,0.0,0.0,0.0,0.0,0.0,485518908467.0276,0.0,214051501183.59314,1416025228195.7012,-90770855509.24908,0.0,0.0,0.0,0.0,0.0,0.0,0.0,0.0,0.0,0.0,0.0,967344237202.3138,4.395502403102843e-64,8653743.397950618,3450470.668762471,0.0,0.0,0.0,0.0,2771061270075.528,5.910059485059366e-63,3371311.9476639577,46394143.247002736,0.0,0.0,0.0,0.0,485520883520.0901,62589821.10579335,214063998942.13025,1416085399913.9822,0.0,0.0,0.0,0.0,227536164271429.84,0.0,0.0,0.0,202.37538604531437,0.0,0.0,0.0,-960617826489.3691,0.0,0.0,0.0,2758087916120.9087,0.0,0.0,0.0,0.0,0.0,0.0,0.0,90770855509.24908,0.0,0.0,0.0,-1888240944938.4114,0.0,0.0,0.0,-2.524354896707238e-18,-47832.05951122288,-2.5243548967072378e-26,-0.00047832059511222866,1.5238748123784752e+24,0.0,2.140515011835936e+23,1.4160252281957034e+24,1355365879649.5232,0.0,214051501183.59348,1416025228195.7031,0.0,0.0,0.0,0.0,2758087916120.9087,0.0,0.0,0.0,485518908467.0276,0.0,214051501183.59314,1416025228195.7012,0.0,0.0,0.0,0.0,-1888240944938.4114,0.0,0.0,0.0
0.92,-1,-1,1,-47807.42063645386,0.0,-0.00047807420636453857,0.0,1.5221458414261318e+24,0.0,2.1405146133731982e+23,1.4160252127294454e+24,1353828097007.0935,0.0,214051461337.3197,1416025212729.445,960122637987.5309,0.0,0.0,0.0,0.0,0.0,0.0,0.0,485518897295.309,0.0,214051461337.31934,1416025212729.443,-91813438275.74646,0.0,0.0,0.0,0.0,0.0,0.0,0.0,0.0,0.0,0.0,0.0,966926347129.7488,4.395478848588177e-64,8753077.691739883,3450452.1751103154,0.0,0.0,0.0,0.0,2772881514070.1685,5.910066551414155e-63,3090479.7411926575,46394198.72671973,0.0,0.0,0.0,0.0,485520883520.0906,62589821.10579337,214063998942.13046,1416085399913.9836,0.0,0.0,0.0,0.0,212928305220038.72,0.0,0.0,0.0,189.38285308121704,0.0,0.0,0.0,-960122637987.5309,0.0,0.0,0.0,2759884879810.1636,0.0,0.0,0.0,0.0,0.0,0.0,0.0,91813438275.74646,0.0,0.0,0.0,-1891575679908.997,0.0,0.0,0.0,-2.524354896707238e-18,-47807.42063645264,-2.5243548967072378e-26,-0.0004780742063645263,1.5221458416390616e+24,0.0,2.1405146133731982e+23,1.4160252127294454e+24,1353828097196.4778,0.0,214051461337.3197,1416025212729.445,0.0,0.0,0.0,0.0,2759884879810.1636,0.0,0.0,0.0,485518897295.309,0.0,214051461337.31934,1416025212729.443,0.0,0.0,0.0,0.0,-1891575679908.997,0.0,0.0,0.0
0.9400000000000001,-1,-1,1,-47781.244098700736,0.0,-0.00047781244098700726,0.0,1.5203089667337098e+24,0.0,2.1405142072499668e+23,1.416025196673867e+24,1352194342539.1562,0.0,214051420724.99655,1416025196673.8667,959613230855.5688,0.0,0.0,0.0,0.0,0.0,0.0,0.0,485518885649.4112,0.0,214051420724.99628,1416025196673.8647,-92937773965.82591,0.0,0.0,0.0,0.0,0.0,0.0,0.0,0.0,0.0,0.0,0.0,966500306611.3818,4.395454385703818e-64,8853283.17047725,3450432.968653237,0.0,0.0,0.0,0.0,2774720958688.493,5.910073890279845e-63,2813642.0996390465,46394256.34480314,0.0,0.0,0.0,0.0,485520883520.09015,62589821.105793364,214063998942.13025,1416085399913.9832,0.0,0.0,0.0,0.0,200004762353885.78,0.0,0.0,0.0,177.8883858830668,0.0,0.0,0.0,-959613230855.5688,0.0,0.0,0.0,2761700259195.707,0.0,0.0,0.0,0.0,0.0,0.0,0.0,92937773965.82591,0.0,0.0,0.0,-1895024802128.0754,0.0,0.0,0.0,-2.524354896707238e-18,-47781.24409869927,-2.5243548967072378e-26,-0.0004778124409869927,1.520308966933713e+24,0.0,2.1405142072499668e+23,1.416025196673867e+24,1352194342717.0432,0.0,214051420724.99655,1416025196673.8667,0.0,0.0,0.0,0.0,2761700259195.707,0.0,0.0,0.0,485518885649.4112,0.0,214051420724.99628,1416025196673.8647,0.0,0.0,0.0,0.0,-1895024802128.0754,0.0,0.0,0.0
0.96,-1,-1,1,-47753.25365155326,0.0,-0.0004775325365155326,0.0,1.5183448027749482e+24,0.0,2.1405137922853e+23,1.4160251798877278e+24,1350447374356.3909,0.0,214051379228.52988,1416025179887.7275,959087833383.7446,0.0,0.0,0.0,0.0,0.0,0.0,0.0,485518873414.55554,0.0,214051379228.52954,1416025179887.7266,-94159332441.90903,0.0,0.0,0.0,0.0,0.0,0.0,0.0,0.0,0.0,0.0,0.0,966065493334.5098,4.395428798972713e-64,8953392.145637905,3450412.8802120406,0.0,0.0,0.0,0.0,2776581534537.882,5.910081566299575e-63,2545210.852922173,46394316.60878008,0.0,0.0,0.0,0.0,485520883520.0893,62589821.105793364,214063998942.1299,1416085399913.982,0.0,0.0,0.0,0.0,188656053935778.44,0.0,0.0,0.0,167.79460912197828,0.0,0.0,0.0,-959087833383.7446,0.0,0.0,0.0,2763535857943.0317,0.0,0.0,0.0,0.0,0.0,0.0,0.0,94159332441.90903,0.0,0.0,0.0,-1898607356833.4016,0.0,0.0,0.0,-3.7865323450608574e-18,-47753.253651551764,-3.7865323450608567e-26,-0.00047753253651551753,1.5183448029636041e+24,0.0,2.1405137922853e+23,1.4160251798877278e+24,1350447374524.1853,0.0,214051379228.52988,1416025179887.7275,0.0,0.0,0.0,0.0,2763535857943.0317,0.0,0.0,0.0,485518873414.55554,0.0,214051379228.52954,1416025179887.7266,0.0,0.0,0.0,0.0,-1898607356833.4016,0.0,0.0,0.0
0.98,-1,-1,1,-47723.029261576325,0.0,-0.00047723029261576315,0.0,1.5162238741993583e+24,0.0,2.1405133665269737e+23,1.416025162127346e+24,1348560976470.4375,0.0,214051336652.69727,1416025162127.3457,958543979396.9022,0.0,0.0,0.0,0.0,0.0,0.0,0.0,485518860391.53534,0.0,214051336652.69693,1416025162127.343,-95501863318.00072,0.0,0.0,0.0,0.0,0.0,0.0,0.0,0.0,0.0,0.0,0.0,965621205053.9683,4.395401718320989e-64,9052564.264808763,3450391.6191512905,0.0,0.0,0.0,0.0,2778465416346.372,5.910089690495528e-63,2288939.1725692526,46394380.39053688,0.0,0.0,0.0,0.0,485520883520.08997,62589821.10579337,214063998942.13025,1416085399913.9832,0.0,0.0,0.0,0.0,178775056156299.5,0.0,0.0,0.0,159.00624465895817,0.0,0.0,0.0,-958543979396.9022,0.0,0.0,0.0,2765393660041.524,0.0,0.0,0.0,0.0,0.0,0.0,0.0,95501863318.00072,0.0,0.0,0.0,-1902351543803.6157,0.0,0.0,0.0,-3.7865323450608574e-18,-47723.029261574775,-3.7865323450608567e-26,-0.0004772302926157477,1.5162238743781336e+24,0.0,2.1405133665269737e+23,1.416025162127346e+24,1348560976629.444,0.0,214051336652.69727,1416025162127.3457,0.0,0.0,0.0,0.0,2765393660041.524,0.0,0.0,0.0,485518860391.53534,0.0,214051336652.69693,1416025162127.343,0.0,0.0,0.0,0.0,-1902351543803.6157,0.0,0.0,0.0
1.0,-1,-1,1,-47689.88212199075,0.0,-0.0004768988212199074,0.0,1.5138978448978945e+24,0.0,2.140512926459009e+23,1.4160251429412885e+24,1346492157742.9014,0.0,214051292645.90076,1416025142941.288,957977982816.1176,0.0,0.0,0.0,0.0,0.0,0.0,0.0,485518846209.3549,0.0,214051292645.9003,1416025142941.2869,-97004671282.57207,0.0,0.0,0.0,0.0,0.0,0.0,0.0,0.0,0.0,0.0,0.0,965166674213.9061,4.395372461071889e-64,9150121.363997051,3450368.6492859605,0.0,0.0,0.0,0.0,2780374945081.47,5.910098467670714e-63,2047791.7452191564,46394449.29859287,0.0,0.0,0.0,0.0,485520883520.09015,62589821.10579337,214063998942.13043,1416085399913.9827,0.0,0.0,0.0,0.0,170400352087920.0,0.0,0.0,0.0,151.55760907928925,0.0,0.0,0.0,-957977982816.1176,0.0,0.0,0.0,2767275698895.142,0.0,0.0,0.0,0.0,0.0,0.0,0.0,97004671282.57207,0.0,0.0,0.0,-1906302387210.0386,0.0,0.0,0.0,-2.524354896707238e-18,-47689.882121989416,-2.5243548967072378e-26,-0.0004768988212198941,1.513897845068295e+24,0.0,2.140512926459009e+23,1.4160251429412885e+24,1346492157894.4592,0.0,214051292645.90076,1416025142941.288,0.0,0.0,0.0,0.0,2767275698895.142,0.0,0.0,0.0,485518846209.3549,0.0,214051292645.9003,1416025142941.2869,0.0,0.0,0.0,0.0,-1906302387210.0386,0.0,0.0,0.0
1.02,-1,-1,1,-47652.60432915556,0.0,-0.0004765260432915556,0.0,1.511281951993809e+24,0.0,2.140512465290418e+23,1.4160251214480848e+24,1344165528312.3113,0.0,214051246529.0417,1416025121448.0845,957383888880.5054,0.0,0.0,0.0,0.0,0.0,0.0,0.0,485518830140.3896,0.0,214051246529.04126,1416025121448.082,-98737190708.58464,0.0,0.0,0.0,0.0,0.0,0.0,0.0,0.0,0.0,0.0,0.0,964701101127.4596,4.395339699068937e-64,9245558.590119425,3450342.9274891377,0.0,0.0,0.0,0.0,2782312476172.137,5.910108296272119e-63,1823914.140360458,46394526.4622589,0.0,0.0,0.0,0.0,485520883520.0906,62589821.105793364,214063998942.1306,1416085399913.983,0.0,0.0,0.0,0.0,163384820343052.94,0.0,0.0,0.0,145.31784956797492,0.0,0.0,0.0,-957383888880.5054,0.0,0.0,0.0,2769183799538.63,0.0,0.0,0.0,0.0,0.0,0.0,0.0,98737190708.58464,0.0,0.0,0.0,-1910537101221.3928,0.0,0.0,0.0,-2.524354896707238e-18,-47652.60432915404,-2.5243548967072378e-26,-0.00047652604329154034,1.5112819521571936e+24,0.0,2.140512465290418e+23,1.4160251214480848e+24,1344165528457.6292,0.0,214051246529.0417,1416025121448.0845,0.0,0.0,0.0,0.0,2769183799538.63,0.0,0.0,0.0,485518830140.3896,0.0,214051246529.04126,1416025121448.082,0.0,0.0,0.0,0.0,-1910537101221.3928,0.0,0.0,0.0
1.04,-1,-1,1,-47608.96113146824,0.0,-0.0004760896113146824,0.0,1.508219375359614e+24,0.0,2.1405119692494354e+23,1.416025095864072e+24,1341441609103.1467,0.0,214051196924.94342,1416025095864.0715,956751344516.9662,0.0,0.0,0.0,0.0,0.0,0.0,0.0,485518810707.13,0.0,214051196924.94315,1416025095864.0693,-100828546120.95126,0.0,0.0,0.0,0.0,0.0,0.0,0.0,0.0,0.0,0.0,0.0,964223718826.6877,4.395300753477006e-64,9338531.820265884,3450312.3499774267,0.0,0.0,0.0,0.0,2784280105322.0303,5.910119979950315e-63,1618690.221990015,46394618.192744076,0.0,0.0,0.0,0.0,485520883520.0904,62589821.10579339,214063998942.13025,1416085399913.9832,0.0,0.0,0.0,0.0,157171875462874.6,0.0,0.0,0.0,139.7919274683809,0.0,0.0,0.0,-956751344516.9662,0.0,0.0,0.0,2771119089319.346,0.0,0.0,0.0,0.0,0.0,0.0,0.0,100828546120.95126,0.0,0.0,0.0,-1915196290783.5356,0.0,0.0,0.0,-2.524354896707238e-18,-47608.96113146682,-2.5243548967072378e-26,-0.0004760896113146681,1.5082193755167846e+24,0.0,2.1405119692494354e+23,1.416025095864072e+24,1341441609242.9375,0.0,214051196924.94342,1416025095864.0715,0.0,0.0,0.0,0.0,2771119089319.346,0.0,0.0,0.0,485518810707.13,0.0,214051196924.94315,1416025095864.0693,0.0,0.0,0.0,0.0,-1915196290783.5356,0.0,0.0,0.0
1.06,-1,-1,1,-47554.65580560363,0.0,-0.00047554655805603625,0.0,1.504408599846836e+24,0.0,2.1405114095473467e+23,1.416025062497983e+24,1338052226285.695,0.0,214051140954.73456,1416025062497.9827,956061238476.7618,0.0,0.0,0.0,0.0,0.0,0.0,0.0,485518784843.31854,0.0,214051140954.73416,1416025062497.982,-103527797034.3864,0.0,0.0,0.0,0.0,0.0,0.0,0.0,0.0,0.0,0.0,0.0,963733905603.0577,4.3952500975815756e-64,9428823.67888951,3450272.576782424,0.0,0.0,0.0,0.0,2786279216123.9487,5.910135176719731e-63,1432866.237517041,46394737.50966249,0.0,0.0,0.0,0.0,485520883520.09045,62589821.10579338,214063998942.1304,1416085399913.9836,0.0,0.0,0.0,0.0,149433250934279.8,0.0,0.0,0.0,132.9090342305135,0.0,0.0,0.0,-956061238476.7618,0.0,0.0,0.0,2773081106213.276,0.0,0.0,0.0,0.0,0.0,0.0,0.0,103527797034.3864,0.0,0.0,0.0,-1920547664637.9907,0.0,0.0,0.0,-1.262177448353619e-18,-47554.65580560211,-1.2621774483536189e-26,-0.000475546558056021,1.5044085999962687e+24,0.0,2.1405114095473467e+23,1.416025062497983e+24,1338052226418.6035,0.0,214051140954.73456,1416025062497.9827,0.0,0.0,0.0,0.0,2773081106213.276,0.0,0.0,0.0,485518784843.31854,0.0,214051140954.73416,1416025062497.982,0.0,0.0,0.0,0.0,-1920547664637.9907,0.0,0.0,0.0
1.08,-1,-1,1,-47481.226468171444,0.0,-0.00047481226468171434,0.0,1.4992558284230457e+24,0.0,2.1405107249476455e+23,1.4160250136096e+24,1333469244457.589,0.0,214051072494.76443,1416025013609.5999,955276786889.7736,0.0,0.0,0.0,0.0,0.0,0.0,0.0,485518746104.07245,0.0,214051072494.7641,1416025013609.597,-107326288536.25742,0.0,0.0,0.0,0.0,0.0,0.0,0.0,0.0,0.0,0.0,0.0,963231353500.0011,4.395176182473903e-64,9516292.608333308,3450214.53944786,0.0,0.0,0.0,0.0,2788309830602.5947,5.910157351253219e-63,1266715.4412051577,46394911.61777528,0.0,0.0,0.0,0.0,485520883520.0901,62589821.10579337,214063998942.1303,1416085399913.9834,0.0,0.0,0.0,0.0,134041293657321.61,0.0,0.0,0.0,119.2191080339835,0.0,0.0,0.0,-955276786889.7736,0.0,0.0,0.0,2775066254859.1133,0.0,0.0,0.0,0.0,0.0,0.0,0.0,107326288536.25742,0.0,0.0,0.0,-1927115756386.3743,0.0,0.0,0.0,-2.524354896707238e-18,-47481.22646817026,-2.5243548967072378e-26,-0.0004748122646817025,1.4992558285570873e+24,0.0,2.1405107249476455e+23,1.4160250136096e+24,1333469244576.8086,0.0,214051072494.76443,1416025013609.5999,0.0,0.0,0.0,0.0,2775066254859.1133,0.0,0.0,0.0,485518746104.07245,0.0,214051072494.7641,1416025013609.597,0.0,0.0,0.0,0.0,-1927115756386.3743,0.0,0.0,0.0
1.1,-1,-1,1,-47371.83476524682,0.0,-0.00047371834765246815,0.0,1.491579462840649e+24,0.0,2.1405097840017728e+23,1.4160249328624287e+24,1326641725618.3894,0.0,214050978400.17715,1416024932862.4285,954325551588.6046,0.0,0.0,0.0,0.0,0.0,0.0,0.0,485518680856.21954,0.0,214050978400.17676,1416024932862.4255,-113202506826.43575,0.0,0.0,0.0,0.0,0.0,0.0,0.0,0.0,0.0,0.0,0.0,962716263931.6863,4.3950547484606054e-64,9600813.347439367,3450119.189325994,0.0,0.0,0.0,0.0,2790369894703.4062,5.910193781459122e-63,1120217.224797534,46395197.66174806,0.0,0.0,0.0,0.0,485520883520.09143,62589821.10579338,214063998942.1312,1416085399913.985,0.0,0.0,0.0,0.0,97990443533441.45,0.0,0.0,0.0,87.1547338522214,0.0,0.0,0.0,-954325551588.6046,0.0,0.0,0.0,2777065296774.4375,0.0,0.0,0.0,0.0,0.0,0.0,0.0,113202506826.43575,0.0,0.0,0.0,-1935942251925.1135,0.0,0.0,0.0,-2.524354896707238e-18,-47371.834765245156,-2.5243548967072378e-26,-0.00047371834765245146,1.4915794629386393e+24,0.0,2.1405097840017728e+23,1.4160249328624287e+24,1326641725705.544,0.0,214050978400.17715,1416024932862.4285,0.0,0.0,0.0,0.0,2777065296774.4375,0.0,0.0,0.0,485518680856.21954,0.0,214050978400.17676,1416024932862.4255,0.0,0.0,0.0,0.0,-1935942251925.1135,0.0,0.0,0.0
1.12,-1,-1,1,-47193.09971411597,0.0,-0.0004719309971411596,0.0,1.4790370634767997e+24,0.0,2.140508303483226e+23,1.4160247857330493e+24,1315486255360.195,0.0,214050830348.32248,1416024785733.0488,953064317112.5468,0.0,0.0,0.0,0.0,0.0,0.0,0.0,485518560217.39136,0.0,214050830348.3221,1416024785733.0461,-123096621969.74321,0.0,0.0,0.0,0.0,0.0,0.0,0.0,0.0,0.0,0.0,0.0,962189453166.2229,4.394834925637424e-64,9682224.20646692,3449946.5836692764,0.0,0.0,0.0,0.0,2792454969589.1875,5.910259728309538e-63,993232.5871565795,46395715.467145786,0.0,0.0,0.0,0.0,485520883520.0907,62589821.10579337,214063998942.13055,1416085399913.9846,0.0,0.0,0.0,0.0,24523863593792.598,0.0,0.0,0.0,21.812033168476773,0.0,0.0,0.0,-953064317112.5468,0.0,0.0,0.0,2779059552907.944,0.0,0.0,0.0,0.0,0.0,0.0,0.0,123096621969.74321,0.0,0.0,0.0,-1949091857743.3271,0.0,0.0,0.0,-2.524354896707238e-18,-47193.09971411466,-2.5243548967072378e-26,-0.00047193099714114647,1.479037063501323e+24,0.0,2.140508303483226e+23,1.4160247857330493e+24,1315486255382.0068,0.0,214050830348.32248,1416024785733.0488,0.0,0.0,0.0,0.0,2779059552907.944,0.0,0.0,0.0,485518560217.39136,0.0,214050830348.3221,1416024785733.0461,0.0,0.0,0.0,0.0,-1949091857743.3271,0.0,0.0,0.0
1.1400000000000001,-1,-1,1,-46880.18744086898,0.0,-0.0004688018744086897,0.0,1.4570790639137105e+24,0.0,2.1405056731976456e+23,1.4160244995173765e+24,1295956354904.1868,0.0,214050567319.76443,1416024499517.3762,951214580076.6764,0.0,0.0,0.0,0.0,0.0,0.0,0.0,485518323170.1243,0.0,214050567319.76413,1416024499517.374,-140776548342.6148,0.0,0.0,0.0,0.0,0.0,0.0,0.0,0.0,0.0,0.0,0.0,961652135080.2234,4.394411110462028e-64,9760301.168466263,3449613.80263112,0.0,0.0,0.0,0.0,2794559208792.5337,5.910386872868845e-63,885685.5662493625,46396713.78794757,0.0,0.0,0.0,0.0,485520883520.0898,62589821.10579339,214063998942.1303,1416085399913.983,0.0,0.0,0.0,0.0,-69757756433916.27,0.0,0.0,0.0,-62.04399609693792,0.0,0.0,0.0,-951214580076.6764,0.0,0.0,0.0,2781015500196.9707,0.0,0.0,0.0,0.0,0.0,0.0,0.0,140776548342.6148,0.0,0.0,0.0,-1970577468524.9524,0.0,0.0,0.0,-1.262177448353619e-18,-46880.18744086762,-1.2621774483536189e-26,-0.00046880187440867613,1.4570790638439533e+24,0.0,2.1405056731976456e+23,1.4160244995173765e+24,1295956354842.143,0.0,214050567319.76443,1416024499517.3762,0.0,0.0,0.0,0.0,2781015500196.9707,0.0,0.0,0.0,485518323170.1243,0.0,214050567319.76413,1416024499517.374,0.0,0.0,0.0,0.0,-1970577468524.9524,0.0,0.0,0.0
1.16,-1,-1,1,-46312.222999222984,0.0,-0.00046312222999222974,0.0,1.417223383547352e+24,0.0,2.140500582710881e+23,1.4160239222685254e+24,1260507885751.746,0.0,214050058271.08798,1416023922268.525,948255826060.9086,0.0,0.0,0.0,0.0,0.0,0.0,0.0,485517841642.6732,0.0,214050058271.08765,1416023922268.5232,-173265781951.83667,0.0,0.0,0.0,0.0,0.0,0.0,0.0,0.0,0.0,0.0,0.0,961105195804.1216,4.393568713828914e-64,9834757.16007501,3448952.3501418983,0.0,0.0,0.0,0.0,2796678239612.161,5.910639591872074e-63,797827.7620755461,46398698.101062074,0.0,0.0,0.0,0.0,485520883520.08984,62589821.10579337,214063998942.13007,1416085399913.9832,0.0,0.0,0.0,0.0,23558229446780.973,0.0,0.0,0.0,20.9531781205078,0.0,0.0,0.0,-948255826060.9086,0.0,0.0,0.0,2782877122314.141,0.0,0.0,0.0,0.0,0.0,0.0,0.0,173265781951.83667,0.0,0.0,0.0,-2007887078184.113,0.0,0.0,0.0,-2.524354896707238e-18,-46312.22299922148,-2.5243548967072378e-26,-0.0004631222299922147,1.41722338357091e+24,0.0,2.140500582710881e+23,1.4160239222685254e+24,1260507885772.699,0.0,214050058271.08798,1416023922268.525,0.0,0.0,0.0,0.0,2782877122314.141,0.0,0.0,0.0,485517841642.6732,0.0,214050058271.08765,1416023922268.5232,0.0,0.0,0.0,0.0,-2007887078184.113,0.0,0.0,0.0
1.18,-1,-1,1,-45277.39998215438,0.0,-0.0004527739998215437,0.0,1.3446071770625917e+24,0.0,2.1404902327511095e+23,1.4160227394150307e+24,1195921524864.652,0.0,214049023275.11084,1416022739415.0305,943274246703.0204,0.0,0.0,0.0,0.0,0.0,0.0,0.0,485516849011.8178,0.0,214049023275.1105,1416022739415.0286,-232869570850.18668,0.0,0.0,0.0,0.0,0.0,0.0,0.0,0.0,0.0,0.0,0.0,960548326844.3301,4.391887892809649e-64,9905184.83086039,3447632.564746315,0.0,0.0,0.0,0.0,2798812400633.447,5.911143838204378e-63,730759.4164845144,46402657.36873737,0.0,0.0,0.0,0.0,485520883520.0905,62589821.10579336,214063998942.13043,1416085399913.9834,0.0,0.0,0.0,0.0,1141678611492054.8,0.0,0.0,0.0,1015.4326477296345,0.0,0.0,0.0,-943274246703.0204,0.0,0.0,0.0,2784554210819.703,0.0,0.0,0.0,0.0,0.0,0.0,0.0,232869570850.18668,0.0,0.0,0.0,-2074149533951.4368,0.0,0.0,0.0,-2.524354896707238e-18,-45277.399982152936,-2.5243548967072378e-26,-0.00045277399982152924,1.3446071782042705e+24,0.0,2.1404902327511095e+23,1.4160227394150307e+24,1195921525880.0852,0.0,214049023275.11084,1416022739415.0305,0.0,0.0,0.0,0.0,2784554210819.703,0.0,0.0,0.0,485516849011.8178,0.0,214049023275.1105,1416022739415.0286,0.0,0.0,0.0,0.0,-2074149533951.4368,0.0,0.0,0.0
1.2,-1,-1,1,-43431.297436135064,0.0,-0.00043431297436135057,0.0,1.2150621013282653e+24,0.0,2.140468677365031e+23,1.416020303921814e+24,1080701446351.2006,0.0,214046867736.503,1416020303921.8137,934783180795.01,0.0,0.0,0.0,0.0,0.0,0.0,0.0,485514793474.35645,0.0,214046867736.50272,1416020303921.811,-339596527918.1665,0.0,0.0,0.0,0.0,0.0,0.0,0.0,0.0,0.0,0.0,0.0,959980238753.7606,4.388598593871165e-64,9970768.506728001,3445049.804394483,0.0,0.0,0.0,0.0,2800965686616.731,5.912130627937818e-63,687398.1705292659,46410405.47652443,0.0,0.0,0.0,0.0,485520883520.0896,62589821.105793364,214063998942.12994,1416085399913.9824,0.0,0.0,0.0,0.0,5266384769955635.0,0.0,0.0,0.0,4684.031895745371,0.0,0.0,0.0,-934783180795.01,0.0,0.0,0.0,2785903501293.402,0.0,0.0,0.0,0.0,0.0,0.0,0.0,339596527918.1665,0.0,0.0,0.0,-2190716843732.525,0.0,0.0,0.0,-1.262177448353619e-18,-43431.29743613385,-1.2621774483536189e-26,-0.0004343129743613384,1.21506210659465e+24,0.0,2.140468677365031e+23,1.416020303921814e+24,1080701451035.2325,0.0,214046867736.503,1416020303921.8137,0.0,0.0,0.0,0.0,2785903501293.402,0.0,0.0,0.0,485514793474.35645,0.0,214046867736.50272,1416020303921.811,0.0,0.0,0.0,0.0,-2190716843732.525,0.0,0.0,0.0
1.22,-1,-1,1,-40251.73999836111,0.0,-0.00040251739998361103,0.0,9.91947414563956e+23,0.0,2.140423333785374e+23,1.4160152839973865e+24,882258614149.6205,0.0,214042333378.5373,1416015283997.3862,920530607821.5588,0.0,0.0,0.0,0.0,0.0,0.0,0.0,485510533238.2462,0.0,214042333378.53702,1416015283997.3835,-523782526910.1852,0.0,0.0,0.0,0.0,0.0,0.0,0.0,0.0,0.0,0.0,0.0,959400944395.1774,4.382447100303518e-64,10029647.550243335,3440219.6722280644,0.0,0.0,0.0,0.0,2803137031790.294,5.913976076105184e-63,673933.6295177037,46424895.54879024,0.0,0.0,0.0,0.0,485520883520.08984,62589821.10579335,214063998942.13013,1416085399913.983,0.0,0.0,0.0,0.0,1.4455453878278868e+16,0.0,0.0,0.0,12856.980640612164,0.0,0.0,0.0,-920530607821.5588,0.0,0.0,0.0,2786700726526.554,0.0,0.0,0.0,0.0,0.0,0.0,0.0,523782526910.1852,0.0,0.0,0.0,-2389952632758.1997,0.0,0.0,0.0,-2.524354896707238e-18,-40251.73999835978,-2.5243548967072378e-26,-0.0004025173999835977,9.91947429019409e+23,0.0,2.140423333785374e+23,1.4160152839973865e+24,882258627006.6005,0.0,214042333378.5373,1416015283997.3862,0.0,0.0,0.0,0.0,2786700726526.554,0.0,0.0,0.0,485510533238.2462,0.0,214042333378.53702,1416015283997.3835,0.0,0.0,0.0,0.0,-2389952632758.1997,0.0,0.0,0.0
1.24,-1,-1,1,-34985.51322846395,0.0,-0.00034985513228463945,0.0,6.224123941365401e+23,0.0,2.140327589820876e+23,1.416004918465106e+24,553586498858.7518,0.0,214032758982.0875,1416004918465.1057,897272776609.9515,0.0,0.0,0.0,0.0,0.0,0.0,0.0,485501693696.605,0.0,214032758982.08722,1416004918465.103,-829187971447.8058,0.0,0.0,0.0,0.0,0.0,0.0,0.0,0.0,0.0,0.0,0.0,958815318914.8079,4.371870377147623e-64,10078012.53006085,3431914.9137747977,0.0,0.0,0.0,0.0,2805307465492.3247,5.917149093218858e-63,701708.866196219,46449809.26607844,0.0,0.0,0.0,0.0,485520883520.0901,62589821.10579336,214063998942.1301,1416085399913.9827,0.0,0.0,0.0,0.0,2.8102084486121944e+16,0.0,0.0,0.0,24994.577080822608,0.0,0.0,0.0,-897272776609.9515,0.0,0.0,0.0,2786605095594.9297,0.0,0.0,0.0,0.0,0.0,0.0,0.0,829187971447.8058,0.0,0.0,0.0,-2718520265438.208,0.0,0.0,0.0,-1.262177448353619e-18,-34985.51322846276,-1.2621774483536189e-26,-0.0003498551322846275,6.224124222386245e+23,0.0,2.140327589820876e+23,1.416004918465106e+24,553586523853.3289,0.0,214032758982.0875,1416004918465.1057,0.0,0.0,0.0,0.0,2786605095594.9297,0.0,0.0,0.0,485501693696.605,0.0,214032758982.08722,1416004918465.103,0.0,0.0,0.0,0.0,-2718520265438.208,0.0,0.0,0.0
1.26,-1,-1,1,-26572.170613893402,0.0,-0.00026572170613893396,0.0,3.2053051397081747e+22,0.0,2.1401250406365156e+23,1.415983427985658e+24,28508649036.891663,0.0,214012504063.65146,1415983427985.6577,860448435994.716,0.0,0.0,0.0,0.0,0.0,0.0,0.0,485483301073.50397,0.0,214012504063.65118,1415983427985.6558,-1317423088031.3289,0.0,0.0,0.0,0.0,0.0,0.0,0.0,0.0,0.0,0.0,0.0,958235848873.2721,4.3562835777225564e-64,10109102.996888986,3419676.219425219,0.0,0.0,0.0,0.0,2807431106984.771,5.921825133292327e-63,789649.937232531,46486524.52534053,0.0,0.0,0.0,0.0,485520883520.09045,62589821.10579335,214063998942.1305,1416085399913.9832,0.0,0.0,0.0,0.0,4.579590943363535e+16,0.0,0.0,0.0,40731.832148986985,0.0,0.0,0.0,-860448435994.716,0.0,0.0,0.0,2785117806345.1953,0.0,0.0,0.0,0.0,0.0,0.0,0.0,1317423088031.3289,0.0,0.0,0.0,-3242092417649.9746,0.0,0.0,0.0,-2.524354896707238e-18,-26572.170613892526,-2.5243548967072378e-26,-0.00026572170613892523,3.205309719299144e+22,0.0,2.1401250406365156e+23,1.415983427985658e+24,28508689768.724045,0.0,214012504063.65146,1415983427985.6577,0.0,0.0,0.0,0.0,2785117806345.1953,0.0,0.0,0.0,485483301073.50397,0.0,214012504063.65118,1415983427985.6558,0.0,0.0,0.0,0.0,-3242092417649.9746,0.0,0.0,0.0
1.28,-1,-1,1,-13521.426149603974,0.0,-0.00013521426149603973,0.0,-8.836842343094822e+23,0.0,2.1396957637313905e+23,1.4159386190596377e+24,-785967095090.8911,0.0,213969576373.13895,1415938619059.6372,803650639350.2288,0.0,0.0,0.0,0.0,0.0,0.0,0.0,485444873321.53424,0.0,213969576373.13873,1415938619059.6357,-2075062607762.653,0.0,0.0,0.0,0.0,0.0,0.0,0.0,0.0,0.0,0.0,0.0,957682604245.8159,4.3397548929366634e-64,10112262.730805408,3406697.0497519653,0.0,0.0,0.0,0.0,2809436742832.8613,5.926783738988908e-63,967417.6369581398,46525461.159069054,0.0,0.0,0.0,0.0,485520883520.0902,62589821.10579337,214063998942.13034,1416085399913.9832,0.0,0.0,0.0,0.0,7.087979284767379e+16,0.0,0.0,0.0,63041.958566412446,0.0,0.0,0.0,-803650639350.2288,0.0,0.0,0.0,2781531254986.396,0.0,0.0,0.0,0.0,0.0,0.0,0.0,2075062607762.653,0.0,0.0,0.0,-4052943160356.859,0.0,0.0,0.0,-2.524354896707238e-18,-13521.42614960358,-2.5243548967072378e-26,-0.00013521426149603577,-8.836841634296893e+23,0.0,2.1396957637313905e+23,1.4159386190596377e+24,-785967032048.9324,0.0,213969576373.13895,1415938619059.6372,0.0,0.0,0.0,0.0,2781531254986.396,0.0,0.0,0.0,485444873321.53424,0.0,213969576373.13873,1415938619059.6357,0.0,0.0,0.0,0.0,-4052943160356.859,0.0,0.0,0.0
1.3,-1,-1,1,6283.070318146689,0.0,6.283070318146688e-05,0.0,-2.2732565360211584e+24,0.0,2.138784280771754e+23,1.4158446427164092e+24,-2021881534877.757,0.0,213878428077.1753,1415844642716.409,717778353084.2126,0.0,0.0,0.0,0.0,0.0,0.0,0.0,485364246642.20746,0.0,213878428077.1751,1415844642716.4067,-3225024134604.1777,0.0,0.0,0.0,0.0,0.0,0.0,0.0,0.0,0.0,0.0,0.0,957179533078.1199,4.337714963131643e-64,10072286.490805337,3405090.3439231426,0.0,0.0,0.0,0.0,2811242203937.0327,5.927395717962614e-63,1278846.1681255612,46530281.16870837,0.0,0.0,0.0,0.0,485520883520.0894,62589821.10579334,214063998942.12985,1416085399913.982,0.0,0.0,0.0,0.0,1.0011577079562866e+17,0.0,0.0,0.0,89045.04402131028,0.0,0.0,0.0,-717778353084.2126,0.0,0.0,0.0,2774859552468.4966,0.0,0.0,0.0,0.0,0.0,0.0,0.0,3225024134604.1777,0.0,0.0,0.0,-5282105244943.415,0.0,0.0,0.0,-2.524354896707238e-18,6283.070318146424,-2.5243548967072378e-26,6.283070318146424e-05,-2.2732564359053883e+24,0.0,2.138784280771754e+23,1.4158446427164092e+24,-2021881445832.7134,0.0,213878428077.1753,1415844642716.409,0.0,0.0,0.0,0.0,2774859552468.4966,0.0,0.0,0.0,485364246642.20746,0.0,213878428077.1751,1415844642716.4067,0.0,0.0,0.0,0.0,-5282105244943.415,0.0,0.0,0.0
1.32,-1,-1,1,35873.98418459755,0.0,0.0003587398418459755,0.0,-4.349358265585105e+24,0.0,2.1368465122271833e+23,1.4156466308724614e+24,-3868409493785.624,0.0,213684651222.71823,1415646630872.4612,589781702436.5684,0.0,0.0,0.0,0.0,0.0,0.0,0.0,485194566962.14777,0.0,213684651222.71802,1415646630872.4595,-4943385763184.342,0.0,0.0,0.0,0.0,0.0,0.0,0.0,0.0,0.0,0.0,0.0,956748182908.2903,4.384803136062862e-64,9969521.021322042,3442047.487552501,0.0,0.0,0.0,0.0,2812776577457.4,5.91326926534021e-63,1783765.2797708318,46419412.22806236,0.0,0.0,0.0,0.0,485520883520.0894,62589821.105793364,214063998942.1299,1416085399913.9824,0.0,0.0,0.0,0.0,1.1801575248589467e+17,0.0,0.0,0.0,104965.65917438245,0.0,0.0,0.0,-589781702436.5684,0.0,0.0,0.0,2763736777065.947,0.0,0.0,0.0,0.0,0.0,0.0,0.0,4943385763184.342,0.0,0.0,0.0,-7117340732848.055,0.0,0.0,0.0,-2.524354896707238e-18,35873.98418459641,-2.5243548967072378e-26,0.00035873984184596404,-4.349358147569353e+24,0.0,2.1368465122271833e+23,1.4156466308724614e+24,-3868409388819.9653,0.0,213684651222.71823,1415646630872.4612,0.0,0.0,0.0,0.0,2763736777065.947,0.0,0.0,0.0,485194566962.14777,0.0,213684651222.71802,1415646630872.4595,0.0,0.0,0.0,0.0,-7117340732848.055,0.0,0.0,0.0
1.34,-1,-1,1,79597.50812208881,0.0,0.000795975081220888,0.0,-7.416722863509813e+24,0.0,2.132727121146958e+23,1.4152283305774092e+24,-6596587217245.154,0.0,213272712114.69568,1415228330577.409,400949344728.9201,0.0,0.0,0.0,0.0,0.0,0.0,0.0,484837151684.9709,0.0,213272712114.69534,1415228330577.4072,-7482373713659.047,0.0,0.0,0.0,0.0,0.0,0.0,0.0,0.0,0.0,0.0,0.0,956401592102.3081,4.538354952364314e-64,9781688.836109463,3562576.0165085564,0.0,0.0,0.0,0.0,2814000370954.735,5.867203718026752e-63,2553958.4284142186,46057834.65439869,0.0,0.0,0.0,0.0,485520883520.0897,62589821.10579337,214063998942.13004,1416085399913.9822,0.0,0.0,0.0,0.0,1.1201413568659507e+17,0.0,0.0,0.0,99627.69665513467,0.0,0.0,0.0,-400949344728.9201,0.0,0.0,0.0,2746267798537.5034,0.0,0.0,0.0,0.0,0.0,0.0,0.0,7482373713659.047,0.0,0.0,0.0,-9827692067839.922,0.0,0.0,0.0,-3.7865323450608574e-18,79597.50812208644,-3.7865323450608567e-26,0.0007959750812208643,-7.416722751495674e+24,0.0,2.132727121146958e+23,1.4152283305774092e+24,-6596587117617.455,0.0,213272712114.69568,1415228330577.409,0.0,0.0,0.0,0.0,2746267798537.5034,0.0,0.0,0.0,484837151684.9709,0.0,213272712114.69534,1415228330577.4072,0.0,0.0,0.0,0.0,-9827692067839.922,0.0,0.0,0.0
1.36,-1,-1,1,143634.17062626194,0.0,0.0014363417062626192,0.0,-1.1908518835487132e+25,0.0,2.1239857475281782e+23,1.4143445518543863e+24,-10591683762782.898,0.0,212398574752.81772,1414344551854.386,124672196377.93303,0.0,0.0,0.0,0.0,0.0,0.0,0.0,484085596916.2502,0.0,212398574752.81747,1414344551854.3848,-11200441556077.086,0.0,0.0,0.0,0.0,0.0,0.0,0.0,0.0,0.0,0.0,0.0,956140996344.2601,4.869671116589073e-64,9489032.763871001,3822646.6588246,0.0,0.0,0.0,0.0,2814915189618.3755,5.767808863531237e-63,3656756.2210684274,45277639.462673575,0.0,0.0,0.0,0.0,485520883520.0896,62589821.10579337,214063998942.1301,1416085399913.9824,0.0,0.0,0.0,0.0,8.635305600941485e+16,0.0,0.0,0.0,76804.19990402507,0.0,0.0,0.0,-124672196377.93303,0.0,0.0,0.0,2719816541287.281,0.0,0.0,0.0,0.0,0.0,0.0,0.0,11200441556077.086,0.0,0.0,0.0,-13795585824182.225,0.0,0.0,0.0,-3.7865323450608574e-18,143634.17062625778,-3.7865323450608567e-26,0.0014363417062625778,-1.1908518749134075e+25,0.0,2.1239857475281782e+23,1.4143445518543863e+24,-10591683685978.7,0.0,212398574752.81772,1414344551854.386,0.0,0.0,0.0,0.0,2719816541287.281,0.0,0.0,0.0,484085596916.2502,0.0,212398574752.81747,1414344551854.3848,0.0,0.0,0.0,0.0,-13795585824182.225,0.0,0.0,0.0
1.3800000000000001,-1,-1,1,236679.29213162654,0.0,0.002366792921316265,0.0,-1.843378734505629e+25,0.0,2.1055047240953728e+23,1.4124816431313012e+24,-16395392979301.518,0.0,210550472409.53717,1412481643131.301,-276463778062.2884,0.0,0.0,0.0,0.0,0.0,0.0,0.0,482512300195.047,0.0,210550472409.53696,1412481643131.2983,-16601441501434.275,0.0,0.0,0.0,0.0,0.0,0.0,0.0,0.0,0.0,0.0,0.0,955956570315.3182,5.437506032472625e-64,9083898.508154333,4268383.332573304,0.0,0.0,0.0,0.0,2815559789673.265,5.59745837980585e-63,5121786.338547835,43940456.362581216,0.0,0.0,0.0,0.0,485520883520.09045,62589821.10579336,214063998942.13043,1416085399913.9841,0.0,0.0,0.0,0.0,5.523233753751059e+16,0.0,0.0,0.0,49124.78711737832,0.0,0.0,0.0,276463778062.2884,0.0,0.0,0.0,2680713867941.003,0.0,0.0,0.0,0.0,0.0,0.0,0.0,16601441501434.275,0.0,0.0,0.0,-19558619098312.785,0.0,0.0,0.0,-2.524354896707238e-18,236679.29213161883,-2.5243548967072378e-26,0.002366792921316188,-1.8433787289823962e+25,0.0,2.1055047240953728e+23,1.4124816431313012e+24,-16395392930176.738,0.0,210550472409.53717,1412481643131.301,0.0,0.0,0.0,0.0,2680713867941.003,0.0,0.0,0.0,482512300195.047,0.0,210550472409.53696,1412481643131.2983,0.0,0.0,0.0,0.0,-19558619098312.785,0.0,0.0,0.0
1.4000000000000001,-1,-1,1,370886.32951323857,0.0,0.003708863295132385,0.0,-2.7842998581453983e+25,0.0,2.066632616558041e+23,1.4085713962576465e+24,-24764140700988.363,0.0,206663261655.804,1408571396257.6462,-854687304074.7155,0.0,0.0,0.0,0.0,0.0,0.0,0.0,479240311777.3235,0.0,206663261655.80365,1408571396257.6438,-24388693708690.99,0.0,0.0,0.0,0.0,0.0,0.0,0.0,0.0,0.0,0.0,0.0,955831626788.8954,6.249844330173894e-64,8582148.69989666,4906058.346210959,0.0,0.0,0.0,0.0,2815995066540.9966,5.35375687767693e-63,6899929.3769450905,42027465.96919046,0.0,0.0,0.0,0.0,485520883520.0906,62589821.10579337,214063998942.13052,1416085399913.9834,0.0,0.0,0.0,0.0,2.9363531989240504e+16,0.0,0.0,0.0,26116.53466605721,0.0,0.0,0.0,854687304074.7155,0.0,0.0,0.0,2623844893903.36,0.0,0.0,0.0,0.0,0.0,0.0,0.0,24388693708690.99,0.0,0.0,0.0,-27867225880552.527,0.0,0.0,0.0,-1.262177448353619e-18,370886.3295132264,-1.2621774483536189e-26,0.0037088632951322634,-2.7842998552090456e+25,0.0,2.066632616558041e+23,1.4085713962576465e+24,-24764140674871.836,0.0,206663261655.804,1408571396257.6462,0.0,0.0,0.0,0.0,2623844893903.36,0.0,0.0,0.0,479240311777.3235,0.0,206663261655.80365,1408571396257.6438,0.0,0.0,0.0,0.0,-27867225880552.527,0.0,0.0,0.0
1.42,-1,-1,1,563373.0435941367,0.0,0.005633730435941366,0.0,-4.133242274422249e+25,0.0,1.9852977248438567e+23,1.400401826146901e+24,-36761914466800.44,0.0,198529772484.3856,1400401826146.9006,-1683419811094.1606,0.0,0.0,0.0,0.0,0.0,0.0,0.0,472481522112.57465,0.0,198529772484.38525,1400401826146.8987,-35550976177818.88,0.0,0.0,0.0,0.0,0.0,0.0,0.0,0.0,0.0,0.0,0.0,955748210436.6746,7.239485673047742e-64,8027390.0708460305,5682924.47628791,0.0,0.0,0.0,0.0,2816284942666.5444,5.056864459198435e-63,8846512.69461681,39696903.64099822,0.0,0.0,0.0,0.0,485520883520.0899,62589821.10579337,214063998942.13013,1416085399913.983,0.0,0.0,0.0,0.0,1.3139436794953712e+16,0.0,0.0,0.0,11686.487738383003,0.0,0.0,0.0,1683419811094.1606,0.0,0.0,0.0,2541997352543.4844,0.0,0.0,0.0,0.0,0.0,0.0,0.0,35550976177818.88,0.0,0.0,0.0,-39776393329770.04,0.0,0.0,0.0,-2.524354896707238e-18,563373.0435941183,-2.5243548967072378e-26,0.005633730435941182,-4.133242273108308e+25,0.0,1.9852977248438567e+23,1.400401826146901e+24,-36761914455113.98,0.0,198529772484.3856,1400401826146.9006,0.0,0.0,0.0,0.0,2541997352543.4844,0.0,0.0,0.0,472481522112.57465,0.0,198529772484.38525,1400401826146.8987,0.0,0.0,0.0,0.0,-39776393329770.04,0.0,0.0,0.0
1.44,-1,-1,1,838925.9591226819,0.0,0.008389259591226817,0.0,-6.063112961926675e+25,0.0,1.815621906667905e+23,1.3833779609953837e+24,-53926584823787.914,0.0,181562190666.7904,1383377960995.3833,-2868698599824.16,0.0,0.0,0.0,0.0,0.0,0.0,0.0,458573448558.2475,0.0,181562190666.79016,1383377960995.381,-51516459672522.02,0.0,0.0,0.0,0.0,0.0,0.0,0.0,0.0,0.0,0.0,0.0,955691524872.4473,8.283193579382525e-64,7478787.8421541015,6502243.001402021,0.0,0.0,0.0,0.0,2816481536309.811,4.7437520708284996e-63,10761883.225243304,37238978.78212886,0.0,0.0,0.0,0.0,485520883520.08997,62589821.10579336,214063998942.13037,1416085399913.9827,0.0,0.0,0.0,0.0,5705640296889858.0,0.0,0.0,0.0,5074.714876275044,0.0,0.0,0.0,2868698599824.16,0.0,0.0,0.0,2424714205104.661,0.0,0.0,0.0,0.0,0.0,0.0,0.0,51516459672522.02,0.0,0.0,0.0,-56809872472376.11,0.0,0.0,0.0,0.0,838925.9591226503,0.0,0.008389259591226503,-6.063112961356112e+25,0.0,1.815621906667905e+23,1.3833779609953837e+24,-53926584818713.22,0.0,181562190666.7904,1383377960995.3833,0.0,0.0,0.0,0.0,2424714205104.661,0.0,0.0,0.0,458573448558.2475,0.0,181562190666.79016,1383377960995.381,0.0,0.0,0.0,0.0,-56809872472376.11,0.0,0.0,0.0
1.46,-1,-1,1,1234654.6740405066,0.0,0.012346546740405064,0.0,-8.83216004461879e+25,0.0,1.4612222516911203e+23,1.3478513601427358e+24,-78555064174832.0,0.0,146122225169.11197,1347851360142.7354,-4568737988855.702,0.0,0.0,0.0,0.0,0.0,0.0,0.0,429902184810.96765,0.0,146122225169.11176,1347851360142.733,-74416228370787.22,0.0,0.0,0.0,0.0,0.0,0.0,0.0,0.0,0.0,0.0,0.0,955651628760.1035,9.257573993352651e-64,6987768.818314032,7267146.814445783,0.0,0.0,0.0,0.0,2816619691499.765,4.45143793126193e-63,12471609.2300365,34944289.24069799,0.0,0.0,0.0,0.0,485520883520.0906,62589821.10579337,214063998942.1305,1416085399913.9834,0.0,0.0,0.0,0.0,2934333518350530.0,0.0,0.0,0.0,2609.8571207937784,0.0,0.0,0.0,4568737988855.702,0.0,0.0,0.0,2256349127112.829,0.0,0.0,0.0,0.0,0.0,0.0,0.0,74416228370787.22,0.0,0.0,0.0,-81241315484145.92,0.0,0.0,0.0,-6.310887241768095e-19,1234654.6740404752,-6.3108872417680944e-27,0.01234654674040475,-8.832160044325348e+25,0.0,1.4612222516911203e+23,1.3478513601427358e+24,-78555064172222.06,0.0,146122225169.11197,1347851360142.7354,0.0,0.0,0.0,0.0,2256349127112.829,0.0,0.0,0.0,429902184810.96765,0.0,146122225169.11176,1347851360142.733,0.0,0.0,0.0,0.0,-81241315484145.92,0.0,0.0,0.0
1.48,-1,-1,1,1806912.2847658596,0.0,0.018069122847658593,0.0,-1.2831232468170312e+26,0.0,7.172083027974973e+22,1.273318747454262e+24,-114123644146760.02,0.0,71720830279.7497,1273318747454.2617,-7022665473207.541,0.0,0.0,0.0,0.0,0.0,0.0,0.0,370381155164.4322,0.0,71720830279.74965,1273318747454.26,-107471359828716.97,0.0,0.0,0.0,0.0,0.0,0.0,0.0,0.0,0.0,0.0,0.0,955622737290.0756,1.0084907919019576e-63,6582146.491027399,7916621.542326198,0.0,0.0,0.0,0.0,2816719632141.996,4.2032377405066835e-63,13881750.282487463,32995878.511656843,0.0,0.0,0.0,0.0,485520883520.08923,62589821.10579337,214063998942.12994,1416085399913.9827,0.0,0.0,0.0,0.0,1620473930772926.8,0.0,0.0,0.0,1441.28314005211,0.0,0.0,0.0,7022665473207.541,0.0,0.0,0.0,2013220869555.867,0.0,0.0,0.0,0.0,0.0,0.0,0.0,107471359828716.97,0.0,0.0,0.0,-116507246170039.11,0.0,0.0,0.0,3.1554436208840477e-19,1806912.2847658107,3.1554436208840472e-27,0.018069122847658103,-1.2831232468008265e+26,0.0,7.172083027974973e+22,1.273318747454262e+24,-114123644145318.72,0.0,71720830279.7497,1273318747454.2617,0.0,0.0,0.0,0.0,2013220869555.867,0.0,0.0,0.0,370381155164.4322,0.0,71720830279.74965,1273318747454.26,0.0,0.0,0.0,0.0,-116507246170039.11,0.0,0.0,0.0
1.5,-1,-1,1,2640734.005123157,0.0,0.026407340051231565,0.0,-1.864719519206083e+26,0.0,-8.552303199703998e+22,1.115878815239335e+24,-165852023467967.16,0.0,-85523031997.03993,1115878815239.3347,-10588825973785.596,0.0,0.0,0.0,0.0,0.0,0.0,0.0,245681656554.59964,0.0,-85523031997.03973,1115878815239.3325,-155508879150736.16,0.0,0.0,0.0,0.0,0.0,0.0,0.0,0.0,0.0,0.0,0.0,955601622894.9426,1.0740505695477351e-63,6266436.223741914,8431281.956897313,0.0,0.0,0.0,0.0,2816792619091.9307,4.0065583972241423e-63,14978192.468843611,31451904.578228176,0.0,0.0,0.0,0.0,485520883520.08966,62589821.10579338,214063998942.13013,1416085399913.983,0.0,0.0,0.0,0.0,792743571339731.1,0.0,0.0,0.0,705.0825823601335,0.0,0.0,0.0,10588825973785.596,0.0,0.0,0.0,1659822346423.4756,0.0,0.0,0.0,0.0,0.0,0.0,0.0,155508879150736.16,0.0,0.0,0.0,-167757527470240.06,0.0,0.0,0.0,5.048709793414476e-18,2640734.0051230784,5.0487097934144756e-26,0.026407340051230778,-1.8647195191981556e+26,0.0,-8.552303199703998e+22,1.115878815239335e+24,-165852023467262.06,0.0,-85523031997.03993,1115878815239.3347,0.0,0.0,0.0,0.0,1659822346423.4756,0.0,0.0,0.0,245681656554.59964,0.0,-85523031997.03973,1115878815239.3325,0.0,0.0,0.0,0.0,-167757527470240.06,0.0,0.0,0.0
