sweep_parameter:V,band_info:CB:sign,band_info:IB:sign,band_info:VB:sign,avg:current_CB:n_contact,avg:current_CB:p_contact,tot:current_CB:n_contact,tot:current_CB:p_contact,avg:g_CB:p,avg:g_CB:n,avg:g_CB:fsf,avg:g_CB:I,tot:g_CB:p,tot:g_CB:n,tot:g_CB:fsf,tot:g_CB:I,tot:g_opt_ci_CB:p,tot:g_opt_ci_CB:n,tot:g_opt_ci_CB:fsf,tot:g_opt_ci_CB:I,tot:g_opt_iv_CB:p,tot:g_opt_iv_CB:n,tot:g_opt_iv_CB:fsf,tot:g_opt_iv_CB:I,tot:g_opt_cv_CB:p,tot:g_opt_cv_CB:n,tot:g_opt_cv_CB:fsf,tot:g_opt_cv_CB:I,tot:g_nr_top_CB:p,tot:g_nr_top_CB:n,tot:g_nr_top_CB:fsf,tot:g_nr_top_CB:I,tot:g_nr_bottom_CB:p,tot:g_nr_bottom_CB:n,tot:g_nr_bottom_CB:fsf,tot:g_nr_bottom_CB:I,tot:gother_forward_ci:p,tot:gother_forward_ci:n,tot:gother_forward_ci:fsf,tot:gother_forward_ci:I,tot:gabs_forward_ci:p,tot:gabs_forward_ci:n,tot:gabs_forward_ci:fsf,tot:gabs_forward_ci:I,tot:gother_forward_iv:p,tot:gother_forward_iv:n,tot:gother_forward_iv:fsf,tot:gother_forward_iv:I,tot:gabs_forward_iv:p,tot:gabs_forward_iv:n,tot:gabs_forward_iv:fsf,tot:gabs_forward_iv:I,tot:gother_forward_cv:p,tot:gother_forward_cv:n,tot:gother_forward_cv:fsf,tot:gother_forward_cv:I,tot:gabs_forward_cv:p,tot:gabs_forward_cv:n,tot:gabs_forward_cv:fsf,tot:gabs_forward_cv:I,avg:current_IB:n_contact,avg:current_IB:p_contact,tot:current_IB:n_contact,tot:current_IB:p_contact,avg:g_IB:p,avg:g_IB:n,avg:g_IB:fsf,avg:g_IB:I,tot:g_IB:p,tot:g_IB:n,tot:g_IB:fsf,tot:g_IB:I,tot:g_opt_ci_IB:p,tot:g_opt_ci_IB:n,tot:g_opt_ci_IB:fsf,tot:g_opt_ci_IB:I,tot:g_opt_iv_IB:p,tot:g_opt_iv_IB:n,tot:g_opt_iv_IB:fsf,tot:g_opt_iv_IB:I,tot:g_opt_cv_IB:p,tot:g_opt_cv_IB:n,tot:g_opt_cv_IB:fsf,tot:g_opt_cv_IB:I,tot:g_nr_top_IB:p,tot:g_nr_top_IB:n,tot:g_nr_top_IB:fsf,tot:g_nr_top_IB:I,tot:g_nr_bottom_IB:p,tot:g_nr_bottom_IB:n,tot:g_nr_bottom_IB:fsf,tot:g_nr_bottom_IB:I,avg:current_VB:n_contact,avg:current_VB:p_contact,tot:current_VB:n_contact,tot:current_VB:p_contact,avg:g_VB:p,avg:g_VB:n,avg:g_VB:fsf,avg:g_VB:I,tot:g_VB:p,tot:g_VB:n,tot:g_VB:fsf,tot:g_VB:I,tot:g_opt_ci_VB:p,tot:g_opt_ci_VB:n,tot:g_opt_ci_VB:fsf,tot:g_opt_ci_VB:I,tot:g_opt_iv_VB:p,tot:g_opt_iv_VB:n,tot:g_opt_iv_VB:fsf,tot:g_opt_iv_VB:I,tot:g_opt_cv_VB:p,tot:g_opt_cv_VB:n,tot:g_opt_cv_VB:fsf,tot:g_opt_cv_VB:I,tot:g_nr_top_VB:p,tot:g_nr_top_VB:n,tot:g_nr_top_VB:fsf,tot:g_nr_top_VB:I,tot:g_nr_bottom_VB:p,tot:g_nr_bottom_VB:n,tot:g_nr_bottom_VB:fsf,tot:g_nr_bottom_VB:I
# ,,,,mA/cm^2,mA/cm^2,mA,mA,cm^-3/s,cm^-3/s,cm^-3/s,cm^-3/s,1/s,1/s,1/s,1/s,1/s,1/s,1/s,1/s,1/s,1/s,1/s,1/s,1/s,1/s,1/s,1/s,1/s,1/s,1/s,1/s,1/s,1/s,1/s,1/s,1/s,1/s,1/s,1/s,1/s,1/s,1/s,1/s,1/s,1/s,1/s,1/s,1/s,1/s,1/s,1/s,1/s,1/s,1/s,1/s,1/s,1/s,1/s,1/s,mA/cm^2,mA/cm^2,mA,mA,cm^-3/s,cm^-3/s,cm^-3/s,cm^-3/s,1/s,1/s,1/s,1/s,1/s,1/s,1/s,1/s,1/s,1/s,1/s,1/s,1/s,1/s,1/s,1/s,1/s,1/s,1/s,1/s,1/s,1/s,1/s,1/s,mA/cm^2,mA/cm^2,mA,mA,cm^-3/s,cm^-3/s,cm^-3/s,cm^-3/s,1/s,1/s,1/s,1/s,1/s,1/s,1/s,1/s,1/s,1/s,1/s,1/s,1/s,1/s,1/s,1/s,1/s,1/s,1/s,1/s,1/s,1/s,1/s,1/s
0.0,-1,-1,1,-47564.17304817903,0.0,-0.00047564173048179025,0.0,1.416034225205819e+24,7.791706642678796e+22,0.0,7.761953461801498e+23,1416034225205.8188,77917066426.78793,0.0,1474771157742.2844,0.0,0.0,0.0,1124507129198.344,0.0,0.0,0.0,0.0,1416034225205.8162,77917066426.7877,0.0,700895373747.7462,0.0,0.0,0.0,-350631345203.8074,0.0,0.0,0.0,0.0,0.0,0.0,0.0,0.0,123922.06867808594,2329800.4975785166,1.5786537808070187e-65,1128160230478.5508,0.0,0.0,0.0,0.0,6222482.2540928135,43.830282663254614,7.92662782502786e-64,1056304963921.2733,0.0,0.0,0.0,0.0,1416085399914.0056,77921022499.1279,62589821.105793454,700895901071.9366,0.0,0.0,0.0,0.0,0.0,0.0,0.0,162290601353.89633,0.0,0.0,0.0,0.30835214257240295,0.0,0.0,0.0,-1124507129198.344,0.0,0.0,0.0,1055400946815.3644,0.0,0.0,0.0,0.0,0.0,0.0,0.0,350631345203.8074,0.0,0.0,0.0,-281525162820.51904,-1.262177448353619e-18,-47564.173048177276,-1.2621774483536189e-26,-0.0004756417304817727,1.416034225205819e+24,7.791706642678796e+22,0.0,7.761953461803121e+23,1416034225205.8188,77917066426.78793,0.0,1474771157742.5928,0.0,0.0,0.0,0.0,0.0,0.0,0.0,1055400946815.3644,1416034225205.8162,77917066426.7877,0.0,700895373747.7462,0.0,0.0,0.0,0.0,0.0,0.0,0.0,-281525162820.51904
0.02,-1,-1,1,-47530.15397408764,0.0,-0.0004753015397408763,0.0,1.4160342095739286e+24,7.791705739468286e+22,0.0,7.750778309396163e+23,1416034209573.9282,77917057394.68285,0.0,1472647878785.2708,0.0,0.0,0.0,1124103139166.0073,0.0,0.0,0.0,0.0,1416034209573.9265,77917057394.68262,0.0,700895366758.0033,0.0,0.0,0.0,-352350627138.74115,0.0,0.0,0.0,0.0,0.0,0.0,0.0,0.0,124617.9288772192,2331174.2221579957,1.5875183518250144e-65,1127774162983.825,0.0,0.0,0.0,0.0,6221786.398580229,44.61949930644716,7.925741367887674e-64,1056733166543.2203,0.0,0.0,0.0,0.0,1416085399914.0046,77921022499.12793,62589821.105793454,700895901071.9359,0.0,0.0,0.0,0.0,0.0,0.0,0.0,-156359014513069.1,0.0,0.0,0.0,-297.08212757483125,0.0,0.0,0.0,-1124103139166.0073,0.0,0.0,0.0,1055820925787.9218,0.0,0.0,0.0,0.0,0.0,0.0,0.0,352350627138.74115,0.0,0.0,0.0,-284068414057.7381,-6.310887241768095e-19,-47530.15397408573,-6.3108872417680944e-27,-0.0004753015397408573,1.4160342095739286e+24,7.791705739468286e+22,0.0,7.750778307832566e+23,1416034209573.9282,77917057394.68285,0.0,1472647878488.1875,0.0,0.0,0.0,0.0,0.0,0.0,0.0,1055820925787.9218,1416034209573.9265,77917057394.68262,0.0,700895366758.0033,0.0,0.0,0.0,0.0,0.0,0.0,0.0,-284068414057.7381
0.04,-1,-1,1,-47495.79954959149,0.0,-0.0004749579954959148,0.0,1.416034193887018e+24,7.791704827055186e+22,0.0,7.739492996779784e+23,1416034193887.0176,77917048270.55183,0.0,1470503669388.1587,0.0,0.0,0.0,1123695265132.184,0.0,0.0,0.0,0.0,1416034193887.0146,77917048270.5516,0.0,700895359666.5864,0.0,0.0,0.0,-354086955410.6139,0.0,0.0,0.0,0.0,0.0,0.0,0.0,0.0,125313.97098995307,2332561.115858206,1.596385239973829e-65,1127384389190.388,0.0,0.0,0.0,0.0,6221090.361154187,45.43767133348526,7.924854679034419e-64,1057164968033.4567,0.0,0.0,0.0,0.0,1416085399914.0063,77921022499.12811,62589821.105793476,700895901071.9368,0.0,0.0,0.0,0.0,0.0,0.0,0.0,-562475848613601.1,0.0,0.0,0.0,-1068.7041123658419,0.0,0.0,0.0,-1123695265132.184,0.0,0.0,0.0,1056244424571.1207,0.0,0.0,0.0,0.0,0.0,0.0,0.0,354086955410.6139,0.0,0.0,0.0,-286636115918.25415,-6.310887241768095e-19,-47495.799549589836,-6.3108872417680944e-27,-0.0004749579954958983,1.416034193887018e+24,7.791704827055186e+22,0.0,7.739492991155017e+23,1416034193887.0176,77917048270.55183,0.0,1470503668319.453,0.0,0.0,0.0,0.0,0.0,0.0,0.0,1056244424571.1207,1416034193887.0146,77917048270.5516,0.0,700895359666.5864,0.0,0.0,0.0,0.0,0.0,0.0,0.0,-286636115918.25415
0.06,-1,-1,1,-47461.10192926103,0.0,-0.0004746110192926102,0.0,1.4160341781416389e+24,7.791703905204332e+22,0.0,7.728094940846266e+23,1416034178141.6384,77917039052.0433,0.0,1468338038760.7903,0.0,0.0,0.0,1123283413397.695,0.0,0.0,0.0,0.0,1416034178141.636,77917039052.04306,0.0,700895352471.0653,0.0,0.0,0.0,-355840727107.97064,0.0,0.0,0.0,0.0,0.0,0.0,0.0,0.0,126010.28845314398,2333961.49645547,1.6052556355509431e-65,1126990819539.1035,0.0,0.0,0.0,0.0,6220394.048378465,46.28642093337089,7.9239676394383e-64,1057600453684.8105,0.0,0.0,0.0,0.0,1416085399914.006,77921022499.12794,62589821.10579346,700895901071.9366,0.0,0.0,0.0,0.0,0.0,0.0,0.0,-355657809127710.44,0.0,0.0,0.0,-675.7498373426497,0.0,0.0,0.0,-1123283413397.695,0.0,0.0,0.0,1056671526606.9335,0.0,0.0,0.0,0.0,0.0,0.0,0.0,355840727107.97064,0.0,0.0,0.0,-289228840992.9585,-1.262177448353619e-18,-47461.10192925938,-1.2621774483536189e-26,-0.00047461101929259367,1.4160341781416389e+24,7.791703905204332e+22,0.0,7.7280949372897e+23,1416034178141.6384,77917039052.0433,0.0,1468338038085.0427,0.0,0.0,0.0,0.0,0.0,0.0,0.0,1056671526606.9335,1416034178141.636,77917039052.04306,0.0,700895352471.0653,0.0,0.0,0.0,0.0,0.0,0.0,0.0,-289228840992.9585
0.08,-1,-1,1,-47426.05285289886,0.0,-0.00047426052852898854,0.0,1.4160341623342168e+24,7.791702973670526e+22,0.0,7.71658143540502e+23,1416034162334.2166,77917029736.70525,0.0,1466150472726.9534,0.0,0.0,0.0,1122867486182.112,0.0,0.0,0.0,0.0,1416034162334.2134,77917029736.70497,0.0,700895345168.8958,0.0,0.0,0.0,-357612358624.05664,0.0,0.0,0.0,0.0,0.0,0.0,0.0,0.0,126706.97937181126,2335375.695370949,1.6141307883204326e-65,1126593360591.2134,0.0,0.0,0.0,0.0,6219697.362148715,47.1674930042356,7.923080124122937e-64,1058039712507.385,0.0,0.0,0.0,0.0,1416085399914.0051,77921022499.12788,62589821.10579345,700895901071.936,0.0,0.0,0.0,0.0,0.0,0.0,0.0,-647875237778613.5,0.0,0.0,0.0,-1230.9629517793655,0.0,0.0,0.0,-1122867486182.112,0.0,0.0,0.0,1057102318955.5269,0.0,0.0,0.0,0.0,0.0,0.0,0.0,357612358624.05664,0.0,0.0,0.0,-291847192628.43414,-1.262177448353619e-18,-47426.05285289715,-1.2621774483536189e-26,-0.0004742605285289714,1.4160341623342168e+24,7.791702973670526e+22,0.0,7.716581428926272e+23,1416034162334.2166,77917029736.70525,0.0,1466150471495.9912,0.0,0.0,0.0,0.0,0.0,0.0,0.0,1057102318955.5269,1416034162334.2134,77917029736.70497,0.0,700895345168.8958,0.0,0.0,0.0,0.0,0.0,0.0,0.0,-291847192628.43414
0.1,-1,-1,1,-47390.64378142699,0.0,-0.0004739064378142698,0.0,1.4160341464611142e+24,7.791702032197417e+22,0.0,7.704949666856489e+23,1416034146461.1138,77917020321.97415,0.0,1463940436702.7327,0.0,0.0,0.0,1122447381124.8435,0.0,0.0,0.0,0.0,1416034146461.111,77917020321.9739,0.0,700895337757.4442,0.0,0.0,0.0,-359402282179.5557,0.0,0.0,0.0,0.0,0.0,0.0,0.0,0.0,127404.14271639935,2336804.0595772155,1.6230119590698813e-65,1126191914493.0486,0.0,0.0,0.0,0.0,6219000.203495143,48.08276866154638,7.922192007009549e-64,1058482837784.8042,0.0,0.0,0.0,0.0,1416085399914.0044,77921022499.12773,62589821.10579343,700895901071.9354,0.0,0.0,0.0,0.0,0.0,0.0,0.0,-33011229412728.242,0.0,0.0,0.0,-62.721335884183645,0.0,0.0,0.0,-1122447381124.8435,0.0,0.0,0.0,1057536892886.7015,0.0,0.0,0.0,0.0,0.0,0.0,0.0,359402282179.5557,0.0,0.0,0.0,-294491794004.1347,-1.262177448353619e-18,-47390.64378142522,-1.2621774483536189e-26,-0.0004739064378142521,1.4160341464611142e+24,7.791702032197417e+22,0.0,7.704949666526375e+23,1416034146461.1138,77917020321.97415,0.0,1463940436640.011,0.0,0.0,0.0,0.0,0.0,0.0,0.0,1057536892886.7015,1416034146461.111,77917020321.9739,0.0,700895337757.4442,0.0,0.0,0.0,0.0,0.0,0.0,0.0,-294491794004.1347
0.12,-1,-1,1,-47354.86569751442,0.0,-0.0004735486569751441,0.0,1.416034130518533e+24,7.79170108051729e+22,0.0,7.69319668211471e+23,1416034130518.5327,77917010805.17288,0.0,1461707369601.7947,0.0,0.0,0.0,1122022991264.576,0.0,0.0,0.0,0.0,1416034130518.5308,77917010805.17259,0.0,700895330233.9375,0.0,0.0,0.0,-361210951896.7197,0.0,0.0,0.0,0.0,0.0,0.0,0.0,0.0,128101.8832172253,2338246.951471616,1.6319004819614012e-65,1125786379018.6143,0.0,0.0,0.0,0.0,6218302.467688116,49.03427721319567,7.921303154681933e-64,1058929926988.4032,0.0,0.0,0.0,0.0,1416085399914.0051,77921022499.12787,62589821.10579345,700895901071.9365,0.0,0.0,0.0,0.0,0.0,0.0,0.0,-31711618062108.758,0.0,0.0,0.0,-60.252074318006635,0.0,0.0,0.0,-1122022991264.576,0.0,0.0,0.0,1057975343741.19,0.0,0.0,0.0,0.0,0.0,0.0,0.0,361210951896.7197,0.0,0.0,0.0,-297163304433.58563,-6.310887241768095e-19,-47354.86569751244,-6.3108872417680944e-27,-0.0004735486569751243,1.416034130518533e+24,7.79170108051729e+22,0.0,7.693196681797596e+23,1416034130518.5327,77917010805.17288,0.0,1461707369541.543,0.0,0.0,0.0,0.0,0.0,0.0,0.0,1057975343741.19,1416034130518.5308,77917010805.17259,0.0,700895330233.9375,0.0,0.0,0.0,0.0,0.0,0.0,0.0,-297163304433.58563
0.14,-1,-1,1,-47318.70924078368,0.0,-0.0004731870924078367,0.0,1.4160341145025853e+24,7.791700118349895e+22,0.0,7.681319402648112e+23,1416034114502.585,77917001183.49893,0.0,1459450686503.141,0.0,0.0,0.0,1121594204518.9888,0.0,0.0,0.0,0.0,1416034114502.5828,77917001183.4987,0.0,700895322595.4948,0.0,0.0,0.0,-363038840611.34326,0.0,0.0,0.0,0.0,0.0,0.0,0.0,0.0,128800.30728477717,2339704.7508879146,1.6407977125604957e-65,1125376647015.868,0.0,0.0,0.0,0.0,6217604.048317891,50.02421260643895,7.920413431583504e-64,1059381082346.8625,0.0,0.0,0.0,0.0,1416085399914.0056,77921022499.12791,62589821.10579347,700895901071.9362,0.0,0.0,0.0,0.0,0.0,0.0,0.0,-30394793497888.67,0.0,0.0,0.0,-57.750107645988464,0.0,0.0,0.0,-1121594204518.9888,0.0,0.0,0.0,1058417771537.8597,0.0,0.0,0.0,0.0,0.0,0.0,0.0,363038840611.34326,0.0,0.0,0.0,-299862407687.9644,-1.262177448353619e-18,-47318.7092407818,-1.2621774483536189e-26,-0.00047318709240781796,1.4160341145025853e+24,7.791700118349895e+22,0.0,7.681319402344162e+23,1416034114502.585,77917001183.49893,0.0,1459450686445.3906,0.0,0.0,0.0,0.0,0.0,0.0,0.0,1058417771537.8597,1416034114502.5828,77917001183.4987,0.0,700895322595.4948,0.0,0.0,0.0,0.0,0.0,0.0,0.0,-299862407687.9644
0.16,-1,-1,1,-47282.164595217306,0.0,-0.000472821645952173,0.0,1.4160340984092462e+24,7.791699145401936e+22,0.0,7.669314603926695e+23,1416034098409.2458,77916991454.01935,0.0,1457169774746.0718,0.0,0.0,0.0,1121160903493.5388,0.0,0.0,0.0,0.0,1416034098409.2427,77916991454.01907,0.0,700895314839.0996,0.0,0.0,0.0,-364886443586.5668,0.0,0.0,0.0,0.0,0.0,0.0,0.0,0.0,129499.52558574567,2341177.855690485,1.649705060652815e-65,1124962606254.0242,0.0,0.0,0.0,0.0,6216904.834718502,51.05494999630989,7.919522696735705e-64,1059836410969.3489,0.0,0.0,0.0,0.0,1416085399914.0054,77921022499.12785,62589821.105793454,700895901071.9362,0.0,0.0,0.0,0.0,0.0,0.0,0.0,-29073384931605.12,0.0,0.0,0.0,-55.239431370049715,0.0,0.0,0.0,-1121160903493.5388,0.0,0.0,0.0,1058864281066.8574,0.0,0.0,0.0,0.0,0.0,0.0,0.0,364886443586.5668,0.0,0.0,0.0,-302589821215.12445,-6.310887241768095e-19,-47282.16459521571,-6.3108872417680944e-27,-0.00047282164595215706,1.4160340984092462e+24,7.791699145401936e+22,0.0,7.669314603635953e+23,1416034098409.2458,77916991454.01935,0.0,1457169774690.8308,0.0,0.0,0.0,0.0,0.0,0.0,0.0,1058864281066.8574,1416034098409.2427,77916991454.01907,0.0,700895314839.0996,0.0,0.0,0.0,0.0,0.0,0.0,0.0,-302589821215.12445
0.18,-1,-1,1,-47245.221479273714,0.0,-0.00047245221479273703,0.0,1.416034082234351e+24,7.791698161366207e+22,0.0,7.657178908496773e+23,1416034082234.3506,77916981613.66205,0.0,1454863992614.3865,0.0,0.0,0.0,1120722965116.2622,0.0,0.0,0.0,0.0,1416034082234.3484,77916981613.66183,0.0,700895306961.5964,0.0,0.0,0.0,-366754279463.4735,0.0,0.0,0.0,0.0,0.0,0.0,0.0,0.0,130199.65279315409,2342666.6830853997,1.6586239870613912e-65,1124544139068.1199,0.0,0.0,0.0,0.0,6216204.712217704,52.129065431439734,7.918630804056242e-64,1060296025188.6292,0.0,0.0,0.0,0.0,1416085399914.006,77921022499.128,62589821.105793454,700895901071.9374,0.0,0.0,0.0,0.0,0.0,0.0,0.0,-27764374130454.508,0.0,0.0,0.0,-52.752310847863555,0.0,0.0,0.0,-1120722965116.2622,0.0,0.0,0.0,1059314982230.9928,0.0,0.0,0.0,0.0,0.0,0.0,0.0,366754279463.4735,0.0,0.0,0.0,-305346296630.9556,-6.310887241768095e-19,-47245.22147927202,-6.3108872417680944e-27,-0.0004724522147927201,1.416034082234351e+24,7.791698161366207e+22,0.0,7.657178908219128e+23,1416034082234.3506,77916981613.66205,0.0,1454863992561.634,0.0,0.0,0.0,0.0,0.0,0.0,0.0,1059314982230.9928,1416034082234.3484,77916981613.66183,0.0,700895306961.5964,0.0,0.0,0.0,0.0,0.0,0.0,0.0,-305346296630.9556
0.2,-1,-1,1,-47207.869113882414,0.0,-0.0004720786911388241,0.0,1.4160340659735782e+24,7.791697165920568e+22,0.0,7.644908775468238e+23,1416034065973.578,77916971659.20566,0.0,1452532667338.9648,0.0,0.0,0.0,1120280260268.3027,0.0,0.0,0.0,0.0,1416034065973.5752,77916971659.20535,0.0,700895298959.6777,0.0,0.0,0.0,-368642891889.01904,0.0,0.0,0.0,0.0,0.0,0.0,0.0,0.0,130900.8078903752,2344171.6709024142,1.6675560075197835e-65,1124121122006.4297,0.0,0.0,0.0,0.0,6215503.561832895,53.24935799161056,7.917737601971729e-64,1060760042896.7474,0.0,0.0,0.0,0.0,1416085399914.0054,77921022499.1279,62589821.10579346,700895901071.9362,0.0,0.0,0.0,0.0,0.0,0.0,0.0,-26484382565280.332,0.0,0.0,0.0,-50.32032687403262,0.0,0.0,0.0,-1120280260268.3027,0.0,0.0,0.0,1059769990373.828,0.0,0.0,0.0,0.0,0.0,0.0,0.0,368642891889.01904,0.0,0.0,0.0,-308132622044.8629,-6.310887241768095e-19,-47207.869113880806,-6.3108872417680944e-27,-0.000472078691138808,1.4160340659735782e+24,7.791697165920568e+22,0.0,7.644908775203387e+23,1416034065973.578,77916971659.20566,0.0,1452532667288.6433,0.0,0.0,0.0,0.0,0.0,0.0,0.0,1059769990373.828,1416034065973.5752,77916971659.20535,0.0,700895298959.6777,0.0,0.0,0.0,0.0,0.0,0.0,0.0,-308132622044.8629
0.22,-1,-1,1,-47170.09618742342,0.0,-0.00047170096187423415,0.0,1.4160340496224498e+24,7.79169615872703e+22,0.0,7.632500489009474e+23,1416034049622.4495,77916961587.2703,0.0,1450175092911.7998,0.0,0.0,0.0,1119832653376.0364,0.0,0.0,0.0,0.0,1416034049622.446,77916961587.27,0.0,700895290829.8816,0.0,0.0,0.0,-370552851294.11755,0.0,0.0,0.0,0.0,0.0,0.0,0.0,0.0,131603.11450840475,2345693.2789751273,1.6765026969685102e-65,1123693425441.1416,0.0,0.0,0.0,0.0,6214801.259933932,54.41887486849737,7.91684293298813e-64,1061228587916.6614,0.0,0.0,0.0,0.0,1416085399914.0054,77921022499.12776,62589821.10579344,700895901071.936,0.0,0.0,0.0,0.0,0.0,0.0,0.0,-25251659485266.402,0.0,0.0,0.0,-47.978153022006154,0.0,0.0,0.0,-1119832653376.0364,0.0,0.0,0.0,1060229426643.1002,0.0,0.0,0.0,0.0,0.0,0.0,0.0,370552851294.11755,0.0,0.0,0.0,-310949624609.1594,-1.262177448353619e-18,-47170.09618742169,-1.2621774483536189e-26,-0.0004717009618742168,1.4160340496224498e+24,7.79169615872703e+22,0.0,7.632500488756955e+23,1416034049622.4495,77916961587.2703,0.0,1450175092863.8213,0.0,0.0,0.0,0.0,0.0,0.0,0.0,1060229426643.1002,1416034049622.446,77916961587.27,0.0,700895290829.8816,0.0,0.0,0.0,0.0,0.0,0.0,0.0,-310949624609.1594
0.24,-1,-1,1,-47131.89081756562,0.0,-0.00047131890817565613,0.0,1.416034033176304e+24,7.791695139430633e+22,0.0,7.619950145812025e+23,1416034033176.3035,77916951394.3063,0.0,1447790527704.2844,0.0,0.0,0.0,1119380001958.5718,0.0,0.0,0.0,0.0,1416034033176.3013,77916951394.30606,0.0,700895282568.5688,0.0,0.0,0.0,-372484756822.8568,0.0,0.0,0.0,0.0,0.0,0.0,0.0,0.0,132306.70129594594,2347231.9906305945,1.6854656942691968e-65,1123260913136.0916,0.0,0.0,0.0,0.0,6214097.677872956,55.6409397803518,7.915946633219265e-64,1061701790416.088,0.0,0.0,0.0,0.0,1416085399914.0051,77921022499.12766,62589821.105793454,700895901071.9354,0.0,0.0,0.0,0.0,0.0,0.0,0.0,-24076204440115.316,0.0,0.0,0.0,-45.744788436219096,0.0,0.0,0.0,-1119380001958.5718,0.0,0.0,0.0,1060693418395.6567,0.0,0.0,0.0,0.0,0.0,0.0,0.0,372484756822.8568,0.0,0.0,0.0,-313798173305.68634,-1.262177448353619e-18,-47131.89081756398,-1.2621774483536189e-26,-0.0004713189081756397,1.416034033176304e+24,7.791695139430633e+22,0.0,7.619950145571265e+23,1416034033176.3035,77916951394.3063,0.0,1447790527658.54,0.0,0.0,0.0,0.0,0.0,0.0,0.0,1060693418395.6567,1416034033176.3013,77916951394.30606,0.0,700895282568.5688,0.0,0.0,0.0,0.0,0.0,0.0,0.0,-313798173305.68634
0.26,-1,-1,1,-47093.240509870455,0.0,-0.00047093240509870444,0.0,1.416034016630291e+24,7.791694107658194e+22,0.0,7.607253641491695e+23,1416034016630.2908,77916941076.58192,0.0,1445378191883.4219,0.0,0.0,0.0,1118922156126.3416,0.0,0.0,0.0,0.0,1416034016630.289,77916941076.58162,0.0,700895274171.9241,0.0,0.0,0.0,-374439238414.8438,0.0,0.0,0.0,0.0,0.0,0.0,0.0,0.0,133011.70232046416,2348788.314300863,1.6944467073131335e-65,1122823441767.2344,0.0,0.0,0.0,0.0,6213392.681583396,56.91918527250598,7.915048531875987e-64,1062179787367.834,0.0,0.0,0.0,0.0,1416085399914.0051,77921022499.12802,62589821.10579346,700895901071.9368,0.0,0.0,0.0,0.0,0.0,0.0,0.0,-22960849887642.42,0.0,0.0,0.0,-43.6256147865206,0.0,0.0,0.0,-1118922156126.3416,0.0,0.0,0.0,1061162099648.1746,0.0,0.0,0.0,0.0,0.0,0.0,0.0,374439238414.8438,0.0,0.0,0.0,-316679181980.3024,-6.310887241768095e-19,-47093.240509868716,-6.3108872417680944e-27,-0.0004709324050986871,1.416034016630291e+24,7.791694107658194e+22,0.0,7.607253641262086e+23,1416034016630.2908,77916941076.58192,0.0,1445378191839.7961,0.0,0.0,0.0,0.0,0.0,0.0,0.0,1061162099648.1746,1416034016630.289,77916941076.58162,0.0,700895274171.9241,0.0,0.0,0.0,0.0,0.0,0.0,0.0,-316679181980.3024
0.28,-1,-1,1,-47054.1321129954,0.0,-0.00047054132112995395,0.0,1.4160339999793557e+24,7.79169306301681e+22,0.0,7.594406655873098e+23,1416033999979.3552,77916930630.16809,0.0,1442937264615.8882,0.0,0.0,0.0,1118458958028.3489,0.0,0.0,0.0,0.0,1416033999979.3516,77916930630.16785,0.0,700895265635.9252,0.0,0.0,0.0,-376416959048.3858,0.0,0.0,0.0,0.0,0.0,0.0,0.0,0.0,133718.2574983736,2350362.7852695654,1.7034475185006742e-65,1122380860393.5278,0.0,0.0,0.0,0.0,6212686.131149784,58.25758968686066,7.914148450718282e-64,1062662723058.5808,0.0,0.0,0.0,0.0,1416085399914.0059,77921022499.1281,62589821.105793476,700895901071.9371,0.0,0.0,0.0,0.0,0.0,0.0,0.0,-21902511939406.4,0.0,0.0,0.0,-41.61477268487215,0.0,0.0,0.0,-1118458958028.3489,0.0,0.0,0.0,1061635611575.52,0.0,0.0,0.0,0.0,0.0,0.0,0.0,376416959048.3858,0.0,0.0,0.0,-319593612637.1716,-1.262177448353619e-18,-47054.132112993866,-1.2621774483536189e-26,-0.0004705413211299386,1.4160339999793557e+24,7.79169306301681e+22,0.0,7.59440665565408e+23,1416033999979.3552,77916930630.16809,0.0,1442937264574.275,0.0,0.0,0.0,0.0,0.0,0.0,0.0,1061635611575.52,1416033999979.3516,77916930630.16785,0.0,700895265635.9252,0.0,0.0,0.0,0.0,0.0,0.0,0.0,-319593612637.1716
0.3,-1,-1,1,-47014.55177019755,0.0,-0.0004701455177019754,0.0,1.4160339832182125e+24,7.791692005092572e+22,0.0,7.581404637058598e+23,1416033983218.2122,77916920050.9257,0.0,1440466881041.1333,0.0,0.0,0.0,1117990241247.2231,0.0,0.0,0.0,0.0,1416033983218.209,77916920050.92542,0.0,700895256956.3468,0.0,0.0,0.0,-378418617162.4371,0.0,0.0,0.0,0.0,0.0,0.0,0.0,0.0,134426.51305424687,2351955.967569491,1.7124699905905063e-65,1121933009877.47,0.0,0.0,0.0,0.0,6211977.880348502,59.66051993716539,7.913246203470239e-64,1063150749646.1692,0.0,0.0,0.0,0.0,1416085399914.0063,77921022499.12794,62589821.105793476,700895901071.9374,0.0,0.0,0.0,0.0,0.0,0.0,0.0,-20892673928878.812,0.0,0.0,0.0,-39.69608046486974,0.0,0.0,0.0,-1117990241247.2231,0.0,0.0,0.0,1062114103056.711,0.0,0.0,0.0,0.0,0.0,0.0,0.0,378418617162.4371,0.0,0.0,0.0,-322542479011.62,-1.262177448353619e-18,-47014.5517701959,-1.2621774483536189e-26,-0.000470145517701959,1.4160339832182125e+24,7.791692005092572e+22,0.0,7.581404636849674e+23,1416033983218.2122,77916920050.9257,0.0,1440466881001.4377,0.0,0.0,0.0,0.0,0.0,0.0,0.0,1062114103056.711,1416033983218.209,77916920050.92542,0.0,700895256956.3468,0.0,0.0,0.0,0.0,0.0,0.0,0.0,-322542479011.62
0.32,-1,-1,1,-46974.484866616935,0.0,-0.00046974484866616926,0.0,1.4160339663413356e+24,7.791690933448842e+22,0.0,7.568242784111185e+23,1416033966341.3352,77916909334.4884,0.0,1437966128981.125,0.0,0.0,0.0,1117515830141.3733,0.0,0.0,0.0,0.0,1416033966341.3342,77916909334.48811,0.0,700895248128.7273,0.0,0.0,0.0,-380444949288.9749,0.0,0.0,0.0,0.0,0.0,0.0,0.0,0.0,135136.62201269827,2353568.4560519275,1.7215160729652489e-65,1121479722254.8904,0.0,0.0,0.0,0.0,6211267.776155987,61.13278162516278,7.912341595193619e-64,1063644027765.1711,0.0,0.0,0.0,0.0,1416085399914.005,77921022499.12791,62589821.10579345,700895901071.9363,0.0,0.0,0.0,0.0,0.0,0.0,0.0,-19908026123517.44,0.0,0.0,0.0,-37.82524963468313,0.0,0.0,0.0,-1117515830141.3733,0.0,0.0,0.0,1062597731268.1245,0.0,0.0,0.0,0.0,0.0,0.0,0.0,380444949288.9749,0.0,0.0,0.0,-325526850453.5514,-6.310887241768095e-19,-46974.48486661515,-6.3108872417680944e-27,-0.0004697448486661515,1.4160339663413356e+24,7.791690933448842e+22,0.0,7.568242783912111e+23,1416033966341.3352,77916909334.4884,0.0,1437966128943.3008,0.0,0.0,0.0,0.0,0.0,0.0,0.0,1062597731268.1245,1416033966341.3342,77916909334.48811,0.0,700895248128.7273,0.0,0.0,0.0,0.0,0.0,0.0,0.0,-325526850453.5514
0.34,-1,-1,1,-46933.91597156178,0.0,-0.0004693391597156177,0.0,1.4160339493429462e+24,7.791689847624473e+22,0.0,7.55491602809559e+23,1416033949342.9458,77916898476.2447,0.0,1435434045338.1619,0.0,0.0,0.0,1117035539131.5686,0.0,0.0,0.0,0.0,1416033949342.9429,77916898476.24442,0.0,700895239148.3721,0.0,0.0,0.0,-382496732941.77905,0.0,0.0,0.0,0.0,0.0,0.0,0.0,0.0,135848.74473093922,2355200.878656581,1.7305878084156003e-65,1121020820051.7603,0.0,0.0,0.0,0.0,6210555.658216039,62.67967846316953,7.911434421609306e-64,1064142727182.183,0.0,0.0,0.0,0.0,1416085399914.0054,77921022499.12811,62589821.105793454,700895901071.937,0.0,0.0,0.0,0.0,0.0,0.0,0.0,-18938135036120.29,0.0,0.0,0.0,-35.98245656862855,0.0,0.0,0.0,-1117035539131.5686,0.0,0.0,0.0,1063086662325.146,0.0,0.0,0.0,0.0,0.0,0.0,0.0,382496732941.77905,0.0,0.0,0.0,-328547856171.33905,-1.262177448353619e-18,-46933.91597155996,-1.2621774483536189e-26,-0.00046933915971559956,1.4160339493429462e+24,7.791689847624473e+22,0.0,7.554916027906208e+23,1416033949342.9458,77916898476.2447,0.0,1435434045302.1792,0.0,0.0,0.0,0.0,0.0,0.0,0.0,1063086662325.146,1416033949342.9429,77916898476.24442,0.0,700895239148.3721,0.0,0.0,0.0,0.0,0.0,0.0,0.0,-328547856171.33905
0.36,-1,-1,1,-46892.82877476287,0.0,-0.00046892828774762864,0.0,1.4160339322169673e+24,7.791688747131824e+22,0.0,7.541419011137512e+23,1416033932216.967,77916887471.31822,0.0,1432869612116.127,0.0,0.0,0.0,1116549171925.457,0.0,0.0,0.0,0.0,1416033932216.9646,77916887471.31796,0.0,700895230010.3096,0.0,0.0,0.0,-384574789819.6383,0.0,0.0,0.0,0.0,0.0,0.0,0.0,0.0,136563.0494849207,2356853.8989210646,1.7396873406073024e-65,1120556115542.0847,0.0,0.0,0.0,0.0,6209841.358253891,64.30708337523154,7.910524468350735e-64,1064647027506.318,0.0,0.0,0.0,0.0,1416085399914.0051,77921022499.12794,62589821.10579347,700895901071.9368,0.0,0.0,0.0,0.0,0.0,0.0,0.0,-17959721568775.805,0.0,0.0,0.0,-34.12347098067403,0.0,0.0,0.0,-1116549171925.457,0.0,0.0,0.0,1063581071977.5569,0.0,0.0,0.0,0.0,0.0,0.0,0.0,384574789819.6383,0.0,0.0,0.0,-331606689905.8632,-6.310887241768095e-19,-46892.828774761176,-6.3108872417680944e-27,-0.0004689282877476117,1.4160339322169673e+24,7.791688747131824e+22,0.0,7.541419010957919e+23,1416033932216.967,77916887471.31822,0.0,1432869612082.0044,0.0,0.0,0.0,0.0,0.0,0.0,0.0,1063581071977.5569,1416033932216.9646,77916887471.31796,0.0,700895230010.3096,0.0,0.0,0.0,0.0,0.0,0.0,0.0,-331606689905.8632
0.38,-1,-1,1,-46851.206015367585,0.0,-0.00046851206015367574,0.0,1.4160339149570276e+24,7.791687631454812e+22,0.0,7.527746063098645e+23,1416033914957.0273,77916876314.5481,0.0,1430271751988.7424,0.0,0.0,0.0,1116056520668.3376,0.0,0.0,0.0,0.0,1416033914957.0251,77916876314.54782,0.0,700895220709.2898,0.0,0.0,0.0,-386679989388.88666,0.0,0.0,0.0,0.0,0.0,0.0,0.0,0.0,137279.71312514186,2358528.218778897,1.7488169224360803e-65,1120085409935.9229,0.0,0.0,0.0,0.0,6209124.699420158,66.02152413413677,7.909611510128335e-64,1065157118965.6053,0.0,0.0,0.0,0.0,1416085399914.0046,77921022499.12784,62589821.105793454,700895901071.9359,0.0,0.0,0.0,0.0,0.0,0.0,0.0,-16970272129891.736,0.0,0.0,0.0,-32.243517046794295,0.0,0.0,0.0,-1116056520668.3376,0.0,0.0,0.0,1064081146369.0122,0.0,0.0,0.0,0.0,0.0,0.0,0.0,386679989388.88666,0.0,0.0,0.0,-334704615121.80347,-6.310887241768095e-19,-46851.20601536579,-6.3108872417680944e-27,-0.00046851206015365775,1.4160339149570276e+24,7.791687631454812e+22,0.0,7.527746062928946e+23,1416033914957.0273,77916876314.5481,0.0,1430271751956.4995,0.0,0.0,0.0,0.0,0.0,0.0,0.0,1064081146369.0122,1416033914957.0251,77916876314.54782,0.0,700895220709.2898,0.0,0.0,0.0,0.0,0.0,0.0,0.0,-334704615121.80347
0.4,-1,-1,1,-46809.029402365115,0.0,-0.0004680902940236511,0.0,1.4160338975564119e+24,7.791686500046484e+22,0.0,7.513891175436897e+23,1416033897556.4116,77916865000.46481,0.0,1427639323333.01,0.0,0.0,0.0,1115557365003.4585,0.0,0.0,0.0,0.0,1416033897556.41,77916865000.46457,0.0,700895211239.754,0.0,0.0,0.0,-388813252910.2015,0.0,0.0,0.0,0.0,0.0,0.0,0.0,0.0,137998.92181922516,2360224.58170136,1.7579789254877436e-65,1119608492481.44,0.0,0.0,0.0,0.0,6208405.495548501,67.83028724635538,7.908695309783517e-64,1065673203265.3782,0.0,0.0,0.0,0.0,1416085399914.0046,77921022499.12782,62589821.10579344,700895901071.9359,0.0,0.0,0.0,0.0,0.0,0.0,0.0,-15961725441248.795,0.0,0.0,0.0,-30.327278338372707,0.0,0.0,0.0,-1115557365003.4585,0.0,0.0,0.0,1064587082876.4683,0.0,0.0,0.0,0.0,0.0,0.0,0.0,388813252910.2015,0.0,0.0,0.0,-337842970813.53876,-6.310887241768095e-19,-46809.02940236326,-6.3108872417680944e-27,-0.0004680902940236325,1.4160338975564119e+24,7.791686500046484e+22,0.0,7.513891175277284e+23,1416033897556.4116,77916865000.46481,0.0,1427639323302.6836,0.0,0.0,0.0,0.0,0.0,0.0,0.0,1064587082876.4683,1416033897556.41,77916865000.46457,0.0,700895211239.754,0.0,0.0,0.0,0.0,0.0,0.0,0.0,-337842970813.53876
0.42,-1,-1,1,-46766.27952516737,0.0,-0.0004676627952516736,0.0,1.4160338800080487e+24,7.791685352326328e+22,0.0,7.499847971832119e+23,1416033880008.0483,77916853523.26326,0.0,1424971114648.1023,0.0,0.0,0.0,1115051471021.3337,0.0,0.0,0.0,0.0,1416033880008.0452,77916853523.263,0.0,700895201595.7992,0.0,0.0,0.0,-390975557969.0335,0.0,0.0,0.0,0.0,0.0,0.0,0.0,0.0,138720.87189612456,2361943.7762380783,1.7671758507933032e-65,1119125139461.233,0.0,0.0,0.0,0.0,6207683.5503112385,69.74154546815141,7.907775617213133e-64,1066195494548.3805,0.0,0.0,0.0,0.0,1416085399914.0044,77921022499.12764,62589821.105793454,700895901071.9352,0.0,0.0,0.0,0.0,0.0,0.0,0.0,-14936391591633.625,0.0,0.0,0.0,-28.37914402410388,0.0,0.0,0.0,-1115051471021.3337,0.0,0.0,0.0,1065099091048.9592,0.0,0.0,0.0,0.0,0.0,0.0,0.0,390975557969.0335,0.0,0.0,0.0,-341023178025.03687,-6.310887241768095e-19,-46766.27952516576,-6.3108872417680944e-27,-0.00046766279525165753,1.4160338800080487e+24,7.791685352326328e+22,0.0,7.49984797168275e+23,1416033880008.0483,77916853523.26326,0.0,1424971114619.7224,0.0,0.0,0.0,0.0,0.0,0.0,0.0,1065099091048.9592,1416033880008.0452,77916853523.263,0.0,700895201595.7992,0.0,0.0,0.0,0.0,0.0,0.0,0.0,-341023178025.03687
0.44,-1,-1,1,-46722.9357531676,0.0,-0.0004672293575316759,0.0,1.4160338623044598e+24,7.79168418767756e+22,0.0,7.485609675191103e+23,1416033862304.4595,77916841876.77557,0.0,1422265838286.3093,0.0,0.0,0.0,1114538590076.3938,0.0,0.0,0.0,0.0,1416033862304.4573,77916841876.77527,0.0,700895191771.1693,0.0,0.0,0.0,-393167943561.25433,0.0,0.0,0.0,0.0,0.0,0.0,0.0,0.0,139445.77080335177,2363686.640003389,1.7764103410234909e-65,1118635113061.75,0.0,0.0,0.0,0.0,6206958.656262268,71.7645174355459,7.90685216815016e-64,1066724220477.6636,0.0,0.0,0.0,0.0,1416085399914.005,77921022499.12773,62589821.10579346,700895901071.936,0.0,0.0,0.0,0.0,0.0,0.0,0.0,-13900158293545.248,0.0,0.0,0.0,-26.410300757735968,0.0,0.0,0.0,-1114538590076.3938,0.0,0.0,0.0,1065617393666.596,0.0,0.0,0.0,0.0,0.0,0.0,0.0,393167943561.25433,0.0,0.0,0.0,-344246747177.8648,-6.310887241768095e-19,-46722.935753165824,-6.3108872417680944e-27,-0.00046722935753165814,1.4160338623044598e+24,7.79168418767756e+22,0.0,7.485609675052108e+23,1416033862304.4595,77916841876.77557,0.0,1422265838259.9004,0.0,0.0,0.0,0.0,0.0,0.0,0.0,1065617393666.596,1416033862304.4573,77916841876.77527,0.0,700895191771.1693,0.0,0.0,0.0,0.0,0.0,0.0,0.0,-344246747177.8648
0.46,-1,-1,1,-46678.97612317855,0.0,-0.0004667897612317854,0.0,1.4160338444377362e+24,7.791683005443587e+22,0.0,7.471169070672118e+23,1416033844437.7358,77916830054.43585,0.0,1419522123427.7021,0.0,0.0,0.0,1114018457449.896,0.0,0.0,0.0,0.0,1416033844437.733,77916830054.43561,0.0,700895181759.1973,0.0,0.0,0.0,-395391515781.3926,0.0,0.0,0.0,0.0,0.0,0.0,0.0,0.0,140173.83818430762,2365454.0641418877,1.7856851942130255e-65,1118138160095.3367,0.0,0.0,0.0,0.0,6206230.593759617,73.90967291722613,7.905924682791045e-64,1067259623462.2065,0.0,0.0,0.0,0.0,1416085399914.0063,77921022499.12799,62589821.10579347,700895901071.9365,0.0,0.0,0.0,0.0,0.0,0.0,0.0,-12871383926586.104,0.0,0.0,0.0,-24.45562946051359,0.0,0.0,0.0,-1114018457449.896,0.0,0.0,0.0,1066142227939.4205,0.0,0.0,0.0,0.0,0.0,0.0,0.0,395391515781.3926,0.0,0.0,0.0,-347515286295.3719,-1.262177448353619e-18,-46678.97612317663,-1.2621774483536189e-26,-0.00046678976123176627,1.4160338444377362e+24,7.791683005443587e+22,0.0,7.4711690705434e+23,1416033844437.7358,77916830054.43585,0.0,1419522123403.2458,0.0,0.0,0.0,0.0,0.0,0.0,0.0,1066142227939.4205,1416033844437.733,77916830054.43561,0.0,700895181759.1973,0.0,0.0,0.0,0.0,0.0,0.0,0.0,-347515286295.3719
0.48,-1,-1,1,-46634.37721360544,0.0,-0.0004663437721360543,0.0,1.416033826399482e+24,7.79168180492438e+22,0.0,7.456518464350443e+23,1416033826399.4817,77916818049.24377,0.0,1416738508226.5837,0.0,0.0,0.0,1113490790839.761,0.0,0.0,0.0,0.0,1416033826399.479,77916818049.24355,0.0,700895171552.7832,0.0,0.0,0.0,-397647454165.96295,0.0,0.0,0.0,0.0,0.0,0.0,0.0,0.0,140905.30708168785,2367246.998293505,1.7950033790909382e-65,1117634010556.1375,0.0,0.0,0.0,0.0,6205499.129762149,76.18900461185567,7.904992864262923e-64,1067801962043.0968,0.0,0.0,0.0,0.0,1416085399914.0054,77921022499.12788,62589821.105793454,700895901071.9363,0.0,0.0,0.0,0.0,0.0,0.0,0.0,-11852342206984.762,0.0,0.0,0.0,-22.51945019327104,0.0,0.0,0.0,-1113490790839.761,0.0,0.0,0.0,1066673846863.7758,0.0,0.0,0.0,0.0,0.0,0.0,0.0,397647454165.96295,0.0,0.0,0.0,-350830510212.4966,-6.310887241768095e-19,-46634.37721360368,-6.3108872417680944e-27,-0.0004663437721360367,1.416033826399482e+24,7.79168180492438e+22,0.0,7.456518464231903e+23,1416033826399.4817,77916818049.24377,0.0,1416738508204.0615,0.0,0.0,0.0,0.0,0.0,0.0,0.0,1066673846863.7758,1416033826399.479,77916818049.24355,0.0,700895171552.7832,0.0,0.0,0.0,0.0,0.0,0.0,0.0,-350830510212.4966
0.5,-1,-1,1,-46589.114003910865,0.0,-0.0004658911400391086,0.0,1.4160338081807782e+24,7.791680585372338e+22,0.0,7.441649637053132e+23,1416033808180.7778,77916805853.72336,0.0,1413913431040.0947,0.0,0.0,0.0,1112955288658.4932,0.0,0.0,0.0,0.0,1416033808180.775,77916805853.72307,0.0,700895161144.3491,0.0,0.0,0.0,-399937018762.74945,0.0,0.0,0.0,0.0,0.0,0.0,0.0,0.0,141640.42527538555,2369066.456071001,1.8043680521236865e-65,1117122375991.758,0.0,0.0,0.0,0.0,6204764.01649161,78.61639797209985,7.904056396919095e-64,1068351512457.1805,0.0,0.0,0.0,0.0,1416085399914.006,77921022499.12798,62589821.105793476,700895901071.9373,0.0,0.0,0.0,0.0,0.0,0.0,0.0,-10859384930839.666,0.0,0.0,0.0,-20.63283136859536,0.0,0.0,0.0,-1112955288658.4932,0.0,0.0,0.0,1067212520752.6885,0.0,0.0,0.0,0.0,0.0,0.0,0.0,399937018762.74945,0.0,0.0,0.0,-354194250877.5766,-1.262177448353619e-18,-46589.11400390899,-1.2621774483536189e-26,-0.0004658911400390898,1.4160338081807782e+24,7.791680585372338e+22,0.0,7.441649636944529e+23,1416033808180.7778,77916805853.72336,0.0,1413913431019.4604,0.0,0.0,0.0,0.0,0.0,0.0,0.0,1067212520752.6885,1416033808180.775,77916805853.72307,0.0,700895161144.3491,0.0,0.0,0.0,0.0,0.0,0.0,0.0,-354194250877.5766
0.52,-1,-1,1,-46543.15971738627,0.0,-0.0004654315971738626,0.0,1.4160337897721256e+24,7.791679345987363e+22,0.0,7.426553792709958e+23,1416033789772.1252,77916793459.87361,0.0,1411045220614.8918,0.0,0.0,0.0,1112411628117.7664,0.0,0.0,0.0,0.0,1416033789772.1226,77916793459.87335,0.0,700895150525.7891,0.0,0.0,0.0,-402261558028.6649,0.0,0.0,0.0,0.0,0.0,0.0,0.0,0.0,142379.45677068288,2370913.5210642703,1.8137825764731318e-65,1116602947670.3254,0.0,0.0,0.0,0.0,6204024.989944478,81.20814619360934,7.903114944443408e-64,1068908570396.9412,0.0,0.0,0.0,0.0,1416085399914.0056,77921022499.1279,62589821.10579346,700895901071.9364,0.0,0.0,0.0,0.0,0.0,0.0,0.0,-9883780417669.762,0.0,0.0,0.0,-18.779182793572545,0.0,0.0,0.0,-1112411628117.7664,0.0,0.0,0.0,1067758538958.5901,0.0,0.0,0.0,0.0,0.0,0.0,0.0,402261558028.6649,0.0,0.0,0.0,-357608468888.2671,-6.310887241768095e-19,-46543.159717384406,-6.3108872417680944e-27,-0.00046543159717384394,1.4160337897721256e+24,7.791679345987363e+22,0.0,7.426553792611123e+23,1416033789772.1252,77916793459.87361,0.0,1411045220596.113,0.0,0.0,0.0,0.0,0.0,0.0,0.0,1067758538958.5901,1416033789772.1226,77916793459.87335,0.0,700895150525.7891,0.0,0.0,0.0,0.0,0.0,0.0,0.0,-357608468888.2671
0.54,-1,-1,1,-46496.485644479944,0.0,-0.00046496485644479936,0.0,1.4160337711633812e+24,7.791678085911718e+22,0.0,7.41122150031722e+23,1416033771163.3809,77916780859.11716,0.0,1408132085060.2715,0.0,0.0,0.0,1111859463072.7988,0.0,0.0,0.0,0.0,1416033771163.38,77916780859.11694,0.0,700895139688.418,0.0,0.0,0.0,-404622517700.9461,0.0,0.0,0.0,0.0,0.0,0.0,0.0,0.0,143122.68346306172,2372789.353393603,1.8232505432037685e-65,1116075394517.545,0.0,0.0,0.0,0.0,6203281.768227115,83.98368254333076,7.902168147729362e-64,1069473452990.5371,0.0,0.0,0.0,0.0,1416085399914.0051,77921022499.12773,62589821.10579347,700895901071.9358,0.0,0.0,0.0,0.0,0.0,0.0,0.0,-8935869157706.438,0.0,0.0,0.0,-16.97815139964223,0.0,0.0,0.0,-1111859463072.7988,0.0,0.0,0.0,1068312211811.6405,0.0,0.0,0.0,0.0,0.0,0.0,0.0,404622517700.9461,0.0,0.0,0.0,-361075266456.76605,-6.310887241768095e-19,-46496.48564447828,-6.3108872417680944e-27,-0.0004649648564447827,1.4160337711633812e+24,7.791678085911718e+22,0.0,7.411221500227863e+23,1416033771163.3809,77916780859.11716,0.0,1408132085043.2937,0.0,0.0,0.0,0.0,0.0,0.0,0.0,1068312211811.6405,1416033771163.38,77916780859.11694,0.0,700895139688.418,0.0,0.0,0.0,0.0,0.0,0.0,0.0,-361075266456.76605
0.56,-1,-1,1,-46449.060943026365,0.0,-0.00046449060943026354,0.0,1.4160337523436946e+24,7.791676804223905e+22,0.0,7.395642628313282e+23,1416033752343.694,77916768042.23903,0.0,1405172099379.5232,0.0,0.0,0.0,1111298421590.6775,0.0,0.0,0.0,0.0,1416033752343.6921,77916768042.23883,0.0,700895128622.9169,0.0,0.0,0.0,-407021450834.07263,0.0,0.0,0.0,0.0,0.0,0.0,0.0,0.0,143870.4070172177,2374695.1968354387,1.8327757952193603e-65,1115539360789.8638,0.0,0.0,0.0,0.0,6202534.049676839,86.9666439650445,7.901215622486555e-64,1070046501034.2134,0.0,0.0,0.0,0.0,1416085399914.0059,77921022499.12785,62589821.10579346,700895901071.9363,0.0,0.0,0.0,0.0,0.0,0.0,0.0,-7999001470835.587,0.0,0.0,0.0,-15.198102794587612,0.0,0.0,0.0,-1111298421590.6775,0.0,0.0,0.0,1068873872804.9441,0.0,0.0,0.0,0.0,0.0,0.0,0.0,407021450834.07263,0.0,0.0,0.0,-364596902063.53546,0.0,-46449.06094302471,0.0,-0.000464490609430247,1.4160337523436946e+24,7.791676804223905e+22,0.0,7.39564262823329e+23,1416033752343.694,77916768042.23903,0.0,1405172099364.3247,0.0,0.0,0.0,0.0,0.0,0.0,0.0,1068873872804.9441,1416033752343.6921,77916768042.23883,0.0,700895128622.9169,0.0,0.0,0.0,0.0,0.0,0.0,0.0,-364596902063.53546
0.58,-1,-1,1,-46400.8524107235,0.0,-0.00046400852410723495,0.0,1.4160337333014328e+24,7.79167549993183e+22,0.0,7.379806269838603e+23,1416033733301.4324,77916754999.31828,0.0,1402163191269.3342,0.0,0.0,0.0,1110728103196.5427,0.0,0.0,0.0,0.0,1416033733301.4297,77916754999.31807,0.0,700895117319.2528,0.0,0.0,0.0,-409460029246.46246,0.0,0.0,0.0,0.0,0.0,0.0,0.0,0.0,144622.95100913447,2376632.3865259713,1.8423624545504024e-65,1114994463440.1194,0.0,0.0,0.0,0.0,6201781.51071981,90.18644878075537,7.900256956511971e-64,1070628081518.8601,0.0,0.0,0.0,0.0,1416085399914.0073,77921022499.12813,62589821.10579347,700895901071.9381,0.0,0.0,0.0,0.0,0.0,0.0,0.0,-7069662159406.826,0.0,0.0,0.0,-13.432358102872968,0.0,0.0,0.0,-1110728103196.5427,0.0,0.0,0.0,1069443881067.3434,0.0,0.0,0.0,0.0,0.0,0.0,0.0,409460029246.46246,0.0,0.0,0.0,-368175807130.69556,-1.262177448353619e-18,-46400.85241072178,-1.2621774483536189e-26,-0.00046400852410721777,1.4160337333014328e+24,7.79167549993183e+22,0.0,7.379806269767912e+23,1416033733301.4324,77916754999.31828,0.0,1402163191255.903,0.0,0.0,0.0,0.0,0.0,0.0,0.0,1069443881067.3434,1416033733301.4297,77916754999.31807,0.0,700895117319.2528,0.0,0.0,0.0,0.0,0.0,0.0,0.0,-368175807130.69556
0.6,-1,-1,1,-46351.82422405202,0.0,-0.0004635182422405201,0.0,1.41603371402408e+24,7.791674171964995e+22,0.0,7.363700656971002e+23,1416033714024.0798,77916741719.64993,0.0,1399103124824.49,0.0,0.0,0.0,1110148075738.918,0.0,0.0,0.0,0.0,1416033714024.0764,77916741719.64972,0.0,700895105766.6083,0.0,0.0,0.0,-411940056681.0373,0.0,0.0,0.0,0.0,0.0,0.0,0.0,0.0,145380.66339141165,2378602.357190023,1.8520149537593873e-65,1114440289120.1494,0.0,0.0,0.0,0.0,6201023.803405735,93.68068198047649,7.899291706549297e-64,1071218590504.1547,0.0,0.0,0.0,0.0,1416085399914.0051,77921022499.12802,62589821.10579345,700895901071.9368,0.0,0.0,0.0,0.0,0.0,0.0,0.0,-6136334213967.388,0.0,0.0,0.0,-11.659035006538033,0.0,0.0,0.0,-1110148075738.918,0.0,0.0,0.0,1070022624175.8284,0.0,0.0,0.0,0.0,0.0,0.0,0.0,411940056681.0373,0.0,0.0,0.0,-371814605129.6062,-1.262177448353619e-18,-46351.82422405041,-1.2621774483536189e-26,-0.000463518242240504,1.41603371402408e+24,7.791674171964995e+22,0.0,7.36370065690964e+23,1416033714024.0798,77916741719.64993,0.0,1399103124812.8315,0.0,0.0,0.0,0.0,0.0,0.0,0.0,1070022624175.8284,1416033714024.0764,77916741719.64972,0.0,700895105766.6083,0.0,0.0,0.0,0.0,0.0,0.0,0.0,-371814605129.6062
0.62,-1,-1,1,-46301.93763627491,0.0,-0.00046301937636274897,0.0,1.416033694498156e+24,7.79167281916574e+22,0.0,7.347313061519529e+23,1416033694498.1555,77916728191.6574,0.0,1395989481688.7104,0.0,0.0,0.0,1109557871800.7896,0.0,0.0,0.0,0.0,1416033694498.154,77916728191.65717,0.0,700895093953.2975,0.0,0.0,0.0,-414463484065.3776,0.0,0.0,0.0,0.0,0.0,0.0,0.0,0.0,146143.91935759335,2380606.651724217,1.8617380724297717e-65,1113876390750.8967,0.0,0.0,0.0,0.0,6200260.552543535,97.49875703625102,7.898319394640156e-64,1071818456407.051,0.0,0.0,0.0,0.0,1416085399914.006,77921022499.12807,62589821.10579346,700895901071.9376,0.0,0.0,0.0,0.0,0.0,0.0,0.0,-5194685790491.732,0.0,0.0,0.0,-9.86990300193429,0.0,0.0,0.0,-1109557871800.7896,0.0,0.0,0.0,1070610521372.6427,0.0,0.0,0.0,0.0,0.0,0.0,0.0,414463484065.3776,0.0,0.0,0.0,-375516133647.10077,-1.262177448353619e-18,-46301.93763627319,-1.2621774483536189e-26,-0.0004630193763627319,1.416033694498156e+24,7.79167281916574e+22,0.0,7.347313061467585e+23,1416033694498.1555,77916728191.6574,0.0,1395989481678.8408,0.0,0.0,0.0,0.0,0.0,0.0,0.0,1070610521372.6427,1416033694498.154,77916728191.65717,0.0,700895093953.2975,0.0,0.0,0.0,0.0,0.0,0.0,0.0,-375516133647.10077
0.64,-1,-1,1,-46251.15062482839,0.0,-0.00046251150624828383,0.0,1.416033674709078e+24,7.791671440278785e+22,0.0,7.33062967919346e+23,1416033674709.0776,77916714402.78783,0.0,1392819639046.757,0.0,0.0,0.0,1108956984564.4114,0.0,0.0,0.0,0.0,1416033674709.0762,77916714402.78758,0.0,700895081866.6466,0.0,0.0,0.0,-417032427384.3019,0.0,0.0,0.0,0.0,0.0,0.0,0.0,0.0,146913.1247062678,2382646.929744567,1.871536980020999e-65,1113302283573.4407,0.0,0.0,0.0,0.0,6199491.352337316,101.70760358416274,7.897339503838616e-64,1072428143788.1146,0.0,0.0,0.0,0.0,1416085399914.005,77921022499.12782,62589821.10579344,700895901071.9364,0.0,0.0,0.0,0.0,0.0,0.0,0.0,-4246483124596.509,0.0,0.0,0.0,-8.068317936733365,0.0,0.0,0.0,-1108956984564.4114,0.0,0.0,0.0,1071208027268.379,0.0,0.0,0.0,0.0,0.0,0.0,0.0,417032427384.3019,0.0,0.0,0.0,-379283470096.3375,0.0,-46251.15062482651,0.0,-0.00046251150624826497,1.416033674709078e+24,7.791671440278785e+22,0.0,7.330629679150987e+23,1416033674709.0776,77916714402.78783,0.0,1392819639038.6873,0.0,0.0,0.0,0.0,0.0,0.0,0.0,1071208027268.379,1416033674709.0762,77916714402.78758,0.0,700895081866.6466,0.0,0.0,0.0,0.0,0.0,0.0,0.0,-379283470096.3375
0.66,-1,-1,1,-46199.41747463746,0.0,-0.00046199417474637457,0.0,1.4160336546410347e+24,7.7916700339394e+22,0.0,7.313635492722567e+23,1416033654641.0344,77916700339.394,0.0,1389590743617.2874,0.0,0.0,0.0,1108344863015.4717,0.0,0.0,0.0,0.0,1416033654641.0317,77916700339.39372,0.0,700895069492.8844,0.0,0.0,0.0,-419649188891.0696,0.0,0.0,0.0,0.0,0.0,0.0,0.0,0.0,147688.71984835182,2384724.9753256347,1.8814172869176337e-65,1112717440574.132,0.0,0.0,0.0,0.0,6198715.762379069,106.40058384042717,7.896351473106182e-64,1073048157738.4872,0.0,0.0,0.0,0.0,1416085399914.005,77921022499.1277,62589821.105793424,700895901071.9355,0.0,0.0,0.0,0.0,0.0,0.0,0.0,-3283509412094.167,0.0,0.0,0.0,-6.238667882978916,0.0,0.0,0.0,-1108344863015.4717,0.0,0.0,0.0,1071815636130.8466,0.0,0.0,0.0,0.0,0.0,0.0,0.0,419649188891.0696,0.0,0.0,0.0,-383119962012.6842,-6.310887241768095e-19,-46199.41747463567,-6.3108872417680944e-27,-0.0004619941747463566,1.4160336546410347e+24,7.7916700339394e+22,0.0,7.31363549268973e+23,1416033654641.0344,77916700339.394,0.0,1389590743611.0483,0.0,0.0,0.0,0.0,0.0,0.0,0.0,1071815636130.8466,1416033654641.0317,77916700339.39372,0.0,700895069492.8844,0.0,0.0,0.0,0.0,0.0,0.0,0.0,-383119962012.6842
0.68,-1,-1,1,-46146.68827739038,0.0,-0.00046146688277390373,0.0,1.4160336342768005e+24,7.791668598659502e+22,0.0,7.296314107369937e+23,1416033634276.8,77916685986.595,0.0,1386299680400.2878,0.0,0.0,0.0,1107720906345.809,0.0,0.0,0.0,0.0,1416033634276.7976,77916685986.59482,0.0,700895056816.9879,0.0,0.0,0.0,-422316282762.5087,0.0,0.0,0.0,0.0,0.0,0.0,0.0,0.0,148471.18467630658,2386842.7025044602,1.8913851064584995e-65,1112121287154.6538,0.0,0.0,0.0,0.0,6197933.302779513,111.71157644971008,7.895354691108949e-64,1073679048991.7896,0.0,0.0,0.0,0.0,1416085399914.0056,77921022499.12794,62589821.10579346,700895901071.9366,0.0,0.0,0.0,0.0,0.0,0.0,0.0,-2307680724678.8555,0.0,0.0,0.0,-4.384593376889825,0.0,0.0,0.0,-1107720906345.809,0.0,0.0,0.0,1072433886879.6805,0.0,0.0,0.0,0.0,0.0,0.0,0.0,422316282762.5087,0.0,0.0,0.0,-387029263300.7643,-1.262177448353619e-18,-46146.68827738853,-1.2621774483536189e-26,-0.00046146688277388524,1.4160336342768005e+24,7.791668598659502e+22,0.0,7.29631410734687e+23,1416033634276.8,77916685986.595,0.0,1386299680395.905,0.0,0.0,0.0,0.0,0.0,0.0,0.0,1072433886879.6805,1416033634276.7976,77916685986.59482,0.0,700895056816.9879,0.0,0.0,0.0,0.0,0.0,0.0,0.0,-387029263300.7643
0.7000000000000001,-1,-1,1,-46092.90831495683,0.0,-0.0004609290831495683,0.0,1.4160336135975434e+24,7.791667132810943e+22,0.0,7.27864754838697e+23,1416033613597.543,77916671328.1094,0.0,1382943034193.524,0.0,0.0,0.0,1107084457382.4785,0.0,0.0,0.0,0.0,1416033613597.5403,77916671328.1092,0.0,700895043822.5004,0.0,0.0,0.0,-425036467011.45703,0.0,0.0,0.0,0.0,0.0,0.0,0.0,0.0,149261.04465297965,2389002.156034022,1.9014471325025176e-65,1111513194893.711,0.0,0.0,0.0,0.0,6197143.448079285,117.83735644098064,7.894348488460983e-64,1074321419907.6941,0.0,0.0,0.0,0.0,1416085399914.0063,77921022499.12787,62589821.10579347,700895901071.9362,0.0,0.0,0.0,0.0,0.0,0.0,0.0,-1322048907413.2947,0.0,0.0,0.0,-2.5118929240852594,0.0,0.0,0.0,-1107084457382.4785,0.0,0.0,0.0,1073063368926.5404,0.0,0.0,0.0,0.0,0.0,0.0,0.0,425036467011.45703,0.0,0.0,0.0,-391015378558.02966,-1.262177448353619e-18,-46092.90831495511,-1.2621774483536189e-26,-0.000460929083149551,1.4160336135975434e+24,7.791667132810943e+22,0.0,7.278647548373748e+23,1416033613597.543,77916671328.1094,0.0,1382943034191.012,0.0,0.0,0.0,0.0,0.0,0.0,0.0,1073063368926.5404,1416033613597.5403,77916671328.1092,0.0,700895043822.5004,0.0,0.0,0.0,0.0,0.0,0.0,0.0,-391015378558.02966
0.72,-1,-1,1,-46038.017272469624,0.0,-0.0004603801727246962,0.0,1.416033592582543e+24,7.791665634606237e+22,0.0,7.260616002512144e+23,1416033592582.5427,77916656346.06235,0.0,1379517040477.3071,0.0,0.0,0.0,1106434794831.4834,0.0,0.0,0.0,0.0,1416033592582.5398,77916656346.06216,0.0,700895030491.315,0.0,0.0,0.0,-427812784845.49286,0.0,0.0,0.0,0.0,0.0,0.0,0.0,0.0,150058.87874669285,2391205.503077036,1.9116107405136635e-65,1110892474221.952,0.0,0.0,0.0,0.0,6196345.619313866,125.07332179840095,7.89333212761587e-64,1074975931496.8334,0.0,0.0,0.0,0.0,1416085399914.0054,77921022499.12787,62589821.105793454,700895901071.9373,0.0,0.0,0.0,0.0,0.0,0.0,0.0,-320800441856.4471,0.0,0.0,0.0,-0.6095208395272493,0.0,0.0,0.0,-1106434794831.4834,0.0,0.0,0.0,1073704729019.1377,0.0,0.0,0.0,0.0,0.0,0.0,0.0,427812784845.49286,0.0,0.0,0.0,-395082719033.75726,-6.310887241768095e-19,-46038.01727246795,-6.3108872417680944e-27,-0.00046038017272467943,1.416033592582543e+24,7.791665634606237e+22,0.0,7.260616002508926e+23,1416033592582.5427,77916656346.06235,0.0,1379517040476.6956,0.0,0.0,0.0,0.0,0.0,0.0,0.0,1073704729019.1377,1416033592582.5398,77916656346.06216,0.0,700895030491.315,0.0,0.0,0.0,0.0,0.0,0.0,0.0,-395082719033.75726
0.74,-1,-1,1,-45981.94818192181,0.0,-0.000459819481819218,0.0,1.416033571208845e+24,7.791664102074842e+22,0.0,7.242197470945697e+23,1416033571208.8447,77916641020.7484,0.0,1376017519479.6824,0.0,0.0,0.0,1105771124072.915,0.0,0.0,0.0,0.0,1416033571208.8416,77916641020.7482,0.0,700895016803.3636,0.0,0.0,0.0,-430648621396.59784,0.0,0.0,0.0,0.0,0.0,0.0,0.0,0.0,150865.33037255824,2393455.0085772257,1.9218841269416426e-65,1110258365808.6274,0.0,0.0,0.0,0.0,6195539.173072411,133.87072566537165,7.892304788928604e-64,1075643311676.8885,0.0,0.0,0.0,0.0,1416085399914.0044,77921022499.12775,62589821.10579343,700895901071.9359,0.0,0.0,0.0,0.0,0.0,0.0,0.0,698967095660.536,0.0,0.0,0.0,1.3280374817550182,0.0,0.0,0.0,-1105771124072.915,0.0,0.0,0.0,1074358679258.3177,0.0,0.0,0.0,0.0,0.0,0.0,0.0,430648621396.59784,0.0,0.0,0.0,-399236176580.67175,-6.310887241768095e-19,-45981.94818192007,-6.3108872417680944e-27,-0.00045981948181920057,1.416033571208845e+24,7.791664102074842e+22,0.0,7.24219747095269e+23,1416033571208.8447,77916641020.7484,0.0,1376017519481.0107,0.0,0.0,0.0,0.0,0.0,0.0,0.0,1074358679258.3177,1416033571208.8416,77916641020.7482,0.0,700895016803.3636,0.0,0.0,0.0,0.0,0.0,0.0,0.0,-399236176580.67175
0.76,-1,-1,1,-45924.625907653986,0.0,-0.00045924625907653975,0.0,1.416033549450738e+24,7.791662533034505e+22,0.0,7.223367271835513e+23,1416033549450.7375,77916625330.34503,0.0,1372439781648.7473,0.0,0.0,0.0,1105092566174.713,0.0,0.0,0.0,0.0,1416033549450.735,77916625330.34486,0.0,700895002736.2186,0.0,0.0,0.0,-433547787262.184,0.0,0.0,0.0,0.0,0.0,0.0,0.0,0.0,151681.1235689382,2395752.982163154,1.932276515293218e-65,1109610030446.4197,0.0,0.0,0.0,0.0,6194723.38532135,144.92860676251078,7.891265550048466e-64,1076324364956.7426,0.0,0.0,0.0,0.0,1416085399914.0051,77921022499.12779,62589821.10579347,700895901071.9363,0.0,0.0,0.0,0.0,0.0,0.0,0.0,1746710702580.8413,0.0,0.0,0.0,3.318750334903598,0.0,0.0,0.0,-1105092566174.713,0.0,0.0,0.0,1075026006446.4902,0.0,0.0,0.0,0.0,0.0,0.0,0.0,433547787262.184,0.0,0.0,0.0,-403481227530.6433,-6.310887241768095e-19,-45924.62590765232,-6.3108872417680944e-27,-0.00045924625907652316,1.416033549450738e+24,7.791662533034505e+22,0.0,7.223367271852981e+23,1416033549450.7375,77916625330.34503,0.0,1372439781652.0662,0.0,0.0,0.0,0.0,0.0,0.0,0.0,1075026006446.4902,1416033549450.735,77916625330.34486,0.0,700895002736.2186,0.0,0.0,0.0,0.0,0.0,0.0,0.0,-403481227530.6433
0.78,-1,-1,1,-45865.96480379285,0.0,-0.00045865964803792843,0.0,1.4160335272789547e+24,7.791660925055346e+22,0.0,7.204097270750535e+23,1416033527278.9543,77916609250.55344,0.0,1368778481442.6016,0.0,0.0,0.0,1104398144700.9282,0.0,0.0,0.0,0.0,1416033527278.9517,77916609250.55328,0.0,700894988264.4436,0.0,0.0,0.0,-436514651522.77,0.0,0.0,0.0,0.0,0.0,0.0,0.0,0.0,152507.08879427257,2398101.6763522704,1.9427984847564555e-65,1108946537246.6462,0.0,0.0,0.0,0.0,6193897.425607706,159.34176104712103,7.890213353056591e-64,1077019983712.6362,0.0,0.0,0.0,0.0,1416085399914.0046,77921022499.12796,62589821.10579344,700895901071.9357,0.0,0.0,0.0,0.0,0.0,0.0,0.0,2835844783602.577,0.0,0.0,0.0,5.388105088844895,0.0,0.0,0.0,-1104398144700.9282,0.0,0.0,0.0,1075707582856.4404,0.0,0.0,0.0,0.0,0.0,0.0,0.0,436514651522.77,0.0,0.0,0.0,-407824089672.89374,-1.262177448353619e-18,-45865.96480379098,-1.2621774483536189e-26,-0.0004586596480379097,1.4160335272789547e+24,7.791660925055346e+22,0.0,7.204097270778891e+23,1416033527278.9543,77916609250.55344,0.0,1368778481447.989,0.0,0.0,0.0,0.0,0.0,0.0,0.0,1075707582856.4404,1416033527278.9517,77916609250.55328,0.0,700894988264.4436,0.0,0.0,0.0,0.0,0.0,0.0,0.0,-407824089672.89374
0.8,-1,-1,1,-45805.864803346296,0.0,-0.00045805864803346284,0.0,1.416033504659349e+24,7.791659275413672e+22,0.0,7.18435459595616e+23,1416033504659.3486,77916592754.1367,0.0,1365027373231.67,0.0,0.0,0.0,1103686769774.1377,0.0,0.0,0.0,0.0,1416033504659.3462,77916592754.1365,0.0,700894973358.5903,0.0,0.0,0.0,-439554369901.0591,0.0,0.0,0.0,0.0,0.0,0.0,0.0,0.0,153344.20710897152,2400503.102390396,1.953462533032485e-65,1108266850080.5342,0.0,0.0,0.0,0.0,6193060.312877594,178.83928745995948,7.889146948182828e-64,1077731161084.4839,0.0,0.0,0.0,0.0,1416085399914.0051,77921022499.1279,62589821.10579344,700895901071.9364,0.0,0.0,0.0,0.0,0.0,0.0,0.0,3992659239784.668,0.0,0.0,0.0,7.586052555590868,0.0,0.0,0.0,-1103686769774.1377,0.0,0.0,0.0,1076404378299.5978,0.0,0.0,0.0,0.0,0.0,0.0,0.0,439554369901.0591,0.0,0.0,0.0,-412271978418.93164,-1.262177448353619e-18,-45805.86480334453,-1.2621774483536189e-26,-0.0004580586480334452,1.416033504659349e+24,7.791659275413672e+22,0.0,7.184354595996089e+23,1416033504659.3486,77916592754.1367,0.0,1365027373239.2568,0.0,0.0,0.0,0.0,0.0,0.0,0.0,1076404378299.5978,1416033504659.3462,77916592754.1365,0.0,700894973358.5903,0.0,0.0,0.0,0.0,0.0,0.0,0.0,-412271978418.93164
0.8200000000000001,-1,-1,1,-45744.204438052475,0.0,-0.00045744204438052466,0.0,1.4160334815505012e+24,7.791657581029905e+22,0.0,7.16409934544634e+23,1416033481550.501,77916575810.29904,0.0,1361178875634.8042,0.0,0.0,0.0,1102957218714.748,0.0,0.0,0.0,0.0,1416033481550.4985,77916575810.29884,0.0,700894957983.3798,0.0,0.0,0.0,-442673301063.3248,0.0,0.0,0.0,0.0,0.0,0.0,0.0,0.0,154193.69043061824,2402958.707717036,1.96428409870517e-65,1107569812558.9731,0.0,0.0,0.0,0.0,6192210.835221409,206.1695535576771,7.888064791568713e-64,1078459005142.8083,0.0,0.0,0.0,0.0,1416085399914.0051,77921022499.12799,62589821.10579346,700895901071.9368,0.0,0.0,0.0,0.0,0.0,0.0,0.0,5265157609001.588,0.0,0.0,0.0,10.003799457103014,0.0,0.0,0.0,-1102957218714.748,0.0,0.0,0.0,1077117472843.5562,0.0,0.0,0.0,0.0,0.0,0.0,0.0,442673301063.3248,0.0,0.0,0.0,-416833555182.1285,-6.310887241768095e-19,-45744.204438051005,-6.3108872417680944e-27,-0.00045744204438050997,1.4160334815505012e+24,7.791657581029905e+22,0.0,7.164099345498997e+23,1416033481550.501,77916575810.29904,0.0,1361178875644.809,0.0,0.0,0.0,0.0,0.0,0.0,0.0,1077117472843.5562,1416033481550.4985,77916575810.29884,0.0,700894957983.3798,0.0,0.0,0.0,0.0,0.0,0.0,0.0,-416833555182.1285
0.84,-1,-1,1,-45680.82772165998,0.0,-0.0004568082772165997,0.0,1.4160334578992733e+24,7.791655838379795e+22,0.0,7.143280278122913e+23,1416033457899.273,77916558383.79793,0.0,1357223252843.3533,0.0,0.0,0.0,1102208112444.5989,0.0,0.0,0.0,0.0,1416033457899.271,77916558383.79776,0.0,700894942094.3597,0.0,0.0,0.0,-445879801695.60596,0.0,0.0,0.0,0.0,0.0,0.0,0.0,0.0,155057.13377268604,2405468.8218510575,1.9752835006096467e-65,1106854132725.6677,0.0,0.0,0.0,0.0,6191347.397636273,245.72173688417362,7.886964851330654e-64,1079204753058.3213,0.0,0.0,0.0,0.0,1416085399914.0051,77921022499.12775,62589821.10579345,700895901071.9358,0.0,0.0,0.0,0.0,0.0,0.0,0.0,6744059805611.248,0.0,0.0,0.0,12.813713630661368,0.0,0.0,0.0,-1102208112444.5989,0.0,0.0,0.0,1077848068297.992,0.0,0.0,0.0,0.0,0.0,0.0,0.0,445879801695.60596,0.0,0.0,0.0,-421519757536.1851,-1.262177448353619e-18,-45680.827721658105,-1.2621774483536189e-26,-0.00045680827721658097,1.4160334578992733e+24,7.791655838379795e+22,0.0,7.143280278190362e+23,1416033457899.273,77916558383.79793,0.0,1357223252856.1687,0.0,0.0,0.0,0.0,0.0,0.0,0.0,1077848068297.992,1416033457899.271,77916558383.79776,0.0,700894942094.3597,0.0,0.0,0.0,0.0,0.0,0.0,0.0,-421519757536.1851
0.86,-1,-1,1,-45615.51860233726,0.0,-0.0004561551860233725,0.0,1.4160334336320963e+24,7.791654043359091e+22,0.0,7.12182642145201e+23,1416033433632.096,77916540433.5909,0.0,1353147020075.8816,0.0,0.0,0.0,1101437886775.1787,0.0,0.0,0.0,0.0,1416033433632.0923,77916540433.59073,0.0,700894925631.3943,0.0,0.0,0.0,-449185792330.69366,0.0,0.0,0.0,0.0,0.0,0.0,0.0,0.0,155936.81255582656,2408031.715661189,1.9864897252824867e-65,1106118370670.7236,0.0,0.0,0.0,0.0,6190467.724716616,304.52889916365035,7.885844228814842e-64,1079969781910.9625,0.0,0.0,0.0,0.0,1416085399914.0051,77921022499.12778,62589821.105793454,700895901071.9363,0.0,0.0,0.0,0.0,0.0,0.0,0.0,8613756847028.672,0.0,0.0,0.0,16.366138009354472,0.0,0.0,0.0,-1101437886775.1787,0.0,0.0,0.0,1078597493850.6328,0.0,0.0,0.0,0.0,0.0,0.0,0.0,449185792330.69366,0.0,0.0,0.0,-426345399389.7817,-1.262177448353619e-18,-45615.5186023356,-1.2621774483536189e-26,-0.0004561551860233559,1.4160334336320963e+24,7.791654043359091e+22,0.0,7.121826421538151e+23,1416033433632.096,77916540433.5909,0.0,1353147020092.2485,0.0,0.0,0.0,0.0,0.0,0.0,0.0,1078597493850.6328,1416033433632.0923,77916540433.59073,0.0,700894925631.3943,0.0,0.0,0.0,0.0,0.0,0.0,0.0,-426345399389.7817
0.88,-1,-1,1,-45547.95005808257,0.0,-0.0004554795005808256,0.0,1.4160334086376737e+24,7.791652191060254e+22,0.0,7.09963034938195e+23,1416033408637.6733,77916521910.60252,0.0,1348929766382.5706,0.0,0.0,0.0,1100644757877.9324,0.0,0.0,0.0,0.0,1416033408637.671,77916521910.60233,0.0,700894908505.6497,0.0,0.0,0.0,-452609900001.0119,0.0,0.0,0.0,0.0,0.0,0.0,0.0,0.0,156836.27367679763,2410642.01675197,1.997947956593672e-65,1105360936766.0842,0.0,0.0,0.0,0.0,6189568.269589198,393.8837485257844,7.884698405634142e-64,1080755608172.7172,0.0,0.0,0.0,0.0,1416085399914.0054,77921022499.1278,62589821.105793454,700895901071.936,0.0,0.0,0.0,0.0,0.0,0.0,0.0,11239395554324.516,0.0,0.0,0.0,21.354851553216577,0.0,0.0,0.0,-1100644757877.9324,0.0,0.0,0.0,1079367195313.2559,0.0,0.0,0.0,0.0,0.0,0.0,0.0,452609900001.0119,0.0,0.0,0.0,-431332337414.9798,-6.310887241768095e-19,-45547.95005808084,-6.3108872417680944e-27,-0.0004554795005808083,1.4160334086376737e+24,7.791652191060254e+22,0.0,7.099630349494336e+23,1416033408637.6733,77916521910.60252,0.0,1348929766403.9236,0.0,0.0,0.0,0.0,0.0,0.0,0.0,1079367195313.2559,1416033408637.671,77916521910.60233,0.0,700894908505.6497,0.0,0.0,0.0,0.0,0.0,0.0,0.0,-431332337414.9798
0.9,-1,-1,1,-45477.58136589614,0.0,-0.00045477581365896137,0.0,1.4160333827320886e+24,7.791650275378959e+22,0.0,7.076514435418203e+23,1416033382732.0881,77916502753.78957,0.0,1344537742729.4583,0.0,0.0,0.0,1099826682085.9373,0.0,0.0,0.0,0.0,1416033382732.0854,77916502753.78946,0.0,700894890573.1816,0.0,0.0,0.0,-456183829929.6626,0.0,0.0,0.0,0.0,0.0,0.0,0.0,0.0,157761.52148786455,2413288.0569914435,2.0097346839487987e-65,1104580117897.6235,0.0,0.0,0.0,0.0,6188643.027941647,531.9297817158487,7.883519732847599e-64,1081563858044.0879,0.0,0.0,0.0,0.0,1416085399914.0059,77921022499.12798,62589821.10579346,700895901071.9366,0.0,0.0,0.0,0.0,0.0,0.0,0.0,15361452616359.062,0.0,0.0,0.0,29.18675997108221,0.0,0.0,0.0,-1099826682085.9373,0.0,0.0,0.0,1080158684890.7623,0.0,0.0,0.0,0.0,0.0,0.0,0.0,456183829929.6626,0.0,0.0,0.0,-436515832705.30054,0.0,-45477.58136589453,0.0,-0.00045477581365894527,1.4160333827320886e+24,7.791650275378959e+22,0.0,7.076514435571816e+23,1416033382732.0881,77916502753.78957,0.0,1344537742758.6448,0.0,0.0,0.0,0.0,0.0,0.0,0.0,1080158684890.7623,1416033382732.0854,77916502753.78946,0.0,700894890573.1816,0.0,0.0,0.0,0.0,0.0,0.0,0.0,-436515832705.30054
0.92,-1,-1,1,-45403.44978431363,0.0,-0.00045403449784313615,0.0,1.4160333555881087e+24,7.79164828827853e+22,0.0,7.052162420638144e+23,1416033355588.1084,77916482882.78528,0.0,1339910859921.247,0.0,0.0,0.0,1098981312684.4993,0.0,0.0,0.0,0.0,1416033355588.1064,77916482882.78514,0.0,700894871580.9056,0.0,0.0,0.0,-459965324344.15924,0.0,0.0,0.0,0.0,0.0,0.0,0.0,0.0,158723.40235422595,2415947.4653990115,2.0219880791783265e-65,1103774169361.6492,0.0,0.0,0.0,0.0,6187681.153480816,747.7786256589299,7.882294393271608e-64,1082396170249.1881,0.0,0.0,0.0,0.0,1416085399914.0054,77921022499.1279,62589821.105793454,700895901071.9365,0.0,0.0,0.0,0.0,0.0,0.0,0.0,22484696069242.14,0.0,0.0,0.0,42.72092253156006,0.0,0.0,0.0,-1098981312684.4993,0.0,0.0,0.0,1080973402388.0681,0.0,0.0,0.0,0.0,0.0,0.0,0.0,459965324344.15924,0.0,0.0,0.0,-441957414005.0062,-1.262177448353619e-18,-45403.44978431212,-1.2621774483536189e-26,-0.00045403449784312114,1.4160333555881087e+24,7.79164828827853e+22,0.0,7.052162420862996e+23,1416033355588.1084,77916482882.78528,0.0,1339910859963.969,0.0,0.0,0.0,0.0,0.0,0.0,0.0,1080973402388.0681,1416033355588.1064,77916482882.78514,0.0,700894871580.9056,0.0,0.0,0.0,0.0,0.0,0.0,0.0,-441957414005.0062
0.9400000000000001,-1,-1,1,-45323.74937578351,0.0,-0.000453237493757835,0.0,1.416033326592376e+24,7.79164621835684e+22,0.0,7.025981057451905e+23,1416033326592.3755,77916462183.56837,0.0,1334936400915.8616,0.0,0.0,0.0,1098105962526.5039,0.0,0.0,0.0,0.0,1416033326592.3733,77916462183.56825,0.0,700894851055.9965,0.0,0.0,0.0,-464064412666.63947,0.0,0.0,0.0,0.0,0.0,0.0,0.0,0.0,159742.37176270864,2418579.9387962096,2.0349687247380618e-65,1102941551157.6648,0.0,0.0,0.0,0.0,6186662.190855755,1087.9327852343083,7.880996328659438e-64,1083253951458.1416,0.0,0.0,0.0,0.0,1416085399914.0056,77921022499.12802,62589821.105793476,700895901071.9368,0.0,0.0,0.0,0.0,0.0,0.0,0.0,35564850042329.03,0.0,0.0,0.0,67.57321508042514,0.0,0.0,0.0,-1098105962526.5039,0.0,0.0,0.0,1081812386702.1394,0.0,0.0,0.0,0.0,0.0,0.0,0.0,464064412666.63947,0.0,0.0,0.0,-447770836774.7018,-1.262177448353619e-18,-45323.749375781794,-1.2621774483536189e-26,-0.0004532374937578179,1.416033326592376e+24,7.79164621835684e+22,0.0,7.025981057807557e+23,1416033326592.3755,77916462183.56837,0.0,1334936400983.4358,0.0,0.0,0.0,0.0,0.0,0.0,0.0,1081812386702.1394,1416033326592.3733,77916462183.56825,0.0,700894851055.9965,0.0,0.0,0.0,0.0,0.0,0.0,0.0,-447770836774.7018
0.96,-1,-1,1,-45234.99063528448,0.0,-0.00045234990635284467,0.0,1.41603329456061e+24,7.791644047974533e+22,0.0,6.996824048820586e+23,1416033294560.6096,77916440479.74532,0.0,1329396569275.9111,0.0,0.0,0.0,1097197594366.6598,0.0,0.0,0.0,0.0,1416033294560.6064,77916440479.7452,0.0,700894828081.5503,0.0,0.0,0.0,-468695853172.3005,0.0,0.0,0.0,0.0,0.0,0.0,0.0,0.0,160857.86309708346,2421115.691873023,2.049178962498822e-65,1102081465062.4768,0.0,0.0,0.0,0.0,6185546.706944759,1625.933344038805,7.879575304821852e-64,1084137826590.916,0.0,0.0,0.0,0.0,1416085399914.0054,77921022499.12779,62589821.10579347,700895901071.9359,0.0,0.0,0.0,0.0,0.0,0.0,0.0,60153343209898.8,0.0,0.0,0.0,114.29135209880769,0.0,0.0,0.0,-1097197594366.6598,0.0,0.0,0.0,1082675558856.3134,0.0,0.0,0.0,0.0,0.0,0.0,0.0,468695853172.3005,0.0,0.0,0.0,-454173817547.66266,-6.310887241768095e-19,-45234.9906352829,-6.3108872417680944e-27,-0.0004523499063528289,1.41603329456061e+24,7.791644047974533e+22,0.0,6.996824049422119e+23,1416033294560.6096,77916440479.74532,0.0,1329396569390.2024,0.0,0.0,0.0,0.0,0.0,0.0,0.0,1082675558856.3134,1416033294560.6064,77916440479.7452,0.0,700894828081.5503,0.0,0.0,0.0,0.0,0.0,0.0,0.0,-454173817547.66266
0.98,-1,-1,1,-45130.373912831434,0.0,-0.0004513037391283143,0.0,1.4160332571864155e+24,7.791641747411092e+22,0.0,6.96245771992676e+23,1416033257186.415,77916417474.1109,0.0,1322866966786.084,0.0,0.0,0.0,1096252881728.179,0.0,0.0,0.0,0.0,1416033257186.4124,77916417474.1108,0.0,700894800851.561,0.0,0.0,0.0,-474280715793.65765,0.0,0.0,0.0,0.0,0.0,0.0,0.0,0.0,162146.02313672344,2423438.041158135,2.0655888261187686e-65,1101194974561.9578,0.0,0.0,0.0,0.0,6184258.555474128,2475.724615269606,7.877934318388826e-64,1085046501257.8884,0.0,0.0,0.0,0.0,1416085399914.006,77921022499.12787,62589821.105793454,700895901071.9368,0.0,0.0,0.0,0.0,0.0,0.0,0.0,105383669606557.03,0.0,0.0,0.0,200.22897225245833,0.0,0.0,0.0,-1096252881728.179,0.0,0.0,0.0,1083560260915.2997,0.0,0.0,0.0,0.0,0.0,0.0,0.0,474280715793.65765,0.0,0.0,0.0,-461588094780.5481,-1.262177448353619e-18,-45130.3739128298,-1.2621774483536189e-26,-0.0004513037391282979,1.4160332571864155e+24,7.791641747411092e+22,0.0,6.962457720980606e+23,1416033257186.415,77916417474.1109,0.0,1322866966986.315,0.0,0.0,0.0,0.0,0.0,0.0,0.0,1083560260915.2997,1416033257186.4124,77916417474.1108,0.0,700894800851.561,0.0,0.0,0.0,0.0,0.0,0.0,0.0,-461588094780.5481
1.0,-1,-1,1,-44996.832643387526,0.0,-0.0004499683264338752,0.0,1.4160332100380077e+24,7.791639262901492e+22,0.0,6.918589723620166e+23,1416033210038.0073,77916392629.01491,0.0,1314532047487.8313,0.0,0.0,0.0,1095268390197.0227,0.0,0.0,0.0,0.0,1416033210038.0046,77916392629.01476,0.0,700894765827.7646,0.0,0.0,0.0,-481631108536.957,0.0,0.0,0.0,0.0,0.0,0.0,0.0,0.0,163750.77028500536,2425360.436344965,2.0860316914705194e-65,1100287112027.7004,0.0,0.0,0.0,0.0,6182653.8189956695,3806.8923947532285,7.875890031765158e-64,1085974635436.2423,0.0,0.0,0.0,0.0,1416085399914.005,77921022499.12766,62589821.10579346,700895901071.9355,0.0,0.0,0.0,0.0,0.0,0.0,0.0,181994879394769.72,0.0,0.0,0.0,345.79027085006237,0.0,0.0,0.0,-1095268390197.0227,0.0,0.0,0.0,1084458541742.1,0.0,0.0,0.0,0.0,0.0,0.0,0.0,481631108536.957,0.0,0.0,0.0,-470821259736.2437,-1.262177448353619e-18,-44996.83264338583,-1.2621774483536189e-26,-0.0004499683264338582,1.4160332100380077e+24,7.791639262901492e+22,0.0,6.918589725440118e+23,1416033210038.0073,77916392629.01491,0.0,1314532047833.622,0.0,0.0,0.0,0.0,0.0,0.0,0.0,1084458541742.1,1416033210038.0046,77916392629.01476,0.0,700894765827.7646,0.0,0.0,0.0,0.0,0.0,0.0,0.0,-470821259736.2437
1.02,-1,-1,1,-44810.298191115355,0.0,-0.00044810298191115343,0.0,1.4160331449417232e+24,7.791636492222118e+22,0.0,6.857313549204652e+23,1416033144941.723,77916364922.22116,0.0,1302889574348.8835,0.0,0.0,0.0,1094240807370.976,0.0,0.0,0.0,0.0,1416033144941.7207,77916364922.22105,0.0,700894716275.6135,0.0,0.0,0.0,-492245949297.70557,0.0,0.0,0.0,0.0,0.0,0.0,0.0,0.0,165929.90313248654,2426605.636157164,2.113791652984434e-65,1099370192250.293,0.0,0.0,0.0,0.0,6180474.7006278755,5853.188913119859,7.873114035493585e-64,1086909525380.9208,0.0,0.0,0.0,0.0,1416085399914.0051,77921022499.12787,62589821.10579347,700895901071.9366,0.0,0.0,0.0,0.0,0.0,0.0,0.0,290581870286872.56,0.0,0.0,0.0,552.1055535450578,0.0,0.0,0.0,-1094240807370.976,0.0,0.0,0.0,1085352897085.5885,0.0,0.0,0.0,0.0,0.0,0.0,0.0,492245949297.70557,0.0,0.0,0.0,-483358038460.21204,-1.262177448353619e-18,-44810.29819111388,-1.2621774483536189e-26,-0.00044810298191113874,1.4160331449417232e+24,7.791636492222118e+22,0.0,6.857313552110478e+23,1416033144941.723,77916364922.22116,0.0,1302889574900.9905,0.0,0.0,0.0,0.0,0.0,0.0,0.0,1085352897085.5885,1416033144941.7207,77916364922.22105,0.0,700894716275.6135,0.0,0.0,0.0,0.0,0.0,0.0,0.0,-483358038460.21204
1.04,-1,-1,1,-44529.86602480843,0.0,-0.0004452986602480842,0.0,1.4160330479365065e+24,7.791633235453047e+22,0.0,6.765192121576797e+23,1416033047936.506,77916332354.53044,0.0,1285386503099.5913,0.0,0.0,0.0,1093166586744.7191,0.0,0.0,0.0,0.0,1416033047936.5042,77916332354.53032,0.0,700894640079.2168,0.0,0.0,0.0,-508674723724.34467,0.0,0.0,0.0,0.0,0.0,0.0,0.0,0.0,169100.96724273925,2426810.9121631733,2.1541878196609933e-65,1098467248680.6371,0.0,0.0,0.0,0.0,6177303.657569552,8894.346243145901,7.869074418651056e-64,1087827716096.993,0.0,0.0,0.0,0.0,1416085399914.0059,77921022499.12802,62589821.105793454,700895901071.937,0.0,0.0,0.0,0.0,0.0,0.0,0.0,399707215776373.0,0.0,0.0,0.0,759.4437099751085,0.0,0.0,0.0,-1093166586744.7191,0.0,0.0,0.0,1086211719430.9828,0.0,0.0,0.0,0.0,0.0,0.0,0.0,508674723724.34467,0.0,0.0,0.0,-501719855651.1644,-1.262177448353619e-18,-44529.866024806775,-1.2621774483536189e-26,-0.0004452986602480677,1.4160330479365065e+24,7.791633235453047e+22,0.0,6.765192125573877e+23,1416033047936.506,77916332354.53044,0.0,1285386503859.0364,0.0,0.0,0.0,0.0,0.0,0.0,0.0,1086211719430.9828,1416033047936.5042,77916332354.53032,0.0,700894640079.2168,0.0,0.0,0.0,0.0,0.0,0.0,0.0,-501719855651.1644
1.06,-1,-1,1,-44094.085545437934,0.0,-0.0004409408554543793,0.0,1.416032897714893e+24,7.791629097724457e+22,0.0,6.622039020984131e+23,1416032897714.8928,77916290977.24455,0.0,1258187413986.9846,0.0,0.0,0.0,1092039181864.0693,0.0,0.0,0.0,0.0,1416032897714.891,77916290977.24442,0.0,700894517103.5344,0.0,0.0,0.0,-534746284980.62085,0.0,0.0,0.0,0.0,0.0,0.0,0.0,0.0,173839.42737292187,2425594.23417021,2.2145510298138703e-65,1097611652903.0272,0.0,0.0,0.0,0.0,6172565.228855199,13190.74321950258,7.863038097374486e-64,1088695525771.6997,0.0,0.0,0.0,0.0,1416085399914.0054,77921022499.12793,62589821.105793454,700895901071.9362,0.0,0.0,0.0,0.0,0.0,0.0,0.0,451699805130299.9,0.0,0.0,0.0,858.2296297475696,0.0,0.0,0.0,-1092039181864.0693,0.0,0.0,0.0,1086989074383.2482,0.0,0.0,0.0,0.0,0.0,0.0,0.0,534746284980.62085,0.0,0.0,0.0,-529696176641.5702,-1.262177448353619e-18,-44094.08554543623,-1.2621774483536189e-26,-0.00044094085545436226,1.416032897714893e+24,7.791629097724457e+22,0.0,6.622039025501115e+23,1416032897714.8928,77916290977.24455,0.0,1258187414845.2117,0.0,0.0,0.0,0.0,0.0,0.0,0.0,1086989074383.2482,1416032897714.891,77916290977.24442,0.0,700894517103.5344,0.0,0.0,0.0,0.0,0.0,0.0,0.0,-529696176641.5702
1.08,-1,-1,1,-43423.11039548683,0.0,-0.00043423110395486824,0.0,1.4160326653268482e+24,7.791623301904079e+22,0.0,6.401624871808785e+23,1416032665326.848,77916233019.04077,0.0,1216308725643.669,0.0,0.0,0.0,1090841745441.6705,0.0,0.0,0.0,0.0,1416032665326.8462,77916233019.04063,0.0,700894316249.1866,0.0,0.0,0.0,-575427336047.1897,0.0,0.0,0.0,0.0,0.0,0.0,0.0,0.0,180785.0472735731,2422674.245312419,2.30303122234679e-65,1096838338312.3739,0.0,0.0,0.0,0.0,6165619.654913558,18895.312301444137,7.854190077738171e-64,1089478016474.0746,0.0,0.0,0.0,0.0,1416085399914.0042,77921022499.12769,62589821.10579345,700895901071.9354,0.0,0.0,0.0,0.0,0.0,0.0,0.0,427638498222161.4,0.0,0.0,0.0,812.5131466221064,0.0,0.0,0.0,-1090841745441.6705,0.0,0.0,0.0,1087634075018.8301,0.0,0.0,0.0,0.0,0.0,0.0,0.0,575427336047.1897,0.0,0.0,0.0,-572219664811.8352,-6.310887241768095e-19,-43423.11039548517,-6.3108872417680944e-27,-0.00043423110395485165,1.4160326653268482e+24,7.791623301904079e+22,0.0,6.401624876085175e+23,1416032665326.848,77916233019.04077,0.0,1216308726456.183,0.0,0.0,0.0,0.0,0.0,0.0,0.0,1087634075018.8301,1416032665326.8462,77916233019.04063,0.0,700894316249.1866,0.0,0.0,0.0,0.0,0.0,0.0,0.0,-572219664811.8352
1.1,-1,-1,1,-42423.13391858455,0.0,-0.00042423133918584544,0.0,1.416032312982636e+24,7.791614332770807e+22,0.0,6.073134418229738e+23,1416032312982.6357,77916143327.70805,0.0,1153895539463.65,0.0,0.0,0.0,1089536518044.421,0.0,0.0,0.0,0.0,1416032312982.6328,77916143327.70793,0.0,700893990278.6273,0.0,0.0,0.0,-636534968859.3997,0.0,0.0,0.0,0.0,0.0,0.0,0.0,0.0,190517.85082225932,2417943.9411704596,2.42701730527714e-65,1096170191889.4905,0.0,0.0,0.0,0.0,6155886.915586205,26030.09391438009,7.841791468908428e-64,1090152671296.5913,0.0,0.0,0.0,0.0,1416085399914.0044,77921022499.12794,62589821.10579344,700895901071.9363,0.0,0.0,0.0,0.0,0.0,0.0,0.0,368441250859514.75,0.0,0.0,0.0,700.0383766330779,0.0,0.0,0.0,-1089536518044.421,0.0,0.0,0.0,1088105407286.0739,0.0,0.0,0.0,0.0,0.0,0.0,0.0,636534968859.3997,0.0,0.0,0.0,-635103857401.0149,-6.310887241768095e-19,-42423.13391858277,-6.3108872417680944e-27,-0.0004242313391858276,1.416032312982636e+24,7.791614332770807e+22,0.0,6.073134421914152e+23,1416032312982.6357,77916143327.70805,0.0,1153895540163.6887,0.0,0.0,0.0,0.0,0.0,0.0,0.0,1088105407286.0739,1416032312982.6328,77916143327.70793,0.0,700893990278.6273,0.0,0.0,0.0,0.0,0.0,0.0,0.0,-635103857401.0149
1.12,-1,-1,1,-40981.85415112433,0.0,-0.00040981854151124323,0.0,1.4160317866379505e+24,7.791599252556249e+22,0.0,5.5996768470432544e+23,1416031786637.9502,77915992525.56247,0.0,1063938600938.2181,0.0,0.0,0.0,1088055493669.4585,0.0,0.0,0.0,0.0,1416031786637.9475,77915992525.56232,0.0,700893463398.6593,0.0,0.0,0.0,-725010356129.8997,0.0,0.0,0.0,0.0,0.0,0.0,0.0,0.0,203545.78242394948,2411410.4387158616,2.5929799614743416e-65,1095611573261.1554,0.0,0.0,0.0,0.0,6142859.069618935,34570.92302994676,7.825195202570278e-64,1090715724110.9824,0.0,0.0,0.0,0.0,1416085399914.0054,77921022499.12794,62589821.105793454,700895901071.9365,0.0,0.0,0.0,0.0,0.0,0.0,0.0,312591095012367.6,0.0,0.0,0.0,593.9230805234984,0.0,0.0,0.0,-1088055493669.4585,0.0,0.0,0.0,1088376727313.8754,0.0,0.0,0.0,0.0,0.0,0.0,0.0,725010356129.8997,0.0,0.0,0.0,-725331589180.3931,-1.262177448353619e-18,-40981.85415112289,-1.2621774483536189e-26,-0.00040981854151122887,1.4160317866379505e+24,7.791599252556249e+22,0.0,5.5996768501691665e+23,1416031786637.9502,77915992525.56247,0.0,1063938601532.1414,0.0,0.0,0.0,0.0,0.0,0.0,0.0,1088376727313.8754,1416031786637.9475,77915992525.56232,0.0,700893463398.6593,0.0,0.0,0.0,0.0,0.0,0.0,0.0,-725331589180.3931
1.1400000000000001,-1,-1,1,-38949.55566082909,0.0,-0.0003894955566082909,0.0,1.4160309976901377e+24,7.791572346800787e+22,0.0,4.9320713297577996e+23,1416030997690.1375,77915723468.00786,0.0,937093552653.9818,0.0,0.0,0.0,1086292939026.2125,0.0,0.0,0.0,0.0,1416030997690.1353,77915723468.00775,0.0,700892604581.7114,0.0,0.0,0.0,-850091990953.9437,0.0,0.0,0.0,0.0,0.0,0.0,0.0,0.0,220428.73821711686,2403058.7545708925,2.8080516806715043e-65,1095153065764.1812,0.0,0.0,0.0,0.0,6125976.224238468,44566.6754598124,7.803688029719564e-64,1091177187317.3588,0.0,0.0,0.0,0.0,1416085399914.0051,77921022499.128,62589821.10579343,700895901071.9364,0.0,0.0,0.0,0.0,0.0,0.0,0.0,272029365966537.75,0.0,0.0,0.0,516.8557953364216,0.0,0.0,0.0,-1086292939026.2125,0.0,0.0,0.0,1088427899926.6326,0.0,0.0,0.0,0.0,0.0,0.0,0.0,850091990953.9437,0.0,0.0,0.0,-852226951337.5071,-1.262177448353619e-18,-38949.55566082754,-1.2621774483536189e-26,-0.00038949555660827527,1.4160309976901377e+24,7.791572346800787e+22,0.0,4.932071332478095e+23,1416030997690.1375,77915723468.00786,0.0,937093553170.8379,0.0,0.0,0.0,0.0,0.0,0.0,0.0,1088427899926.6326,1416030997690.1353,77915723468.00775,0.0,700892604581.7114,0.0,0.0,0.0,0.0,0.0,0.0,0.0,-852226951337.5071
1.16,-1,-1,1,-36109.00740621525,0.0,-0.00036109007406215246,0.0,1.4160297883347895e+24,7.79152237970363e+22,0.0,3.998958780858631e+23,1416029788334.789,77915223797.03629,0.0,759802168363.1398,0.0,0.0,0.0,1084094389270.1588,0.0,0.0,0.0,0.0,1416029788334.7866,77915223797.03616,0.0,700891175061.5725,0.0,0.0,0.0,-1025183395968.5928,0.0,0.0,0.0,0.0,0.0,0.0,0.0,0.0,241936.06598152118,2392744.271843673,3.0820331456245693e-65,1094779944186.2946,0.0,0.0,0.0,0.0,6104469.036211861,56215.82962795037,7.776289882038248e-64,1091552260107.1584,0.0,0.0,0.0,0.0,1416085399914.0051,77921022499.12785,62589821.10579346,700895901071.9358,0.0,0.0,0.0,0.0,0.0,0.0,0.0,246343404370188.56,0.0,0.0,0.0,468.0524683033582,0.0,0.0,0.0,-1084094389270.1588,0.0,0.0,0.0,1088230379753.3192,0.0,0.0,0.0,0.0,0.0,0.0,0.0,1025183395968.5928,0.0,0.0,0.0,-1029319385983.698,-6.310887241768095e-19,-36109.00740621387,-6.3108872417680944e-27,-0.00036109007406213864,1.4160297883347895e+24,7.79152237970363e+22,0.0,3.9989587833220655e+23,1416029788334.789,77915223797.03629,0.0,759802168831.1924,0.0,0.0,0.0,0.0,0.0,0.0,0.0,1088230379753.3192,1416029788334.7866,77915223797.03616,0.0,700891175061.5725,0.0,0.0,0.0,0.0,0.0,0.0,0.0,-1029319385983.698
1.18,-1,-1,1,-32135.249108200325,0.0,-0.0003213524910820032,0.0,1.4160278662029175e+24,7.79142693273106e+22,0.0,2.6935923023949624e+23,1416027866202.9172,77914269327.31058,0.0,511782537455.0428,0.0,0.0,0.0,1081236445054.3336,0.0,0.0,0.0,0.0,1416027866202.9158,77914269327.31047,0.0,700888724658.964,0.0,0.0,0.0,-1270342632258.2554,0.0,0.0,0.0,0.0,0.0,0.0,0.0,0.0,269168.3112254171,2380140.2228222857,3.428944143342137e-65,1094477926463.7274,0.0,0.0,0.0,0.0,6077236.96642638,69897.84770966417,7.741598780764773e-64,1091855559321.4131,0.0,0.0,0.0,0.0,1416085399914.0054,77921022499.12793,62589821.105793454,700895901071.9368,0.0,0.0,0.0,0.0,0.0,0.0,0.0,232289921208039.75,0.0,0.0,0.0,441.35085029527545,0.0,0.0,0.0,-1081236445054.3336,0.0,0.0,0.0,1087733372228.7471,0.0,0.0,0.0,0.0,0.0,0.0,0.0,1270342632258.2554,0.0,0.0,0.0,-1276839558991.3184,-6.310887241768095e-19,-32135.249108199067,-6.3108872417680944e-27,-0.0003213524910819906,1.4160278662029175e+24,7.79142693273106e+22,0.0,2.6935923047178612e+23,1416027866202.9172,77914269327.31058,0.0,511782537896.3935,0.0,0.0,0.0,0.0,0.0,0.0,0.0,1087733372228.7471,1416027866202.9158,77914269327.31047,0.0,700888724658.964,0.0,0.0,0.0,0.0,0.0,0.0,0.0,-1276839558991.3184
1.2,-1,-1,1,-26540.19379556159,0.0,-0.00026540193795561586,0.0,1.4160246744866051e+24,7.791240562438722e+22,0.0,8.556403988411899e+22,1416024674486.6047,77912405624.3872,0.0,162571675779.82605,0.0,0.0,0.0,1077393407665.8594,0.0,0.0,0.0,0.0,1416024674486.6023,77912405624.38712,0.0,700884381419.9185,0.0,0.0,0.0,-1615706113305.9514,0.0,0.0,0.0,0.0,0.0,0.0,0.0,0.0,303644.9160309864,2364715.287469686,3.868140734206996e-65,1094235504192.6997,0.0,0.0,0.0,0.0,6042760.5813900605,86187.06193634988,7.697679119777087e-64,1092098817650.2073,0.0,0.0,0.0,0.0,1416085399914.0056,77921022499.12784,62589821.10579347,700895901071.9362,0.0,0.0,0.0,0.0,0.0,0.0,0.0,226923359831501.03,0.0,0.0,0.0,431.1543836798519,0.0,0.0,0.0,-1077393407665.8594,0.0,0.0,0.0,1086850397258.4991,0.0,0.0,0.0,0.0,0.0,0.0,0.0,1615706113305.9514,0.0,0.0,0.0,-1625163102467.436,-6.310887241768095e-19,-26540.19379556072,-6.3108872417680944e-27,-0.0002654019379556072,1.4160246744866051e+24,7.791240562438722e+22,0.0,8.55640401110423e+22,1416024674486.6047,77912405624.3872,0.0,162571676210.98032,0.0,0.0,0.0,0.0,0.0,0.0,0.0,1086850397258.4991,1416024674486.6023,77912405624.38712,0.0,700884381419.9185,0.0,0.0,0.0,0.0,0.0,0.0,0.0,-1625163102467.436
1.22,-1,-1,1,-18593.373505095176,0.0,-0.00018593373505095174,0.0,1.4160191253934272e+24,7.790869773924685e+22,0.0,-1.754845380586314e+23,1416019125393.427,77908697739.24683,0.0,-333420622311.39966,0.0,0.0,0.0,1072086645074.0048,0.0,0.0,0.0,0.0,1416019125393.425,77908697739.24667,0.0,700876416289.8834,0.0,0.0,0.0,-2106383683675.29,0.0,0.0,0.0,0.0,0.0,0.0,0.0,0.0,347377.56888748374,2345718.9290286885,4.425249601244034e-65,1094044342930.5466,0.0,0.0,0.0,0.0,5999028.203503048,105866.0715117923,7.64196823066175e-64,1092290517379.1969,0.0,0.0,0.0,0.0,1416085399914.0054,77921022499.1278,62589821.10579347,700895901071.9363,0.0,0.0,0.0,0.0,0.0,0.0,0.0,228067732708234.6,0.0,0.0,0.0,433.3286921456456,0.0,0.0,0.0,-1072086645074.0048,0.0,0.0,0.0,1085442984924.0757,0.0,0.0,0.0,0.0,0.0,0.0,0.0,2106383683675.29,0.0,0.0,0.0,-2119740023092.03,-1.262177448353619e-18,-18593.37350509445,-1.2621774483536189e-26,-0.00018593373505094445,1.4160191253934272e+24,7.790869773924685e+22,0.0,-1.754845378305636e+23,1416019125393.427,77908697739.24683,0.0,-333420621878.0708,0.0,0.0,0.0,0.0,0.0,0.0,0.0,1085442984924.0757,1416019125393.425,77908697739.24667,0.0,700876416289.8834,0.0,0.0,0.0,0.0,0.0,0.0,0.0,-2119740023092.03
1.24,-1,-1,1,-7208.207172937528,0.0,-7.208207172937527e-05,0.0,1.416009044565894e+24,7.790119827605124e+22,0.0,-5.4947857736229456e+23,1416009044565.8936,77901198276.05122,0.0,-1044009296988.3595,0.0,0.0,0.0,1064611041719.2948,0.0,0.0,0.0,0.0,1416009044565.891,77901198276.05109,0.0,700861332624.018,0.0,0.0,0.0,-2809481671331.676,0.0,0.0,0.0,0.0,0.0,0.0,0.0,0.0,402936.36250583385,2322166.8704595948,5.133010736312285e-65,1093898951724.9457,0.0,0.0,0.0,0.0,5943469.753079121,129941.91401745066,7.571192114091171e-64,1092436246857.512,0.0,0.0,0.0,0.0,1416085399914.0051,77921022499.12799,62589821.10579347,700895901071.9369,0.0,0.0,0.0,0.0,0.0,0.0,0.0,233991448412600.38,0.0,0.0,0.0,444.5837519839406,0.0,0.0,0.0,-1064611041719.2948,0.0,0.0,0.0,1083298159650.291,0.0,0.0,0.0,0.0,0.0,0.0,0.0,2809481671331.676,0.0,0.0,0.0,-2828168788818.083,-6.310887241768095e-19,-7208.207172937186,-6.3108872417680944e-27,-7.208207172937185e-05,1.416009044565894e+24,7.790119827605124e+22,0.0,-5.494785771283032e+23,1416009044565.8936,77901198276.05122,0.0,-1044009296543.7759,0.0,0.0,0.0,0.0,0.0,0.0,0.0,1083298159650.291,1416009044565.891,77901198276.05109,0.0,700861332624.018,0.0,0.0,0.0,0.0,0.0,0.0,0.0,-2828168788818.083
1.26,-1,-1,1,9219.107373520288,0.0,9.219107373520288e-05,0.0,1.4159900047231533e+24,7.788581523852027e+22,0.0,-1.0890985769980854e+24,1415990004723.153,77885815238.52025,0.0,-2069287296296.3618,0.0,0.0,0.0,1053930799646.4758,0.0,0.0,0.0,0.0,1415990004723.1514,77885815238.52014,0.0,700831954113.9904,0.0,0.0,0.0,-3824050050056.827,0.0,0.0,0.0,0.0,0.0,0.0,0.0,0.0,473500.15691373206,2292829.085414281,6.031918873558688e-65,1093796189709.664,0.0,0.0,0.0,0.0,5872906.384660966,159660.63943085988,7.481301296475332e-64,1092539210824.1439,0.0,0.0,0.0,0.0,1416085399914.006,77921022499.128,62589821.105793454,700895901071.9371,0.0,0.0,0.0,0.0,0.0,0.0,0.0,243012316289701.0,0.0,0.0,0.0,461.7234009504318,0.0,0.0,0.0,-1053930799646.4758,0.0,0.0,0.0,1080096555081.695,0.0,0.0,0.0,0.0,0.0,0.0,0.0,3824050050056.827,0.0,0.0,0.0,-3850215805030.323,-1.262177448353619e-18,9219.107373519915,-1.2621774483536189e-26,9.219107373519914e-05,1.4159900047231533e+24,7.788581523852027e+22,0.0,-1.0890985767550736e+24,1415990004723.153,77885815238.52025,0.0,-2069287295834.6396,0.0,0.0,0.0,0.0,0.0,0.0,0.0,1080096555081.695,1415990004723.1514,77885815238.52014,0.0,700831954113.9904,0.0,0.0,0.0,0.0,0.0,0.0,0.0,-3850215805030.323
1.28,-1,-1,1,33034.41012476252,0.0,0.00033034410124762513,0.0,1.4159528721649833e+24,7.785390777434468e+22,0.0,-1.8713961447331895e+24,1415952872164.983,77853907774.34467,0.0,-3555652674993.0596,0.0,0.0,0.0,1038534284974.1499,0.0,0.0,0.0,0.0,1415952872164.981,77853907774.34454,0.0,700773413714.6841,0.0,0.0,0.0,-5294960373681.899,0.0,0.0,0.0,0.0,0.0,0.0,0.0,0.0,562865.1691056016,2256230.8672537263,7.170332780026194e-65,1093734798864.4409,0.0,0.0,0.0,0.0,5783541.89607413,196509.13029172804,7.36745990090059e-64,1092600707600.4148,0.0,0.0,0.0,0.0,1416085399914.0044,77921022499.12788,62589821.105793454,700895901071.9362,0.0,0.0,0.0,0.0,0.0,0.0,0.0,253216913875780.66,0.0,0.0,0.0,481.11213636398315,0.0,0.0,0.0,-1038534284974.1499,0.0,0.0,0.0,1075367695784.85,0.0,0.0,0.0,0.0,0.0,0.0,0.0,5294960373681.899,0.0,0.0,0.0,-5331793784011.484,-6.310887241768095e-19,33034.41012476127,-6.3108872417680944e-27,0.00033034410124761266,1.4159528721649833e+24,7.785390777434468e+22,0.0,-1.8713961444799746e+24,1415952872164.983,77853907774.34467,0.0,-3555652674511.951,0.0,0.0,0.0,0.0,0.0,0.0,0.0,1075367695784.85,1415952872164.981,77853907774.34454,0.0,700773413714.6841,0.0,0.0,0.0,0.0,0.0,0.0,0.0,-5331793784011.484
1.3,-1,-1,1,67634.40844480558,0.0,0.0006763440844480557,0.0,1.4158786570641088e+24,7.77872074628571e+22,0.0,-3.007933680335642e+24,1415878657064.1084,77787207462.85709,0.0,-5715073992637.72,0.0,0.0,0.0,1016234874544.971,0.0,0.0,0.0,0.0,1415878657064.106,77787207462.85698,0.0,700654787430.1947,0.0,0.0,0.0,-7431963654612.886,0.0,0.0,0.0,0.0,0.0,0.0,0.0,0.0,675350.6817935568,2210692.5237924065,8.603274072976995e-65,1093714941236.7976,0.0,0.0,0.0,0.0,5671057.017219692,242178.73989155312,7.224165765402565e-64,1092620597020.4132,0.0,0.0,0.0,0.0,1416085399914.0051,77921022499.12799,62589821.105793454,700895901071.9368,0.0,0.0,0.0,0.0,0.0,0.0,0.0,262221498810931.28,0.0,0.0,0.0,498.2208477407694,0.0,0.0,0.0,-1016234874544.971,0.0,0.0,0.0,1068428401701.575,0.0,0.0,0.0,0.0,0.0,0.0,0.0,7431963654612.886,0.0,0.0,0.0,-7484157181271.262,-1.262177448353619e-18,67634.40844480292,-1.2621774483536189e-26,0.000676344084448029,1.4158786570641088e+24,7.77872074628571e+22,0.0,-3.007933680073422e+24,1415878657064.1084,77787207462.85709,0.0,-5715073992139.501,0.0,0.0,0.0,0.0,0.0,0.0,0.0,1068428401701.575,1415878657064.106,77787207462.85698,0.0,700654787430.1947,0.0,0.0,0.0,0.0,0.0,0.0,0.0,-7484157181271.262
1.32,-1,-1,1,117881.6666546667,0.0,0.0011788166665466667,0.0,1.415727771716149e+24,7.76471796731259e+22,0.0,-4.658405551624137e+24,1415727771716.1487,77647179673.12589,0.0,-8850970548085.86,0.0,0.0,0.0,983903467187.3021,0.0,0.0,0.0,0.0,1415727771716.1462,77647179673.1258,0.0,700411826637.8948,0.0,0.0,0.0,-10535285841911.057,0.0,0.0,0.0,0.0,0.0,0.0,0.0,0.0,815469.135250197,2154462.1450739056,1.0388224738202309e-64,1093737559555.4548,0.0,0.0,0.0,0.0,5530939.313959327,298436.719105755,7.045670691153318e-64,1092597941955.1178,0.0,0.0,0.0,0.0,1416085399914.0051,77921022499.12798,62589821.10579345,700895901071.937,0.0,0.0,0.0,0.0,0.0,0.0,0.0,267067787474707.6,0.0,0.0,0.0,507.42879620194435,0.0,0.0,0.0,-983903467187.3021,0.0,0.0,0.0,1058300076012.8741,0.0,0.0,0.0,0.0,0.0,0.0,0.0,10535285841911.057,0.0,0.0,0.0,-10609682450229.19,-6.310887241768095e-19,117881.66665466191,-6.3108872417680944e-27,0.001178816666546619,1.415727771716149e+24,7.76471796731259e+22,0.0,-4.6584055513570736e+24,1415727771716.1487,77647179673.12589,0.0,-8850970547578.438,0.0,0.0,0.0,0.0,0.0,0.0,0.0,1058300076012.8741,1415727771716.1462,77647179673.1258,0.0,700411826637.8948,0.0,0.0,0.0,0.0,0.0,0.0,0.0,-10609682450229.19
1.34,-1,-1,1,190643.4834279595,0.0,0.0019064348342795949,0.0,1.4154178579611464e+24,7.735300241982838e+22,0.0,-7.048316984420609e+24,1415417857961.146,77353002419.82835,0.0,-13391802270399.154,0.0,0.0,0.0,937121198157.449,0.0,0.0,0.0,0.0,1415417857961.1443,77353002419.82826,0.0,699911879900.694,0.0,0.0,0.0,-15028835348457.3,0.0,0.0,0.0,0.0,0.0,0.0,0.0,0.0,987130.40244465,2086033.2697276499,1.2574990758369877e-64,1093803301763.217,0.0,0.0,0.0,0.0,5359278.906350291,366813.59335943643,6.826994079670465e-64,1092532084822.8121,0.0,0.0,0.0,0.0,1416085399914.005,77921022499.12799,62589821.105793454,700895901071.9362,0.0,0.0,0.0,0.0,0.0,0.0,0.0,264345781261983.7,0.0,0.0,0.0,502.256984397769,0.0,0.0,0.0,-937121198157.449,0.0,0.0,0.0,1043601637401.5842,0.0,0.0,0.0,0.0,0.0,0.0,0.0,15028835348457.3,0.0,0.0,0.0,-15135315787199.164,-6.310887241768095e-19,190643.48342795312,-6.3108872417680944e-27,0.0019064348342795311,1.4154178579611464e+24,7.735300241982838e+22,0.0,-7.048316984156269e+24,1415417857961.146,77353002419.82835,0.0,-13391802269896.908,0.0,0.0,0.0,0.0,0.0,0.0,0.0,1043601637401.5842,1415417857961.1443,77353002419.82826,0.0,699911879900.694,0.0,0.0,0.0,0.0,0.0,0.0,0.0,-15135315787199.164
1.36,-1,-1,1,295460.47444049484,0.0,0.002954604744404948,0.0,1.4147786912925015e+24,7.673669517666873e+22,0.0,-1.0490899685443231e+25,1414778691292.5012,76736695176.66872,0.0,-19932709402342.137,0.0,0.0,0.0,869748912967.9872,0.0,0.0,0.0,0.0,1414778691292.4998,76736695176.66858,0.0,698884157804.8143,0.0,0.0,0.0,-21501342473114.97,0.0,0.0,0.0,0.0,0.0,0.0,0.0,0.0,1192122.655866897,2004746.6142703209,1.518635008686505e-64,1093910900430.5879,0.0,0.0,0.0,0.0,5154287.593591727,448005.59371515707,6.565858135516857e-64,1092424270952.2985,0.0,0.0,0.0,0.0,1416085399914.0051,77921022499.12808,62589821.10579345,700895901071.9369,0.0,0.0,0.0,0.0,0.0,0.0,0.0,250926588820783.78,0.0,0.0,0.0,476.76051875948906,0.0,0.0,0.0,-869748912967.9872,0.0,0.0,0.0,1022417166470.07,0.0,0.0,0.0,0.0,0.0,0.0,0.0,21501342473114.97,0.0,0.0,0.0,-21654010726140.254,-1.262177448353619e-18,295460.47444048367,-1.2621774483536189e-26,0.0029546047444048364,1.4147786912925015e+24,7.673669517666873e+22,0.0,-1.0490899685192304e+25,1414778691292.5012,76736695176.66872,0.0,-19932709401865.375,0.0,0.0,0.0,0.0,0.0,0.0,0.0,1022417166470.07,1414778691292.4998,76736695176.66858,0.0,698884157804.8143,0.0,0.0,0.0,0.0,0.0,0.0,0.0,-21654010726140.254
1.3800000000000001,-1,-1,1,445347.6500514723,0.0,0.004453476500514722,0.0,1.4134620607005752e+24,7.545333058284369e+22,0.0,-1.541333259615074e+25,1413462060700.575,75453330582.84367,0.0,-29285331932686.4,0.0,0.0,0.0,773412758466.9207,0.0,0.0,0.0,0.0,1413462060700.5735,75453330582.84358,0.0,696784590369.993,0.0,0.0,0.0,-30755529281523.316,0.0,0.0,0.0,0.0,0.0,0.0,0.0,0.0,1427889.6910397396,1911661.1552125933,1.8189737761759306e-64,1094055392498.3025,0.0,0.0,0.0,0.0,4918521.524791366,541002.5723979105,6.26551935502631e-64,1092279436781.8535,0.0,0.0,0.0,0.0,1416085399914.0051,77921022499.12782,62589821.10579345,700895901071.9364,0.0,0.0,0.0,0.0,0.0,0.0,0.0,225454904609604.94,0.0,0.0,0.0,428.3643187582493,0.0,0.0,0.0,-773412758466.9207,0.0,0.0,0.0,992137565794.9269,0.0,0.0,0.0,0.0,0.0,0.0,0.0,30755529281523.316,0.0,0.0,0.0,-30974254088422.914,-6.310887241768095e-19,445347.6500514552,-6.3108872417680944e-27,0.004453476500514551,1.4134620607005752e+24,7.545333058284369e+22,0.0,-1.541333259592527e+25,1413462060700.575,75453330582.84367,0.0,-29285331932258.01,0.0,0.0,0.0,0.0,0.0,0.0,0.0,992137565794.9269,1413462060700.5735,75453330582.84358,0.0,696784590369.993,0.0,0.0,0.0,0.0,0.0,0.0,0.0,-30974254088422.914
1.4000000000000001,-1,-1,1,657807.3939969299,0.0,0.006578073939969297,0.0,1.4107642820035683e+24,7.280401828810486e+22,0.0,-2.238983171382249e+25,1410764282003.5679,72804018288.10484,0.0,-42540680256262.73,0.0,0.0,0.0,636857220388.5212,0.0,0.0,0.0,0.0,1410764282003.566,72804018288.10474,0.0,692539418527.4491,0.0,0.0,0.0,-43870076895178.69,0.0,0.0,0.0,0.0,0.0,0.0,0.0,0.0,1685462.051822098,1810349.6429249777,2.1470890237126485e-64,1094227206542.3121,0.0,0.0,0.0,0.0,4660950.078511132,642281.8008631333,5.937404093286105e-64,1092107136618.822,0.0,0.0,0.0,0.0,1416085399914.005,77921022499.12788,62589821.10579346,700895901071.9354,0.0,0.0,0.0,0.0,0.0,0.0,0.0,189869952421439.34,0.0,0.0,0.0,360.7529096007347,0.0,0.0,0.0,-636857220388.5212,0.0,0.0,0.0,949259690238.1245,0.0,0.0,0.0,0.0,0.0,0.0,0.0,43870076895178.69,0.0,0.0,0.0,-44182479364667.5,-9.466330862652144e-19,657807.3939969025,-9.466330862652142e-27,0.006578073939969025,1.4107642820035683e+24,7.280401828810486e+22,0.0,-2.2389831713632617e+25,1410764282003.5679,72804018288.10484,0.0,-42540680255901.97,0.0,0.0,0.0,0.0,0.0,0.0,0.0,949259690238.1245,1410764282003.566,72804018288.10474,0.0,692539418527.4491,0.0,0.0,0.0,0.0,0.0,0.0,0.0,-44182479364667.5
1.42,-1,-1,1,956450.8710363121,0.0,0.009564508710363118,0.0,1.4052763531826529e+24,6.738667654355207e+22,0.0,-3.2194545481877145e+25,1405276353182.6526,67386676543.552055,0.0,-61169636415566.56,0.0,0.0,0.0,444914222586.67847,0.0,0.0,0.0,0.0,1405276353182.651,67386676543.55198,0.0,684057741379.0728,0.0,0.0,0.0,-62298608379532.33,0.0,0.0,0.0,0.0,0.0,0.0,0.0,0.0,1949454.6177212265,1706869.092512453,2.483381539540632e-64,1094413221665.9321,0.0,0.0,0.0,0.0,4396958.296858472,745819.0841371344,5.601111562900644e-64,1091920497959.8425,0.0,0.0,0.0,0.0,1416085399914.005,77921022499.12794,62589821.10579346,700895901071.9362,0.0,0.0,0.0,0.0,0.0,0.0,0.0,149420931511803.72,0.0,0.0,0.0,283.899769872427,0.0,0.0,0.0,-444914222586.67847,0.0,0.0,0.0,889062978796.1213,0.0,0.0,0.0,0.0,0.0,0.0,0.0,62298608379532.33,0.0,0.0,0.0,-62742757135457.76,-9.466330862652144e-19,956450.871036272,-9.466330862652142e-27,0.00956450871036272,1.4052763531826529e+24,6.738667654355207e+22,0.0,-3.2194545481727727e+25,1405276353182.6526,67386676543.552055,0.0,-61169636415282.67,0.0,0.0,0.0,0.0,0.0,0.0,0.0,889062978796.1213,1405276353182.651,67386676543.55198,0.0,684057741379.0728,0.0,0.0,0.0,0.0,0.0,0.0,0.0,-62742757135457.76
1.44,-1,-1,1,1374277.1819456175,0.0,0.013742771819456172,0.0,1.394174756707501e+24,5.638761713305645e+22,0.0,-4.59085290859237e+25,1394174756707.5007,56387617133.056435,0.0,-87226205263255.02,0.0,0.0,0.0,176418881687.47244,0.0,0.0,0.0,0.0,1394174756707.4985,56387617133.056335,0.0,667263972700.9064,0.0,0.0,0.0,-88069888117643.31,0.0,0.0,0.0,0.0,0.0,0.0,0.0,0.0,2201675.89266112,1608319.2470767836,2.8046773404779402e-64,1094599725913.9882,0.0,0.0,0.0,0.0,4144737.6264702473,844516.6433007884,5.2798157480550374e-64,1091733266973.5525,0.0,0.0,0.0,0.0,1416085399914.0051,77921022499.1278,62589821.10579347,700895901071.9358,0.0,0.0,0.0,0.0,0.0,0.0,0.0,110563724417435.52,0.0,0.0,0.0,210.07107639312744,0.0,0.0,0.0,-176418881687.47244,0.0,0.0,0.0,804954582903.0425,0.0,0.0,0.0,0.0,0.0,0.0,0.0,88069888117643.31,0.0,0.0,0.0,-88698423818648.83,-6.310887241768095e-19,1374277.181945571,-6.3108872417680944e-27,0.013742771819455707,1.394174756707501e+24,5.638761713305645e+22,0.0,-4.590852908581311e+25,1394174756707.5007,56387617133.056435,0.0,-87226205263044.9,0.0,0.0,0.0,0.0,0.0,0.0,0.0,804954582903.0425,1394174756707.4985,56387617133.056335,0.0,667263972700.9064,0.0,0.0,0.0,0.0,0.0,0.0,0.0,-88698423818648.83
1.46,-1,-1,1,1960119.0726950732,0.0,0.01960119072695073,0.0,1.3717204774575085e+24,3.4081756421950584e+22,0.0,-6.512990697434802e+25,1371720477457.508,34081756421.950577,0.0,-123746823251261.2,0.0,0.0,0.0,-199886449753.17307,0.0,0.0,0.0,0.0,1371720477457.5068,34081756421.95052,0.0,634052512850.4532,0.0,0.0,0.0,-124180989314358.53,0.0,0.0,0.0,0.0,0.0,0.0,0.0,0.0,2426855.811663975,1520598.2393889592,3.0915244743975376e-64,1094775477492.1772,0.0,0.0,0.0,0.0,3919558.127709077,932450.7841891444,4.99296860171836e-64,1091556737434.5128,0.0,0.0,0.0,0.0,1416085399914.0051,77921022499.128,62589821.10579345,700895901071.9362,0.0,0.0,0.0,0.0,0.0,0.0,0.0,77650829961425.39,0.0,0.0,0.0,147.53657692670822,0.0,0.0,0.0,199886449753.17307,0.0,0.0,0.0,687185991527.68,0.0,0.0,0.0,0.0,0.0,0.0,0.0,124180989314358.53,0.0,0.0,0.0,-125068061755491.7,5.91645678915759e-20,1960119.0726949975,5.9164567891575885e-28,0.01960119072694997,1.3717204774575085e+24,3.4081756421950584e+22,0.0,-6.5129906974270375e+25,1371720477457.508,34081756421.950577,0.0,-123746823251113.69,0.0,0.0,0.0,0.0,0.0,0.0,0.0,687185991527.68,1371720477457.5068,34081756421.95052,0.0,634052512850.4532,0.0,0.0,0.0,0.0,0.0,0.0,0.0,-125068061755491.7
1.48,-1,-1,1,2789017.4206538065,0.0,0.027890174206538058,0.0,1.3260040082633182e+24,-1.1420207558840933e+22,0.0,-9.231125008985662e+25,1326004008263.3179,-11420207558.84093,0.0,-175391375170727.53,0.0,0.0,0.0,-731918977052.9319,0.0,0.0,0.0,0.0,1326004008263.3167,-11420207558.84085,0.0,567829274110.6606,0.0,0.0,0.0,-175227285467785.12,0.0,0.0,0.0,0.0,0.0,0.0,0.0,0.0,2616431.6639116835,1446948.0691527256,3.333015752377079e-64,1094932970812.8552,0.0,0.0,0.0,0.0,3729982.5418575183,1006342.8556253981,4.751477313285111e-64,1091398470175.333,0.0,0.0,0.0,0.0,1416085399914.005,77921022499.12782,62589821.105793454,700895901071.9363,0.0,0.0,0.0,0.0,0.0,0.0,0.0,52067119604662.85,0.0,0.0,0.0,98.9275272488594,0.0,0.0,0.0,731918977052.9319,0.0,0.0,0.0,520800237111.8407,0.0,0.0,0.0,0.0,0.0,0.0,0.0,175227285467785.12,0.0,0.0,0.0,-176480004681850.7,1.262177448353619e-18,2789017.42065372,1.2621774483536189e-26,0.027890174206537194,1.3260040082633182e+24,-1.1420207558840933e+22,0.0,-9.23112500898045e+25,1326004008263.3179,-11420207558.84093,0.0,-175391375170628.5,0.0,0.0,0.0,0.0,0.0,0.0,0.0,520800237111.8407,1326004008263.3167,-11420207558.84085,0.0,567829274110.6606,0.0,0.0,0.0,0.0,0.0,0.0,0.0,-176480004681850.7
1.5,-1,-1,1,3976179.7444867445,0.0,0.039761797444867436,0.0,1.2319006480589491e+24,-1.0521297222050637e+23,0.0,-1.3121070000781743e+26,1231900648058.9487,-105212972220.50635,0.0,-249300330014853.06,0.0,0.0,0.0,-1493000248959.1936,0.0,0.0,0.0,0.0,1231900648058.9463,-105212972220.50621,0.0,433858583246.5985,0.0,0.0,0.0,-248241188349140.2,0.0,0.0,0.0,0.0,0.0,0.0,0.0,0.0,2768514.7229715274,1388003.49062552,3.526745881407186e-64,1095068028354.436,0.0,0.0,0.0,0.0,3577899.6387508526,1065525.4749269877,4.5577471758687755e-64,1091262691112.2058,0.0,0.0,0.0,0.0,1416085399914.0051,77921022499.12793,62589821.105793454,700895901071.9365,0.0,0.0,0.0,0.0,0.0,0.0,0.0,33487888794196.29,0.0,0.0,0.0,63.62698870897293,0.0,0.0,0.0,1493000248959.1936,0.0,0.0,0.0,282901004412.2385,0.0,0.0,0.0,0.0,0.0,0.0,0.0,248241188349140.2,0.0,0.0,0.0,-250017089602447.8,3.7865323450608574e-18,3976179.7444865666,3.7865323450608567e-26,0.03976179744486566,1.2319006480589491e+24,-1.0521297222050637e+23,0.0,-1.3121070000778386e+26,1231900648058.9487,-105212972220.50635,0.0,-249300330014789.28,0.0,0.0,0.0,0.0,0.0,0.0,0.0,282901004412.2385,1231900648058.9463,-105212972220.50621,0.0,433858583246.5985,0.0,0.0,0.0,0.0,0.0,0.0,0.0,-250017089602447.8
