sweep_parameter:V,band_info:CB:sign,band_info:IB:sign,band_info:VB:sign,avg:current_CB:p_contact,avg:current_CB:n_contact,tot:current_CB:p_contact,tot:current_CB:n_contact,avg:g_CB:p,avg:g_CB:fsf,avg:g_CB:n,avg:g_CB:I,tot:g_CB:p,tot:g_CB:fsf,tot:g_CB:n,tot:g_CB:I,tot:g_opt_ci_CB:p,tot:g_opt_ci_CB:fsf,tot:g_opt_ci_CB:n,tot:g_opt_ci_CB:I,tot:g_opt_iv_CB:p,tot:g_opt_iv_CB:fsf,tot:g_opt_iv_CB:n,tot:g_opt_iv_CB:I,tot:g_opt_cv_CB:p,tot:g_opt_cv_CB:fsf,tot:g_opt_cv_CB:n,tot:g_opt_cv_CB:I,tot:g_nr_top_CB:p,tot:g_nr_top_CB:fsf,tot:g_nr_top_CB:n,tot:g_nr_top_CB:I,tot:g_nr_bottom_CB:p,tot:g_nr_bottom_CB:fsf,tot:g_nr_bottom_CB:n,tot:g_nr_bottom_CB:I,avg:current_IB:p_contact,avg:current_IB:n_contact,tot:current_IB:p_contact,tot:current_IB:n_contact,avg:g_IB:p,avg:g_IB:fsf,avg:g_IB:n,avg:g_IB:I,tot:g_IB:p,tot:g_IB:fsf,tot:g_IB:n,tot:g_IB:I,tot:g_opt_ci_IB:p,tot:g_opt_ci_IB:fsf,tot:g_opt_ci_IB:n,tot:g_opt_ci_IB:I,tot:g_opt_iv_IB:p,tot:g_opt_iv_IB:fsf,tot:g_opt_iv_IB:n,tot:g_opt_iv_IB:I,tot:g_opt_cv_IB:p,tot:g_opt_cv_IB:fsf,tot:g_opt_cv_IB:n,tot:g_opt_cv_IB:I,tot:g_nr_top_IB:p,tot:g_nr_top_IB:fsf,tot:g_nr_top_IB:n,tot:g_nr_top_IB:I,tot:g_nr_bottom_IB:p,tot:g_nr_bottom_IB:fsf,tot:g_nr_bottom_IB:n,tot:g_nr_bottom_IB:I,avg:current_VB:p_contact,avg:current_VB:n_contact,tot:current_VB:p_contact,tot:current_VB:n_contact,avg:g_VB:p,avg:g_VB:fsf,avg:g_VB:n,avg:g_VB:I,tot:g_VB:p,tot:g_VB:fsf,tot:g_VB:n,tot:g_VB:I,tot:g_opt_ci_VB:p,tot:g_opt_ci_VB:fsf,tot:g_opt_ci_VB:n,tot:g_opt_ci_VB:I,tot:g_opt_iv_VB:p,tot:g_opt_iv_VB:fsf,tot:g_opt_iv_VB:n,tot:g_opt_iv_VB:I,tot:g_opt_cv_VB:p,tot:g_opt_cv_VB:fsf,tot:g_opt_cv_VB:n,tot:g_opt_cv_VB:I,tot:g_nr_top_VB:p,tot:g_nr_top_VB:fsf,tot:g_nr_top_VB:n,tot:g_nr_top_VB:I,tot:g_nr_bottom_VB:p,tot:g_nr_bottom_VB:fsf,tot:g_nr_bottom_VB:n,tot:g_nr_bottom_VB:I,tot:gother_forward_ci:p,tot:gother_forward_ci:fsf,tot:gother_forward_ci:n,tot:gother_forward_ci:I,tot:gabs_forward_ci:p,tot:gabs_forward_ci:fsf,tot:gabs_forward_ci:n,tot:gabs_forward_ci:I,tot:gother_forward_iv:p,tot:gother_forward_iv:fsf,tot:gother_forward_iv:n,tot:gother_forward_iv:I,tot:gabs_forward_iv:p,tot:gabs_forward_iv:fsf,tot:gabs_forward_iv:n,tot:gabs_forward_iv:I,tot:gother_forward_cv:p,tot:gother_forward_cv:fsf,tot:gother_forward_cv:n,tot:gother_forward_cv:I,tot:gabs_forward_cv:p,tot:gabs_forward_cv:fsf,tot:gabs_forward_cv:n,tot:gabs_forward_cv:I
# ,,,,mA/cm^2,mA/cm^2,mA,mA,cm^-3/s,cm^-3/s,cm^-3/s,cm^-3/s,1/s,1/s,1/s,1/s,1/s,1/s,1/s,1/s,1/s,1/s,1/s,1/s,1/s,1/s,1/s,1/s,1/s,1/s,1/s,1/s,1/s,1/s,1/s,1/s,mA/cm^2,mA/cm^2,mA,mA,cm^-3/s,cm^-3/s,cm^-3/s,cm^-3/s,1/s,1/s,1/s,1/s,1/s,1/s,1/s,1/s,1/s,1/s,1/s,1/s,1/s,1/s,1/s,1/s,1/s,1/s,1/s,1/s,1/s,1/s,1/s,1/s,mA/cm^2,mA/cm^2,mA,mA,cm^-3/s,cm^-3/s,cm^-3/s,cm^-3/s,1/s,1/s,1/s,1/s,1/s,1/s,1/s,1/s,1/s,1/s,1/s,1/s,1/s,1/s,1/s,1/s,1/s,1/s,1/s,1/s,1/s,1/s,1/s,1/s,1/s,1/s,1/s,1/s,1/s,1/s,1/s,1/s,1/s,1/s,1/s,1/s,1/s,1/s,1/s,1/s,1/s,1/s,1/s,1/s,1/s,1/s,1/s,1/s
0.0,-1,-1,1,0.0,-31975.349382544213,0.0,-0.00031975349382544206,5.213516079340873e+23,0.0,1.7695995541125004e+22,6.112448418729771e+23,521351607934.0872,0.0,17695995541.125,1456696729826.7751,0.0,0.0,0.0,1285716890017.493,0.0,0.0,0.0,0.0,521351607934.0858,0.0,17695995541.125526,275472208300.58075,0.0,0.0,0.0,-104492368491.30057,0.0,0.0,0.0,0.0,0.0,0.0,0.0,0.0,0.0,0.0,0.0,-8324522172.727155,0.0,0.0,0.0,-0.01983870193362236,0.0,0.0,0.0,-1285716890017.493,0.0,0.0,0.0,1757891092225.4785,0.0,0.0,0.0,0.0,0.0,0.0,0.0,104492368491.30057,0.0,0.0,0.0,-576666570699.3052,-31975.34938254241,9.78386856223299e-19,-0.000319753493825424,9.783868562232987e-27,5.213516079340873e+23,0.0,1.7695995541125004e+22,6.112448418729688e+23,521351607934.0872,0.0,17695995541.125,1456696729826.7551,0.0,0.0,0.0,0.0,0.0,0.0,0.0,1757891092225.4785,521351607934.0858,0.0,17695995541.125526,275472208300.58075,0.0,0.0,0.0,0.0,0.0,0.0,0.0,-576666570699.3052,0.0,0.0,0.0,0.0,524519.0962206258,6.681759800520562e-65,5405524.724397101,1287854974299.1104,0.0,0.0,0.0,0.0,29230216.28001364,3.7235922994588974e-63,3.1047241734974436,1782423487402.487,0.0,0.0,0.0,0.0,521424166644.70245,23046523.40354012,17697864872.327045,275472521987.6152
0.029333333333333336,-1,-1,1,0.0,-31963.215754460278,0.0,-0.0003196321575446027,5.213516050429841e+23,0.0,1.7695990315666192e+22,6.109270655165584e+23,521351605042.984,0.0,17695990315.666187,1455939416639.8154,0.0,0.0,0.0,1285336137175.7097,0.0,0.0,0.0,0.0,521351605042.98285,0.0,17695990315.666653,275472207432.8487,0.0,0.0,0.0,-104868927968.74408,0.0,0.0,0.0,0.0,0.0,0.0,0.0,0.0,0.0,0.0,0.0,-397048689055404.3,0.0,0.0,0.0,-946.2321598604321,0.0,0.0,0.0,-1285336137175.7097,0.0,0.0,0.0,1757884768329.229,0.0,0.0,0.0,0.0,0.0,0.0,0.0,104868927968.74408,0.0,0.0,0.0,-577417560068.4956,-31963.215754458586,1.1361590372675013e-18,-0.0003196321575445858,1.1361590372675011e-26,5.213516050429841e+23,0.0,1.7695990315666192e+22,6.1092706511951e+23,521351605042.984,0.0,17695990315.666187,1455939415693.5837,0.0,0.0,0.0,0.0,0.0,0.0,0.0,1757884768329.229,521351605042.98285,0.0,17695990315.666653,275472207432.8487,0.0,0.0,0.0,0.0,0.0,0.0,0.0,-577417560068.4956,0.0,0.0,0.0,0.0,524688.8381730127,6.683922113448312e-65,5409544.5882137595,1287481943656.103,0.0,0.0,0.0,0.0,29229367.597228903,3.7234841838125047e-63,3.148629042045887,1782449150810.4612,0.0,0.0,0.0,0.0,521424166644.70233,23046523.40354011,17697864872.32707,275472521987.6154
0.05866666666666667,-1,-1,1,0.0,-31950.94116150939,0.0,-0.00031950941161509384,5.213516021193211e+23,0.0,1.7695985037549171e+22,6.106055974098245e+23,521351602119.321,0.0,17695985037.549168,1455173305406.2417,0.0,0.0,0.0,1284952015580.035,0.0,0.0,0.0,0.0,521351602119.3202,0.0,17695985037.549587,275472206552.95667,0.0,0.0,0.0,-105250916726.74954,0.0,0.0,0.0,0.0,0.0,0.0,0.0,0.0,0.0,0.0,0.0,-1050416231551848.4,0.0,0.0,0.0,-2503.314195290208,0.0,0.0,0.0,-1284952015580.035,0.0,0.0,0.0,1757878188963.0168,0.0,0.0,0.0,0.0,0.0,0.0,0.0,105250916726.74954,0.0,0.0,0.0,-578177092613.0457,-31950.94116150763,1.0572729467454e-18,-0.00031950941161507627,1.0572729467453999e-26,5.213516021193211e+23,0.0,1.7695985037549171e+22,6.106055963594088e+23,521351602119.321,0.0,17695985037.549168,1455173302902.929,0.0,0.0,0.0,0.0,0.0,0.0,0.0,1757878188963.0168,521351602119.3202,0.0,17695985037.549587,275472206552.95667,0.0,0.0,0.0,0.0,0.0,0.0,0.0,-578177092613.0457,0.0,0.0,0.0,0.0,524860.0248695803,6.686102830731357e-65,5413599.530009024,1287105655626.0383,0.0,0.0,0.0,0.0,29228511.69095187,3.723375147948351e-63,3.1940038169433658,1782474922630.0278,0.0,0.0,0.0,0.0,521424166644.7023,23046523.403540105,17697864872.32701,275472521987.61475
0.08800000000000001,-1,-1,1,0.0,-31938.521783162072,0.0,-0.0003193852178316207,5.213515991622253e+23,0.0,1.769597970547556e+22,6.102803370216579e+23,521351599162.22516,0.0,17695979705.475555,1454398156543.909,0.0,0.0,0.0,1284564442518.5112,0.0,0.0,0.0,0.0,521351599162.22424,0.0,17695979705.47592,275472205660.55255,0.0,0.0,0.0,-105638491635.15628,0.0,0.0,0.0,0.0,0.0,0.0,0.0,0.0,0.0,0.0,0.0,-142497659655246.25,0.0,0.0,0.0,-339.5952989831567,0.0,0.0,0.0,-1284564442518.5112,0.0,0.0,0.0,1757871347400.177,0.0,0.0,0.0,0.0,0.0,0.0,0.0,105638491635.15628,0.0,0.0,0.0,-578945396856.4172,-31938.52178316033,9.78386856223299e-19,-0.0003193852178316033,9.783868562232987e-27,5.213515991622253e+23,0.0,1.769597970547556e+22,6.102803368791598e+23,521351599162.22516,0.0,17695979705.475555,1454398156204.3125,0.0,0.0,0.0,0.0,0.0,0.0,0.0,1757871347400.177,521351599162.22424,0.0,17695979705.47592,275472205660.55255,0.0,0.0,0.0,0.0,0.0,0.0,0.0,-578945396856.4172,0.0,0.0,0.0,0.0,525032.6918920999,6.688302405639393e-65,5417690.404310383,1286726030714.7488,0.0,0.0,0.0,0.0,29227648.3832795,3.723265169202943e-63,3.2409245156870052,1782500805868.0764,0.0,0.0,0.0,0.0,521424166644.7024,23046523.40354011,17697864872.327087,275472521987.6155
0.11733333333333335,-1,-1,1,0.0,-31925.9535815536,0.0,-0.00031925953581553594,5.213515961707418e+23,0.0,1.7695974318094147e+22,6.099511792077881e+23,521351596170.7417,0.0,17695974318.094143,1453613719476.773,0.0,0.0,0.0,1284173332004.4922,0.0,0.0,0.0,0.0,521351596170.7408,0.0,17695974318.094463,275472204755.25696,0.0,0.0,0.0,-106031817282.97493,0.0,0.0,0.0,0.0,0.0,0.0,0.0,0.0,0.0,0.0,0.0,-137783369414792.67,0.0,0.0,0.0,-328.3603719845414,0.0,0.0,0.0,-1284173332004.4922,0.0,0.0,0.0,1757864236157.6802,0.0,0.0,0.0,0.0,0.0,0.0,0.0,106031817282.97493,0.0,0.0,0.0,-579722721764.5249,-31925.953581551774,8.995007657011977e-19,-0.0003192595358155177,8.995007657011975e-27,5.213515961707418e+23,0.0,1.7695974318094147e+22,6.099511790700059e+23,521351596170.7417,0.0,17695974318.094143,1453613719148.415,0.0,0.0,0.0,0.0,0.0,0.0,0.0,1757864236157.6802,521351596170.7408,0.0,17695974318.094463,275472204755.25696,0.0,0.0,0.0,0.0,0.0,0.0,0.0,-579722721764.5249,0.0,0.0,0.0,0.0,525206.8795130574,6.690521351197284e-65,5421818.099636801,1286342986310.9602,0.0,0.0,0.0,0.0,29226777.472855456,3.7231542219250446e-63,3.2894724569204747,1782526803645.881,0.0,0.0,0.0,0.0,521424166644.7026,23046523.403540112,17697864872.327072,275472521987.6153
0.14666666666666667,-1,-1,1,0.0,-31913.2323785058,0.0,-0.000319132323785058,5.213515931439074e+23,0.0,1.769596887399742e+22,6.096180143232924e+23,521351593143.9073,0.0,17695968873.997417,1452819732902.9954,0.0,0.0,0.0,1283778594413.6033,0.0,0.0,0.0,0.0,521351593143.9064,0.0,17695968873.997704,275472203836.68024,0.0,0.0,0.0,-106431065347.28809,0.0,0.0,0.0,0.0,0.0,0.0,0.0,0.0,0.0,0.0,0.0,-133001583661545.86,0.0,0.0,0.0,-316.96459210664034,0.0,0.0,0.0,-1283778594413.6033,0.0,0.0,0.0,1757856847771.0264,0.0,0.0,0.0,0.0,0.0,0.0,0.0,106431065347.28809,0.0,0.0,0.0,-580509319021.6749,-31913.23237850388,1.1361590372675013e-18,-0.00031913232378503873,1.1361590372675011e-26,5.213515931439074e+23,0.0,1.769596887399742e+22,6.096180141902918e+23,521351593143.9073,0.0,17695968873.997417,1452819732586.033,0.0,0.0,0.0,0.0,0.0,0.0,0.0,1757856847771.0264,521351593143.9064,0.0,17695968873.997704,275472203836.68024,0.0,0.0,0.0,0.0,0.0,0.0,0.0,-580509319021.6749,0.0,0.0,0.0,0.0,525382.6271843119,6.692760169976178e-65,5425983.542630855,1285956436310.4438,0.0,0.0,0.0,0.0,29225898.762426943,3.723042280986099e-63,3.339734824020573,1782552919219.07,0.0,0.0,0.0,0.0,521424166644.70276,23046523.403540116,17697864872.327038,275472521987.6154
0.17600000000000002,-1,-1,1,0.0,-31900.35379561216,0.0,-0.0003190035379561216,5.2135159008070634e+23,0.0,1.7695963371719333e+22,6.092807276987025e+23,521351590080.70624,0.0,17695963371.71933,1452015923546.422,0.0,0.0,0.0,1283380136406.8667,0.0,0.0,0.0,0.0,521351590080.7051,0.0,17695963371.71958,275472202904.41315,0.0,0.0,0.0,-106836415764.85866,0.0,0.0,0.0,0.0,0.0,0.0,0.0,0.0,0.0,0.0,0.0,-128160893827375.56,0.0,0.0,0.0,-305.42843414098024,0.0,0.0,0.0,-1283380136406.8667,0.0,0.0,0.0,1757849174324.8918,0.0,0.0,0.0,0.0,0.0,0.0,0.0,106836415764.85866,0.0,0.0,0.0,-581305453988.3138,-31900.353795610285,8.995007657011977e-19,-0.0003190035379561028,8.995007657011975e-27,5.2135159008070634e+23,0.0,1.7695963371719333e+22,6.092807275705409e+23,521351590080.70624,0.0,17695963371.71933,1452015923240.9922,0.0,0.0,0.0,0.0,0.0,0.0,0.0,1757849174324.8918,521351590080.7051,0.0,17695963371.71958,275472202904.41315,0.0,0.0,0.0,0.0,0.0,0.0,0.0,-581305453988.3138,0.0,0.0,0.0,0.0,525559.976777801,6.69501939537683e-65,5430187.698566284,1285566291063.4785,0.0,0.0,0.0,0.0,29225012.0426405,3.7229293197160663e-63,3.3918051576321373,1782579155974.9648,0.0,0.0,0.0,0.0,521424166644.7026,23046523.403540112,17697864872.327045,275472521987.6152
0.20533333333333337,-1,-1,1,0.0,-31887.313252062413,0.0,-0.00031887313252062404,5.213515869800753e+23,0.0,1.7695957809731385e+22,6.089391993636248e+23,521351586980.0752,0.0,17695957809.73138,1451202005497.9258,0.0,0.0,0.0,1282977860683.71,0.0,0.0,0.0,0.0,521351586980.0743,0.0,17695957809.73159,275472201958.02704,0.0,0.0,0.0,-107248057143.81328,0.0,0.0,0.0,0.0,0.0,0.0,0.0,0.0,0.0,0.0,0.0,-123237147186598.53,0.0,0.0,0.0,-293.69433818012476,0.0,0.0,0.0,-1282977860683.71,0.0,0.0,0.0,1757841207523.7444,0.0,0.0,0.0,0.0,0.0,0.0,0.0,107248057143.81328,0.0,0.0,0.0,-582111404277.5388,-31887.313252060467,1.1361590372675013e-18,-0.00031887313252060463,1.1361590372675011e-26,5.213515869800753e+23,0.0,1.7695957809731385e+22,6.089391992403879e+23,521351586980.0752,0.0,17695957809.73138,1451202005204.2317,0.0,0.0,0.0,0.0,0.0,0.0,0.0,1757841207523.7444,521351586980.0743,0.0,17695957809.73159,275472201958.02704,0.0,0.0,0.0,0.0,0.0,0.0,0.0,-582111404277.5388,0.0,0.0,0.0,0.0,525738.9720346483,6.697299584611541e-65,5434431.573708255,1285172457136.7195,0.0,0.0,0.0,0.0,29224117.094798025,3.722815310254326e-63,3.4457839631645695,1782605517442.56,0.0,0.0,0.0,0.0,521424166644.70245,23046523.403540105,17697864872.32707,275472521987.6154
0.2346666666666667,-1,-1,1,0.0,-31874.10595182493,0.0,-0.00031874105951824926,5.213515838409006e+23,0.0,1.769595218643863e+22,6.08593303711085e+23,521351583840.9005,0.0,17695952186.438625,1450377679415.4805,0.0,0.0,0.0,1282571665716.2002,0.0,0.0,0.0,0.0,521351583840.89996,0.0,17695952186.4388,275472200997.0713,0.0,0.0,0.0,-107666187297.79105,0.0,0.0,0.0,0.0,0.0,0.0,0.0,0.0,0.0,0.0,0.0,-118242785483641.19,0.0,0.0,0.0,-281.7919549420476,0.0,0.0,0.0,-1282571665716.2002,0.0,0.0,0.0,1757832938669.043,0.0,0.0,0.0,0.0,0.0,0.0,0.0,107666187297.79105,0.0,0.0,0.0,-582927460532.4243,-31874.105951823163,1.1361590372675013e-18,-0.0003187410595182316,1.1361590372675011e-26,5.213515838409006e+23,0.0,1.769595218643863e+22,6.085933035928425e+23,521351583840.9005,0.0,17695952186.438625,1450377679133.6892,0.0,0.0,0.0,0.0,0.0,0.0,0.0,1757832938669.043,521351583840.89996,0.0,17695952186.4388,275472200997.0713,0.0,0.0,0.0,0.0,0.0,0.0,0.0,-582927460532.4243,0.0,0.0,0.0,0.0,525919.6586803645,6.6996013201712885e-65,5438716.217732507,1284774837058.798,0.0,0.0,0.0,0.0,29223213.69027855,3.7227002234763406e-63,3.5017793789566842,1782632007302.8042,0.0,0.0,0.0,0.0,521424166644.70215,23046523.403540105,17697864872.327007,275472521987.61487
0.264,-1,-1,1,0.0,-31860.726870252463,0.0,-0.0003186072687025246,5.2135158066201875e+23,0.0,1.7695946500175305e+22,6.082429091466902e+23,521351580662.0186,0.0,17695946500.1753,1449542631688.0608,0.0,0.0,0.0,1282161445441.07,0.0,0.0,0.0,0.0,521351580662.0178,0.0,17695946500.175446,275472200021.07446,0.0,0.0,0.0,-108091013774.08496,0.0,0.0,0.0,0.0,0.0,0.0,0.0,0.0,0.0,0.0,0.0,-113136916934899.39,0.0,0.0,0.0,-269.6238325983286,0.0,0.0,0.0,-1282161445441.07,0.0,0.0,0.0,1757824358637.488,0.0,0.0,0.0,0.0,0.0,0.0,0.0,108091013774.08496,0.0,0.0,0.0,-583753927240.1259,-31860.726870250674,9.78386856223299e-19,-0.0003186072687025067,9.783868562232987e-27,5.2135158066201875e+23,0.0,1.7695946500175305e+22,6.082429090335535e+23,521351580662.0186,0.0,17695946500.1753,1449542631418.4375,0.0,0.0,0.0,0.0,0.0,0.0,0.0,1757824358637.488,521351580662.0178,0.0,17695946500.175446,275472200021.07446,0.0,0.0,0.0,0.0,0.0,0.0,0.0,-583753927240.1259,0.0,0.0,0.0,0.0,526102.0845439179,6.701925211342598e-65,5443042.726554789,1284373329023.5198,0.0,0.0,0.0,0.0,29222301.589945383,3.7225840289177713e-63,3.559907922210135,1782658629401.487,0.0,0.0,0.0,0.0,521424166644.70264,23046523.403540116,17697864872.32705,275472521987.61554
0.29333333333333333,-1,-1,1,0.0,-31847.170739912977,0.0,-0.00031847170739912975,5.213515774422041e+23,0.0,1.7695940749198713e+22,6.078878777175716e+23,521351577442.204,0.0,17695940749.198708,1448696533551.35,0.0,0.0,0.0,1281747088915.6306,0.0,0.0,0.0,0.0,521351577442.2034,0.0,17695940749.19881,275472199029.53864,0.0,0.0,0.0,-108522754393.82097,0.0,0.0,0.0,0.0,0.0,0.0,0.0,0.0,0.0,0.0,0.0,-107929375454710.4,0.0,0.0,0.0,-257.2134069800377,0.0,0.0,0.0,-1281747088915.6306,0.0,0.0,0.0,1757815457858.7104,0.0,0.0,0.0,0.0,0.0,0.0,0.0,108522754393.82097,0.0,0.0,0.0,-584591123594.1135,-31847.17073991105,8.995007657011977e-19,-0.00031847170739911045,8.995007657011975e-27,5.213515774422041e+23,0.0,1.7695940749198713e+22,6.078878776096415e+23,521351577442.204,0.0,17695940749.198708,1448696533294.135,0.0,0.0,0.0,0.0,0.0,0.0,0.0,1757815457858.7104,521351577442.2034,0.0,17695940749.19881,275472199029.53864,0.0,0.0,0.0,0.0,0.0,0.0,0.0,-584591123594.1135,0.0,0.0,0.0,0.0,526286.2996829811,6.7042718958025905e-65,5447412.2455936335,1283967826556.993,0.0,0.0,0.0,0.0,29221380.543517735,3.72246669469477e-63,3.6202953214403717,1782685387763.6758,0.0,0.0,0.0,0.0,521424166644.7023,23046523.403540112,17697864872.327026,275472521987.615
0.3226666666666667,-1,-1,1,0.0,-31833.432035329915,0.0,-0.0003183343203532991,5.213515741801765e+23,0.0,1.7695934931684278e+22,6.075280647127456e+23,521351574180.1764,0.0,17695934931.684273,1447839040135.3347,0.0,0.0,0.0,1281328479948.5977,0.0,0.0,0.0,0.0,521351574180.17523,0.0,17695934931.68436,275472198021.94434,0.0,0.0,0.0,-108961637835.21005,0.0,0.0,0.0,0.0,0.0,0.0,0.0,0.0,0.0,0.0,0.0,-102592528694944.12,0.0,0.0,0.0,-244.49482566863298,0.0,0.0,0.0,-1281328479948.5977,0.0,0.0,0.0,1757806226291.2537,0.0,0.0,0.0,0.0,0.0,0.0,0.0,108961637835.21005,0.0,0.0,0.0,-585439384422.3602,-31833.432035328136,9.78382041398438e-19,-0.0003183343203532813,9.783820413984377e-27,5.213515741801765e+23,0.0,1.7695934931684278e+22,6.075280646101528e+23,521351574180.1764,0.0,17695934931.684273,1447839039890.8394,0.0,0.0,0.0,0.0,0.0,0.0,0.0,1757806226291.2537,521351574180.17523,0.0,17695934931.68436,275472198021.94434,0.0,0.0,0.0,0.0,0.0,0.0,0.0,-585439384422.3602,0.0,0.0,0.0,0.0,526472.3565181007,6.706642041327805e-65,5451825.973429926,1283558218160.308,0.0,0.0,0.0,0.0,29220450.288901325,3.722348187418502e-63,3.6830774463212315,1782712286609.2227,0.0,0.0,0.0,0.0,521424166644.7025,23046523.4035401,17697864872.327065,275472521987.61536
0.35200000000000004,-1,-1,1,0.0,-31819.50495622391,0.0,-0.00031819504956223904,5.213515708745875e+23,0.0,1.769592904571907e+22,6.071633182241861e+23,521351570874.58734,0.0,17695929045.719067,1446969789418.27,0.0,0.0,0.0,1280905496718.7969,0.0,0.0,0.0,0.0,521351570874.58685,0.0,17695929045.719124,275472196997.74054,0.0,0.0,0.0,-109407904298.26604,0.0,0.0,0.0,0.0,0.0,0.0,0.0,0.0,0.0,0.0,0.0,-97117494308433.64,0.0,0.0,0.0,-231.4469205737114,0.0,0.0,0.0,-1280905496718.7969,0.0,0.0,0.0,1757796653394.3594,0.0,0.0,0.0,0.0,0.0,0.0,0.0,109407904298.26604,0.0,0.0,0.0,-586299061205.2781,-31819.504956222125,1.0572681319205391e-18,-0.0003181950495622212,1.057268131920539e-26,5.213515708745875e+23,0.0,1.769592904571907e+22,6.071633181270689e+23,521351570874.58734,0.0,17695929045.719067,1446969789186.8237,0.0,0.0,0.0,0.0,0.0,0.0,0.0,1757796653394.3594,521351570874.58685,0.0,17695929045.719124,275472196997.74054,0.0,0.0,0.0,0.0,0.0,0.0,0.0,-586299061205.2781,0.0,0.0,0.0,0.0,526660.3099810143,6.7090363476841955e-65,5456285.165777424,1283144386941.5225,0.0,0.0,0.0,0.0,29219510.55144598,3.722228472100677e-63,3.7484013486341135,1782739330367.9373,0.0,0.0,0.0,0.0,521424166644.7025,23046523.403540112,17697864872.327087,275472521987.61536
0.38133333333333336,-1,-1,1,0.0,-31805.383408820842,0.0,-0.0003180538340882084,5.213515675240225e+23,0.0,1.7695923089295932e+22,6.067934786573265e+23,521351567524.02234,0.0,17695923089.29593,1446088401060.122,0.0,0.0,0.0,1280478011392.123,0.0,0.0,0.0,0.0,521351567524.0212,0.0,17695923089.295963,275472195956.3498,0.0,0.0,0.0,-109861806288.35085,0.0,0.0,0.0,0.0,0.0,0.0,0.0,0.0,0.0,0.0,0.0,-91483625048335.94,0.0,0.0,0.0,-218.02048591896892,0.0,0.0,0.0,-1280478011392.123,0.0,0.0,0.0,1757786728094.0583,0.0,0.0,0.0,0.0,0.0,0.0,0.0,109861806288.35085,0.0,0.0,0.0,-587170523208.3077,-31805.383408819063,1.0572681319205391e-18,-0.0003180538340881906,1.057268131920539e-26,5.213515675240225e+23,0.0,1.7695923089295932e+22,6.067934785658425e+23,521351567524.02234,0.0,17695923089.29593,1446088400842.1006,0.0,0.0,0.0,0.0,0.0,0.0,0.0,1757786728094.0583,521351567524.0212,0.0,17695923089.295963,275472195956.3498,0.0,0.0,0.0,0.0,0.0,0.0,0.0,-587170523208.3077,0.0,0.0,0.0,0.0,526850.2176805227,6.71145554873987e-65,5460791.139661183,1282726210248.2097,0.0,0.0,0.0,0.0,29218561.043117303,3.722107512047898e-63,3.816426430231053,1782766523693.9329,0.0,0.0,0.0,0.0,521424166644.7022,23046523.403540112,17697864872.32703,275472521987.6149
0.41066666666666674,-1,-1,1,0.0,-31791.06098484317,0.0,-0.00031791060984843165,5.213515641269938e+23,0.0,1.7695917060307756e+22,6.064183781808324e+23,521351564126.99365,0.0,17695917060.30775,1445194475091.289,0.0,0.0,0.0,1280045889739.71,0.0,0.0,0.0,0.0,521351564126.9925,0.0,17695917060.307774,275472194897.1643,0.0,0.0,0.0,-110323609545.58601,0.0,0.0,0.0,0.0,0.0,0.0,0.0,0.0,0.0,0.0,0.0,-85727304322434.56,0.0,0.0,0.0,-204.30222933366895,0.0,0.0,0.0,-1280045889739.71,0.0,0.0,0.0,1757776438741.972,0.0,0.0,0.0,0.0,0.0,0.0,0.0,110323609545.58601,0.0,0.0,0.0,-588054158752.1501,-31791.060984841246,1.1361542224426403e-18,-0.0003179106098484124,1.1361542224426401e-26,5.213515641269938e+23,0.0,1.7695917060307756e+22,6.064183780951055e+23,521351564126.99365,0.0,17695917060.30775,1445194474886.9875,0.0,0.0,0.0,0.0,0.0,0.0,0.0,1757776438741.972,521351564126.9925,0.0,17695917060.307774,275472194897.1643,0.0,0.0,0.0,0.0,0.0,0.0,0.0,-588054158752.1501,0.0,0.0,0.0,0.0,527042.1400904867,6.7139004148607885e-65,5465345.277726337,1282303559304.0916,0.0,0.0,0.0,0.0,29217601.461554565,3.721985268741847e-63,3.8873257611051613,1782793871478.5723,0.0,0.0,0.0,0.0,521424166644.70233,23046523.403540112,17697864872.32696,275472521987.61487
0.44000000000000006,-1,-1,1,0.0,-31776.530937916767,0.0,-0.00031776530937916765,5.21351560681934e+23,0.0,1.769591095654115e+22,6.060378401086877e+23,521351560681.93384,0.0,17695910956.541145,1444287590440.0105,0.0,0.0,0.0,1279608990749.6213,0.0,0.0,0.0,0.0,521351560681.93304,0.0,17695910956.541138,275472193819.5408,0.0,0.0,0.0,-110793594129.15117,0.0,0.0,0.0,0.0,0.0,0.0,0.0,0.0,0.0,0.0,0.0,-79816026328449.05,0.0,0.0,0.0,-190.2146841585636,0.0,0.0,0.0,-1279608990749.6213,0.0,0.0,0.0,1757765773067.131,0.0,0.0,0.0,0.0,0.0,0.0,0.0,110793594129.15117,0.0,0.0,0.0,-588950376636.8752,-31776.530937914882,8.994959508763368e-19,-0.0003177653093791488,8.994959508763366e-27,5.21351560681934e+23,0.0,1.769591095654115e+22,6.060378400288706e+23,521351560681.93384,0.0,17695910956.541145,1444287590249.7932,0.0,0.0,0.0,0.0,0.0,0.0,0.0,1757765773067.131,521351560681.93304,0.0,17695910956.541138,275472193819.5408,0.0,0.0,0.0,0.0,0.0,0.0,0.0,-588950376636.8752,0.0,0.0,0.0,0.0,527236.1407619718,6.716371755612804e-65,5469949.032665857,1281876298842.5315,0.0,0.0,0.0,0.0,29216631.489013735,3.72186170170424e-63,3.9612875742558424,1782821378862.9705,0.0,0.0,0.0,0.0,521424166644.70233,23046523.4035401,17697864872.32703,275472521987.6152
0.4693333333333334,-1,-1,1,0.0,-31761.786157290007,0.0,-0.0003176178615729,5.213515571871914e+23,0.0,1.7695904775669495e+22,6.056516782119252e+23,521351557187.1913,0.0,17695904775.66949,1443367303292.1074,0.0,0.0,0.0,1279167166213.4746,0.0,0.0,0.0,0.0,521351557187.1905,0.0,17695904775.66947,275472192722.8,0.0,0.0,0.0,-111272055644.16794,0.0,0.0,0.0,0.0,0.0,0.0,0.0,0.0,0.0,0.0,0.0,-73789473859994.2,0.0,0.0,0.0,-175.85242100059986,0.0,0.0,0.0,-1279167166213.4746,0.0,0.0,0.0,1757754718120.9275,0.0,0.0,0.0,0.0,0.0,0.0,0.0,111272055644.16794,0.0,0.0,0.0,-589859607727.474,-31761.786157288225,8.994959508763368e-19,-0.0003176178615728822,8.994959508763366e-27,5.213515571871914e+23,0.0,1.7695904775669495e+22,6.056516781381349e+23,521351557187.1913,0.0,17695904775.66949,1443367303116.253,0.0,0.0,0.0,0.0,0.0,0.0,0.0,1757754718120.9275,521351557187.1905,0.0,17695904775.66947,275472192722.8,0.0,0.0,0.0,0.0,0.0,0.0,0.0,-589859607727.474,0.0,0.0,0.0,0.0,527432.2865600358,6.71887042277908e-65,5474603.9318378065,1281444286718.1206,0.0,0.0,0.0,0.0,29215650.791179273,3.721736768345928e-63,4.038516969252573,1782849051250.4873,0.0,0.0,0.0,0.0,521424166644.7027,23046523.403540123,17697864872.32703,275472521987.6153
0.4986666666666667,-1,-1,1,0.0,-31746.81913893134,0.0,-0.0003174681913893133,5.213515536410223e+23,0.0,1.769589851524631e+22,6.052596959616338e+23,521351553641.02216,0.0,17695898515.246307,1442433145286.9456,0.0,0.0,0.0,1278720260261.7874,0.0,0.0,0.0,0.0,521351553641.02094,0.0,17695898515.246273,275472191606.2244,0.0,0.0,0.0,-111759306581.06801,0.0,0.0,0.0,0.0,0.0,0.0,0.0,0.0,0.0,0.0,0.0,-67627725498469.195,0.0,0.0,0.0,-161.16796385124326,0.0,0.0,0.0,-1278720260261.7874,0.0,0.0,0.0,1757743260217.924,0.0,0.0,0.0,0.0,0.0,0.0,0.0,111759306581.06801,0.0,0.0,0.0,-590782306698.3721,-31746.81913892956,1.0572681319205391e-18,-0.00031746819138929553,1.057268131920539e-26,5.213515536410223e+23,0.0,1.769589851524631e+22,6.052596958940057e+23,521351553641.02216,0.0,17695898515.246307,1442433145125.7769,0.0,0.0,0.0,0.0,0.0,0.0,0.0,1757743260217.924,521351553641.02094,0.0,17695898515.246273,275472191606.2244,0.0,0.0,0.0,0.0,0.0,0.0,0.0,-590782306698.3721,0.0,0.0,0.0,0.0,527630.6479237378,6.721397313672504e-65,5479311.582219429,1281007373469.6145,0.0,0.0,0.0,0.0,29214659.01586703,3.7216104238012566e-63,4.119237861366195,1782876894321.8125,0.0,0.0,0.0,0.0,521424166644.7023,23046523.40354011,17697864872.327045,275472521987.6152
0.528,-1,-1,1,0.0,-31731.621954144266,0.0,-0.0003173162195414426,5.2135155004158494e+23,0.0,1.7695892172696392e+22,6.048616857070435e+23,521351550041.58484,0.0,17695892172.69639,1441484621558.6753,0.0,0.0,0.0,1278268108820.5852,0.0,0.0,0.0,0.0,521351550041.5838,0.0,17695892172.696346,275472190469.0543,0.0,0.0,0.0,-112255677730.96257,0.0,0.0,0.0,0.0,0.0,0.0,0.0,0.0,0.0,0.0,0.0,-61351833198530.11,0.0,0.0,0.0,-146.21148297190666,0.0,0.0,0.0,-1278268108820.5852,0.0,0.0,0.0,1757731384873.7473,0.0,0.0,0.0,0.0,0.0,0.0,0.0,112255677730.96257,0.0,0.0,0.0,-591718953930.3373,-31731.621954142523,9.78382041398438e-19,-0.0003173162195414252,9.783820413984377e-27,5.2135155004158494e+23,0.0,1.7695892172696392e+22,6.048616856456919e+23,521351550041.58484,0.0,17695892172.69639,1441484621412.4646,0.0,0.0,0.0,0.0,0.0,0.0,0.0,1757731384873.7473,521351550041.5838,0.0,17695892172.696346,275472190469.0543,0.0,0.0,0.0,0.0,0.0,0.0,0.0,-591718953930.3373,0.0,0.0,0.0,0.0,527831.2991472575,6.723953374715755e-65,5484073.6758942725,1280565401806.0615,0.0,0.0,0.0,0.0,29213655.79161821,3.721482620749088e-63,4.203695214608619,1782904914053.673,0.0,0.0,0.0,0.0,521424166644.7024,23046523.40354011,17697864872.327057,275472521987.61505
0.5573333333333333,-1,-1,1,0.0,-31716.186215784553,0.0,-0.0003171618621578455,5.2135154638693e+23,0.0,1.7695885745305787e+22,6.044574277907089e+23,521351546386.9299,0.0,17695885745.305782,1440521208627.571,0.0,0.0,0.0,1277810538968.0996,0.0,0.0,0.0,0.0,521351546386.9291,0.0,17695885745.30573,275472189310.48334,0.0,0.0,0.0,-112761519651.0121,0.0,0.0,0.0,0.0,0.0,0.0,0.0,0.0,0.0,0.0,0.0,-54937262661595.14,0.0,0.0,0.0,-130.92450910434127,0.0,0.0,0.0,-1277810538968.0996,0.0,0.0,0.0,1757719076741.9426,0.0,0.0,0.0,0.0,0.0,0.0,0.0,112761519651.0121,0.0,0.0,0.0,-592670057555.7805,-31716.186215782833,1.1361542224426403e-18,-0.00031716186215782825,1.1361542224426401e-26,5.2135154638693e+23,0.0,1.7695885745305787e+22,6.044574277357719e+23,521351546386.9299,0.0,17695885745.305782,1440521208496.6472,0.0,0.0,0.0,0.0,0.0,0.0,0.0,1757719076741.9426,521351546386.9291,0.0,17695885745.30573,275472189310.48334,0.0,0.0,0.0,0.0,0.0,0.0,0.0,-592670057555.7805,0.0,0.0,0.0,0.0,528034.318679898,6.72653960526407e-65,5488891.996279227,1280118205994.2925,0.0,0.0,0.0,0.0,29212640.726198647,3.7213533092216734e-63,4.292157599861786,1782933116742.7185,0.0,0.0,0.0,0.0,521424166644.7022,23046523.403540112,17697864872.327057,275472521987.6152
0.5866666666666667,-1,-1,1,0.0,-31700.503041916687,0.0,-0.00031700503041916684,5.213515426749942e+23,0.0,1.7695879230210104e+22,6.0404668959670256e+23,521351542674.9941,0.0,17695879230.2101,1439542352131.718,0.0,0.0,0.0,1277347368183.4084,0.0,0.0,0.0,0.0,521351542674.9932,0.0,17695879230.210033,275472188129.6567,0.0,0.0,0.0,-113277204181.34741,0.0,0.0,0.0,0.0,0.0,0.0,0.0,0.0,0.0,0.0,0.0,-48369763196136.19,0.0,0.0,0.0,-115.27308051288128,0.0,0.0,0.0,-1277347368183.4084,0.0,0.0,0.0,1757706319549.3923,0.0,0.0,0.0,0.0,0.0,0.0,0.0,113277204181.34741,0.0,0.0,0.0,-593636155662.6038,-31700.503041914988,1.0572681319205391e-18,-0.0003170050304191498,1.057268131920539e-26,5.213515426749942e+23,0.0,1.7695879230210104e+22,6.0404668954833204e+23,521351542674.9941,0.0,17695879230.2101,1439542352016.4434,0.0,0.0,0.0,0.0,0.0,0.0,0.0,1757706319549.3923,521351542674.9932,0.0,17695879230.210033,275472188129.6567,0.0,0.0,0.0,0.0,0.0,0.0,0.0,-593636155662.6038,0.0,0.0,0.0,0.0,528239.7894469637,6.729157061691281e-65,5493768.425264543,1279665611139.4353,0.0,0.0,0.0,0.0,29211613.404994637,3.7212224364003007e-63,4.38492012243634,1782961509034.7878,0.0,0.0,0.0,0.0,521424166644.7024,23046523.403540105,17697864872.327026,275472521987.615
0.6160000000000001,-1,-1,1,0.0,-31684.563016400924,0.0,-0.0003168456301640092,5.213515389035886e+23,0.0,1.7695872624381387e+22,6.036292245183903e+23,521351538903.58844,0.0,17695872624.381382,1438547464367.0525,0.0,0.0,0.0,1276878403493.9246,0.0,0.0,0.0,0.0,521351538903.58765,0.0,17695872624.381306,275472186925.6654,0.0,0.0,0.0,-113803126052.53528,0.0,0.0,0.0,0.0,0.0,0.0,0.0,0.0,0.0,0.0,0.0,-41609495288250.72,0.0,0.0,0.0,-99.162253100425,0.0,0.0,0.0,-1276878403493.9246,0.0,0.0,0.0,1757693096028.395,0.0,0.0,0.0,0.0,0.0,0.0,0.0,113803126052.53528,0.0,0.0,0.0,-594617818686.1715,-31684.563016399115,9.78382041398438e-19,-0.0003168456301639911,9.783820413984377e-27,5.213515389035886e+23,0.0,1.7695872624381387e+22,6.0362922447678175e+23,521351538903.58844,0.0,17695872624.381382,1438547464267.8926,0.0,0.0,0.0,0.0,0.0,0.0,0.0,1757693096028.395,521351538903.58765,0.0,17695872624.381306,275472186925.6654,0.0,0.0,0.0,0.0,0.0,0.0,0.0,-594617818686.1715,0.0,0.0,0.0,0.0,528447.7991954273,6.73180686179334e-65,5498704.951364727,1279207432365.951,0.0,0.0,0.0,0.0,29210573.389285777,3.721089946395201e-63,4.4823077750654745,1782990097958.8516,0.0,0.0,0.0,0.0,521424166644.7022,23046523.403540112,17697864872.327038,275472521987.6152
0.6453333333333334,-1,-1,1,0.0,-31668.356145527556,0.0,-0.0003166835614552755,5.213515350703908e+23,0.0,1.7695865924613164e+22,6.0320477082272904e+23,521351535070.3907,0.0,17695865924.61316,1437535921580.7969,0.0,0.0,0.0,1276403440540.8,0.0,0.0,0.0,0.0,521351535070.38995,0.0,17695865924.61307,275472185697.5425,0.0,0.0,0.0,-114339704657.5459,0.0,0.0,0.0,0.0,0.0,0.0,0.0,0.0,0.0,0.0,0.0,-34648328142537.87,0.0,0.0,0.0,-82.5726498477161,0.0,0.0,0.0,-1276403440540.8,0.0,0.0,0.0,1757679387841.4749,0.0,0.0,0.0,0.0,0.0,0.0,0.0,114339704657.5459,0.0,0.0,0.0,-595615652040.7936,-31668.356145525828,8.994959508763368e-19,-0.00031668356145525827,8.994959508763366e-27,5.213515350703908e+23,0.0,1.7695865924613164e+22,6.0320477078808e+23,521351535070.3907,0.0,17695865924.61316,1437535921498.2227,0.0,0.0,0.0,0.0,0.0,0.0,0.0,1757679387841.4749,521351535070.38995,0.0,17695865924.61307,275472185697.5425,0.0,0.0,0.0,0.0,0.0,0.0,0.0,-595615652040.7936,0.0,0.0,0.0,0.0,528658.4408741711,6.734490189631548e-65,5503703.678889679,1278743473919.5232,0.0,0.0,0.0,0.0,29209520.214341756,3.7209557800032835e-63,4.584679293890077,1783018890963.8655,0.0,0.0,0.0,0.0,521424166644.7026,23046523.40354011,17697864872.327076,275472521987.61554
0.6746666666666667,-1,-1,1,0.0,-31651.871809543445,0.0,-0.0003165187180954344,5.213515311729315e+23,0.0,1.7695859127505109e+22,6.027730503807134e+23,521351531172.9314,0.0,17695859127.505104,1436507060945.9055,0.0,0.0,0.0,1275922262582.9197,0.0,0.0,0.0,0.0,521351531172.9306,0.0,17695859127.505016,275472184444.2578,0.0,0.0,0.0,-114887386081.2731,0.0,0.0,0.0,0.0,0.0,0.0,0.0,0.0,0.0,0.0,0.0,-27442985101790.22,0.0,0.0,0.0,-65.40113538131118,0.0,0.0,0.0,-1275922262582.9197,0.0,0.0,0.0,1757665175494.4143,0.0,0.0,0.0,0.0,0.0,0.0,0.0,114887386081.2731,0.0,0.0,0.0,-596630299058.1698,-31651.871809541764,9.78386856223299e-19,-0.0003165187180954176,9.783868562232987e-27,5.213515311729315e+23,0.0,1.7695859127505109e+22,6.027730503532704e+23,521351531172.9314,0.0,17695859127.505104,1436507060880.5044,0.0,0.0,0.0,0.0,0.0,0.0,0.0,1757665175494.4143,521351531172.9306,0.0,17695859127.505016,275472184444.2578,0.0,0.0,0.0,0.0,0.0,0.0,0.0,-596630299058.1698,0.0,0.0,0.0,0.0,528871.8130595343,6.737208300954061e-65,5508766.838082963,1278273528212.3281,0.0,0.0,0.0,0.0,29208453.387296785,3.7208198744371517e-63,4.6924316309962295,1783047895957.0234,0.0,0.0,0.0,0.0,521424166644.7027,23046523.403540112,17697864872.327084,275472521987.6155
0.7040000000000001,-1,-1,1,0.0,-31635.09870781908,0.0,-0.00031635098707819074,5.213515272085828e+23,0.0,1.7695852229446538e+22,6.023337672313561e+23,521351527208.5827,0.0,17695852229.446533,1435460177138.7947,0.0,0.0,0.0,1275434639448.9265,0.0,0.0,0.0,0.0,521351527208.58203,0.0,17695852229.446426,275472183164.7123,0.0,0.0,0.0,-115446645474.84439,0.0,0.0,0.0,0.0,0.0,0.0,0.0,0.0,0.0,0.0,0.0,-19988975801030.79,0.0,0.0,0.0,-47.63700842484832,0.0,0.0,0.0,-1275434639448.9265,0.0,0.0,0.0,1757650438233.2576,0.0,0.0,0.0,0.0,0.0,0.0,0.0,115446645474.84439,0.0,0.0,0.0,-597662444306.8119,-31635.098707817397,8.995007657011977e-19,-0.00031635098707817394,8.995007657011975e-27,5.213515272085828e+23,0.0,1.7695852229446538e+22,6.023337672113662e+23,521351527208.5827,0.0,17695852229.446533,1435460177091.1555,0.0,0.0,0.0,0.0,0.0,0.0,0.0,1757650438233.2576,521351527208.58203,0.0,17695852229.446426,275472183164.7123,0.0,0.0,0.0,0.0,0.0,0.0,0.0,-597662444306.8119,0.0,0.0,0.0,0.0,529088.0204387073,6.739962529353408e-65,5513896.7961939005,1277797374822.963,0.0,0.0,0.0,0.0,29207372.384731635,3.720682163017181e-63,4.806005200004174,1783077121342.1562,0.0,0.0,0.0,0.0,521424166644.7021,23046523.40354011,17697864872.327003,275472521987.61487
0.7333333333333334,-1,-1,1,0.0,-31618.02479652414,0.0,-0.00031618024796524133,5.213515231745459e+23,0.0,1.7695845226599049e+22,6.018866059494172e+23,521351523174.5457,0.0,17695845226.599045,1434394518449.3738,0.0,0.0,0.0,1274940326422.535,0.0,0.0,0.0,0.0,521351523174.54456,0.0,17695845226.598938,275472181857.7329,0.0,0.0,0.0,-116017989830.8938,0.0,0.0,0.0,0.0,0.0,0.0,0.0,0.0,0.0,0.0,0.0,-12285943102832.846,0.0,0.0,0.0,-29.279417861253023,0.0,0.0,0.0,-1274940326422.535,0.0,0.0,0.0,1757635153923.0386,0.0,0.0,0.0,0.0,0.0,0.0,0.0,116017989830.8938,0.0,0.0,0.0,-598712817360.6783,-31618.024796522466,9.78386856223299e-19,-0.0003161802479652246,9.783868562232987e-27,5.213515231745459e+23,0.0,1.7695845226599049e+22,6.0188660593713075e+23,521351523174.5457,0.0,17695845226.599045,1434394518420.0935,0.0,0.0,0.0,0.0,0.0,0.0,0.0,1757635153923.0386,521351523174.54456,0.0,17695845226.598938,275472181857.7329,0.0,0.0,0.0,0.0,0.0,0.0,0.0,-598712817360.6783,0.0,0.0,0.0,0.0,529307.1743607719,6.742754293287524e-65,5519096.069548693,1277314779437.6938,0.0,0.0,0.0,0.0,29206276.649918083,3.720542574820475e-63,4.925890088869699,1783106576059.047,0.0,0.0,0.0,0.0,521424166644.7023,23046523.403540112,17697864872.327003,275472521987.615
0.7626666666666667,-1,-1,1,0.0,-31600.63721796921,0.0,-0.00031600637217969204,5.213515190678278e+23,0.0,1.7695838114877096e+22,6.014312297948577e+23,521351519067.8277,0.0,17695838114.87709,1433309282370.8896,0.0,0.0,0.0,1274439063018.9214,0.0,0.0,0.0,0.0,521351519067.827,0.0,17695838114.876995,275472180522.0627,0.0,0.0,0.0,-116601961170.09633,0.0,0.0,0.0,0.0,0.0,0.0,0.0,0.0,0.0,0.0,0.0,-4325275951291.7456,0.0,0.0,0.0,-10.307842131704092,0.0,0.0,0.0,-1274439063018.9214,0.0,0.0,0.0,1757619298908.289,0.0,0.0,0.0,0.0,0.0,0.0,0.0,116601961170.09633,0.0,0.0,0.0,-599782197069.7717,-31600.637217967596,1.1361590372675013e-18,-0.00031600637217967594,1.1361590372675011e-26,5.213515190678278e+23,0.0,1.7695838114877096e+22,6.014312297905317e+23,521351519067.8277,0.0,17695838114.87709,1433309282360.58,0.0,0.0,0.0,0.0,0.0,0.0,0.0,1757619298908.289,521351519067.827,0.0,17695838114.876995,275472180522.0627,0.0,0.0,0.0,0.0,0.0,0.0,0.0,-599782197069.7717,0.0,0.0,0.0,0.0,529529.3934621309,6.745585104046433e-65,5524367.336829968,1276825492691.3125,0.0,0.0,0.0,0.0,29205165.58969329,3.7204010342825284e-63,5.052633449891302,1783136269625.8816,0.0,0.0,0.0,0.0,521424166644.7024,23046523.403540112,17697864872.326992,275472521987.61505
0.792,-1,-1,1,0.0,-31582.9222211015,0.0,-0.00031582922221101494,5.213515148852313e+23,0.0,1.7695830889926358e+22,6.0096727863064566e+23,521351514885.23114,0.0,17695830889.926353,1432203610637.7163,0.0,0.0,0.0,1273930571590.4998,0.0,0.0,0.0,0.0,521351514885.23,0.0,17695830889.926258,275472179156.3543,0.0,0.0,0.0,-117199140109.13744,0.0,0.0,0.0,0.0,0.0,0.0,0.0,0.0,0.0,0.0,0.0,3878000964741.798,0.0,0.0,0.0,9.241912465542555,0.0,0.0,0.0,-1273930571590.4998,0.0,0.0,0.0,1757602847857.218,0.0,0.0,0.0,0.0,0.0,0.0,0.0,117199140109.13744,0.0,0.0,0.0,-600871416366.6152,-31582.92222109961,9.78386856223299e-19,-0.000315829222210996,9.783868562232987e-27,5.213515148852313e+23,0.0,1.7695830889926358e+22,6.0096727863452294e+23,521351514885.23114,0.0,17695830889.926353,1432203610646.9568,0.0,0.0,0.0,0.0,0.0,0.0,0.0,1757602847857.218,521351514885.23,0.0,17695830889.926258,275472179156.3543,0.0,0.0,0.0,0.0,0.0,0.0,0.0,-600871416366.6152,0.0,0.0,0.0,0.0,529754.8043690748,6.748456574703352e-65,5529713.4538791925,1276329248845.6782,0.0,0.0,0.0,0.0,29204038.570945296,3.7202574607496785e-63,5.186848268070756,1783166212188.1606,0.0,0.0,0.0,0.0,521424166644.70264,23046523.40354011,17697864872.327015,275472521987.61523
0.8213333333333335,-1,-1,1,0.0,-31564.86507279918,0.0,-0.00031564865072799175,5.213515106233273e+23,0.0,1.7695823547098206e+22,6.0049436659958465e+23,521351510623.32715,0.0,17695823547.0982,1431076583688.8567,0.0,0.0,0.0,1273414555700.4358,0.0,0.0,0.0,0.0,521351510623.326,0.0,17695823547.098095,275472177759.1606,0.0,0.0,0.0,-117810149770.73927,0.0,0.0,0.0,0.0,0.0,0.0,0.0,0.0,0.0,0.0,0.0,12343115597932.885,0.0,0.0,0.0,29.415669295936823,0.0,0.0,0.0,-1273414555700.4358,0.0,0.0,0.0,1757585773592.2427,0.0,0.0,0.0,0.0,0.0,0.0,0.0,117810149770.73927,0.0,0.0,0.0,-601981367633.1304,-31564.86507279754,1.0572729467454e-18,-0.0003156486507279753,1.0572729467453999e-26,5.213515106233273e+23,0.0,1.7695823547098206e+22,6.00494366611929e+23,521351510623.32715,0.0,17695823547.0982,1431076583718.2754,0.0,0.0,0.0,0.0,0.0,0.0,0.0,1757585773592.2427,521351510623.326,0.0,17695823547.098095,275472177759.1606,0.0,0.0,0.0,0.0,0.0,0.0,0.0,-601981367633.1304,0.0,0.0,0.0,0.0,529983.5424774527,6.7513704300463104e-65,5535137.470349659,1275825764243.6875,0.0,0.0,0.0,0.0,29202894.916717127,3.720111767982519e-63,5.329223708903571,1783196414577.8264,0.0,0.0,0.0,0.0,521424166644.7027,23046523.403540112,17697864872.327053,275472521987.61536
0.8506666666666668,-1,-1,1,0.0,-31546.44995935848,0.0,-0.00031546449959358476,5.2135150627843625e+23,0.0,1.769581608142015e+22,6.000120795442289e+23,521351506278.4361,0.0,17695816081.420147,1429927214519.177,0.0,0.0,0.0,1272890698224.3413,0.0,0.0,0.0,0.0,521351506278.43536,0.0,17695816081.42004,275472176328.9235,0.0,0.0,0.0,-118435660034.08812,0.0,0.0,0.0,0.0,0.0,0.0,0.0,0.0,0.0,0.0,0.0,21058926214101.273,0.0,0.0,0.0,50.18687577918172,0.0,0.0,0.0,-1272890698224.3413,0.0,0.0,0.0,1757568046906.6,0.0,0.0,0.0,0.0,0.0,0.0,0.0,118435660034.08812,0.0,0.0,0.0,-603113008666.1608,-31546.44995935663,1.1361590372675013e-18,-0.0003154644995935662,1.1361590372675011e-26,5.2135150627843625e+23,0.0,1.769581608142015e+22,6.000120795652875e+23,521351506278.4361,0.0,17695816081.420147,1429927214569.3633,0.0,0.0,0.0,0.0,0.0,0.0,0.0,1757568046906.6,521351506278.43536,0.0,17695816081.42004,275472176328.9235,0.0,0.0,0.0,0.0,0.0,0.0,0.0,-603113008666.1608,0.0,0.0,0.0,0.0,530215.7528128802,6.754328517535701e-65,5540642.648456035,1275314735499.0093,0.0,0.0,0.0,0.0,29201733.90190294,3.71996386360805e-63,5.4805373265748,1783226888383.9,0.0,0.0,0.0,0.0,521424166644.7026,23046523.40354011,17697864872.327065,275472521987.61523
0.8800000000000001,-1,-1,1,0.0,-31527.65987681178,0.0,-0.00031527659876811774,5.213515018466016e+23,0.0,1.7695808487561909e+22,5.9951997213438346e+23,521351501846.60144,0.0,17695808487.561905,1428754441833.7686,0.0,0.0,0.0,1272358659173.9883,0.0,0.0,0.0,0.0,521351501846.6007,0.0,17695808487.5618,275472174863.9637,0.0,0.0,0.0,-119076392204.18211,0.0,0.0,0.0,0.0,0.0,0.0,0.0,0.0,0.0,0.0,0.0,30065570809752.117,0.0,0.0,0.0,71.65118734538555,0.0,0.0,0.0,-1272358659173.9883,0.0,0.0,0.0,1757549636363.8083,0.0,0.0,0.0,0.0,0.0,0.0,0.0,119076392204.18211,0.0,0.0,0.0,-604267369322.351,-31527.65987681,1.1361590372675013e-18,-0.00031527659876809996,1.1361590372675011e-26,5.213515018466016e+23,0.0,1.7695808487561909e+22,5.995199721644491e+23,521351501846.60144,0.0,17695808487.561905,1428754441905.4202,0.0,0.0,0.0,0.0,0.0,0.0,0.0,1757549636363.8083,521351501846.6007,0.0,17695808487.5618,275472174863.9637,0.0,0.0,0.0,0.0,0.0,0.0,0.0,-604267369322.351,0.0,0.0,0.0,0.0,530451.5909828469,6.757332819432342e-65,5546232.483963977,1274795837416.8215,0.0,0.0,0.0,0.0,29200554.74848988,3.719813648513213e-63,5.641669652832394,1783257646034.9077,0.0,0.0,0.0,0.0,521424166644.7024,23046523.403540123,17697864872.327034,275472521987.6149
0.9093333333333334,-1,-1,1,0.0,-31508.47650761272,0.0,-0.00031508476507612716,5.213514973235597e+23,0.0,1.7695800759797303e+22,5.9901756463748905e+23,521351497323.5596,0.0,17695800759.7973,1427557122351.245,0.0,0.0,0.0,1271818073259.702,0.0,0.0,0.0,0.0,521351497323.5584,0.0,17695800759.797203,275472173362.468,0.0,0.0,0.0,-119733124270.92497,0.0,0.0,0.0,0.0,0.0,0.0,0.0,0.0,0.0,0.0,0.0,39416842616172.37,0.0,0.0,0.0,93.93680208921432,0.0,0.0,0.0,-1271818073259.702,0.0,0.0,0.0,1757530508071.2417,0.0,0.0,0.0,0.0,0.0,0.0,0.0,119733124270.92497,0.0,0.0,0.0,-605445558988.5271,-31508.476507611038,8.995007657011977e-19,-0.0003150847650761103,8.995007657011975e-27,5.213514973235597e+23,0.0,1.7695800759797303e+22,5.990175646769065e+23,521351497323.5596,0.0,17695800759.7973,1427557122445.1833,0.0,0.0,0.0,0.0,0.0,0.0,0.0,1757530508071.2417,521351497323.5584,0.0,17695800759.797203,275472173362.468,0.0,0.0,0.0,0.0,0.0,0.0,0.0,-605445558988.5271,0.0,0.0,0.0,0.0,530691.2242427449,6.760385466377646e-65,5551910.729566823,1274268720665.1948,0.0,0.0,0.0,0.0,29199356.620228004,3.71966101616595e-63,5.813622096561263,1783288700890.609,0.0,0.0,0.0,0.0,521424166644.7024,23046523.403540116,17697864872.32704,275472521987.6151
0.9386666666666668,-1,-1,1,0.0,-31488.88008005721,0.0,-0.00031488880080057205,5.2135149270470597e+23,0.0,1.769579289196189e+22,5.9850433923691225e+23,521351492704.7058,0.0,17695792891.961887,1426334022029.6238,0.0,0.0,0.0,1271268547197.7441,0.0,0.0,0.0,0.0,521351492704.7049,0.0,17695792891.96178,275472171822.4721,0.0,0.0,0.0,-120406696990.59245,0.0,0.0,0.0,0.0,0.0,0.0,0.0,0.0,0.0,0.0,0.0,49152335098069.85,0.0,0.0,0.0,117.13807773217559,0.0,0.0,0.0,-1271268547197.7441,0.0,0.0,0.0,1757510625417.3977,0.0,0.0,0.0,0.0,0.0,0.0,0.0,120406696990.59245,0.0,0.0,0.0,-606648775093.1104,-31488.880080055467,9.78386856223299e-19,-0.00031488880080055465,9.783868562232987e-27,5.2135149270470597e+23,0.0,1.769579289196189e+22,5.98504339286065e+23,521351492704.7058,0.0,17695792891.961887,1426334022146.7627,0.0,0.0,0.0,0.0,0.0,0.0,0.0,1757510625417.3977,521351492704.7049,0.0,17695792891.96178,275472171822.4721,0.0,0.0,0.0,0.0,0.0,0.0,0.0,-606648775093.1104,0.0,0.0,0.0,0.0,530934.8327113354,6.763488752875773e-65,5557681.421025317,1273733009207.7324,0.0,0.0,0.0,0.0,29198138.616552018,3.719505851841042e-63,5.997539518766481,1783320067341.7322,0.0,0.0,0.0,0.0,521424166644.7022,23046523.403540112,17697864872.32704,275472521987.615
0.9680000000000001,-1,-1,1,0.0,-31468.84920598042,0.0,-0.0003146884920598041,5.213514879850628e+23,0.0,1.7695784877406082e+22,5.979797357812477e+23,521351487985.0626,0.0,17695784877.40608,1425083805936.2156,0.0,0.0,0.0,1270709656719.7896,0.0,0.0,0.0,0.0,521351487985.06134,0.0,17695784877.405975,275472170241.84564,0.0,0.0,0.0,-121098021025.4209,0.0,0.0,0.0,0.0,0.0,0.0,0.0,0.0,0.0,0.0,0.0,59314102532549.34,0.0,0.0,0.0,141.3552365154028,0.0,0.0,0.0,-1270709656719.7896,0.0,0.0,0.0,1757489948762.452,0.0,0.0,0.0,0.0,0.0,0.0,0.0,121098021025.4209,0.0,0.0,0.0,-607878312926.7279,-31468.849205978633,9.78386856223299e-19,-0.0003146884920597863,9.783868562232987e-27,5.213514879850628e+23,0.0,1.7695784877406082e+22,5.979797358405613e+23,521351487985.0626,0.0,17695784877.40608,1425083806077.5696,0.0,0.0,0.0,0.0,0.0,0.0,0.0,1757489948762.452,521351487985.06134,0.0,17695784877.405975,275472170241.84564,0.0,0.0,0.0,0.0,0.0,0.0,0.0,-607878312926.7279,0.0,0.0,0.0,0.0,531182.610777551,6.766645155216238e-65,5563548.906887081,1273188297459.258,0.0,0.0,0.0,0.0,29196899.7655472,3.7193480317240145e-63,6.194739113848579,1783351760918.8643,0.0,0.0,0.0,0.0,521424166644.7021,23046523.403540105,17697864872.32697,275472521987.61456
0.9973333333333334,-1,-1,1,0.0,-31448.360691941005,0.0,-0.00031448360691941,5.213514831592268e+23,0.0,1.7695776708942277e+22,5.9744314683930864e+23,521351483159.2267,0.0,17695776708.942272,1423805026462.8562,0.0,0.0,0.0,1270140943173.854,0.0,0.0,0.0,0.0,521351483159.2258,0.0,17695776708.942165,275472168618.2716,0.0,0.0,0.0,-121808085329.26892,0.0,0.0,0.0,0.0,0.0,0.0,0.0,0.0,0.0,0.0,0.0,69940787894172.32,0.0,0.0,0.0,166.68037098646164,0.0,0.0,0.0,-1270140943173.854,0.0,0.0,0.0,1757468435074.757,0.0,0.0,0.0,0.0,0.0,0.0,0.0,121808085329.26892,0.0,0.0,0.0,-609135577063.4929,-31448.3606919392,9.78386856223299e-19,-0.00031448360691939197,9.783868562232987e-27,5.213514831592268e+23,0.0,1.7695776708942277e+22,5.974431469092495e+23,521351483159.2267,0.0,17695776708.942272,1423805026629.537,0.0,0.0,0.0,0.0,0.0,0.0,0.0,1757468435074.757,521351483159.2258,0.0,17695776708.942165,275472168618.2716,0.0,0.0,0.0,0.0,0.0,0.0,0.0,-609135577063.4929,0.0,0.0,0.0,0.0,531434.7687422216,6.769857352387439e-65,5569517.88304538,1272634147057.7263,0.0,0.0,0.0,0.0,29195639.015743278,3.719187421865451e-63,6.406747454343391,1783383798415.465,0.0,0.0,0.0,0.0,521424166644.70215,23046523.4035401,17697864872.327045,275472521987.61487
1.0266666666666668,-1,-1,1,0.0,-31427.389319200047,0.0,-0.0003142738931920004,5.2135147822132516e+23,0.0,1.7695768378782052e+22,5.968939119378003e+23,521351478221.325,0.0,17695768378.782047,1422496109593.3374,0.0,0.0,0.0,1269561909557.169,0.0,0.0,0.0,0.0,521351478221.3242,0.0,17695768378.781948,275472166949.22363,0.0,0.0,0.0,-122537966913.05643,0.0,0.0,0.0,0.0,0.0,0.0,0.0,0.0,0.0,0.0,0.0,81061692371252.62,0.0,0.0,0.0,193.18331068381667,0.0,0.0,0.0,-1269561909557.169,0.0,0.0,0.0,1757446037508.1921,0.0,0.0,0.0,0.0,0.0,0.0,0.0,122537966913.05643,0.0,0.0,0.0,-610422094670.8948,-31427.389319198246,1.0572729467454e-18,-0.0003142738931919824,1.0572729467453999e-26,5.2135147822132516e+23,0.0,1.7695768378782052e+22,5.968939120188622e+23,521351478221.325,0.0,17695768378.782047,1422496109786.5212,0.0,0.0,0.0,0.0,0.0,0.0,0.0,1757446037508.1921,521351478221.3242,0.0,17695768378.781948,275472166949.22363,0.0,0.0,0.0,0.0,0.0,0.0,0.0,-610422094670.8948,0.0,0.0,0.0,0.0,531691.5347346974,6.773128250492955e-65,5575593.43352235,1272070083096.149,0.0,0.0,0.0,0.0,29194355.22652951,3.7190238769601665e-63,6.635348568505288,1783416198032.1836,0.0,0.0,0.0,0.0,521424166644.70245,23046523.403540105,17697864872.3271,275472521987.6154
1.056,-1,-1,1,0.0,-31405.9075878376,0.0,-0.00031405907587837595,5.2135147316494975e+23,0.0,1.7695759878463372e+22,5.963313108597874e+23,521351473164.94965,0.0,17695759878.463367,1421155338932.5542,0.0,0.0,0.0,1268972015819.6316,0.0,0.0,0.0,0.0,521351473164.9483,0.0,17695759878.463272,275472165231.93494,0.0,0.0,0.0,-123288842119.01048,0.0,0.0,0.0,0.0,0.0,0.0,0.0,0.0,0.0,0.0,0.0,92688984323869.92,0.0,0.0,0.0,220.893054805696,0.0,0.0,0.0,-1268972015819.6316,0.0,0.0,0.0,1757422704915.5024,0.0,0.0,0.0,0.0,0.0,0.0,0.0,123288842119.01048,0.0,0.0,0.0,-611739530993.9904,-31405.907587835845,1.0572729467454e-18,-0.00031405907587835844,1.0572729467453999e-26,5.2135147316494975e+23,0.0,1.7695759878463372e+22,5.9633131095247646e+23,521351473164.94965,0.0,17695759878.463367,1421155339153.4475,0.0,0.0,0.0,0.0,0.0,0.0,0.0,1757422704915.5024,521351473164.9483,0.0,17695759878.463272,275472165231.93494,0.0,0.0,0.0,0.0,0.0,0.0,0.0,-611739530993.9904,0.0,0.0,0.0,0.0,531953.1569396899,6.7764610111188775e-65,5581781.078513508,1271495589656.276,0.0,0.0,0.0,0.0,29193047.157021627,3.718857238928876e-63,6.8826490128158495,1783448979549.7854,0.0,0.0,0.0,0.0,521424166644.7022,23046523.40354012,17697864872.327007,275472521987.615
1.0853333333333335,-1,-1,1,0.0,-31383.88541972716,0.0,-0.00031383885419727155,5.2135146798309104e+23,0.0,1.7695751198764184e+22,5.957545558656377e+23,521351467983.0909,0.0,17695751198.76418,1419780837167.738,0.0,0.0,0.0,1268370673311.5967,0.0,0.0,0.0,0.0,521351467983.0897,0.0,17695751198.764088,275472163463.3743,0.0,0.0,0.0,-124061999607.23268,0.0,0.0,0.0,0.0,0.0,0.0,0.0,0.0,0.0,0.0,0.0,104872550717088.0,0.0,0.0,0.0,249.9284921735525,0.0,0.0,0.0,-1268370673311.5967,0.0,0.0,0.0,1757398381288.616,0.0,0.0,0.0,0.0,0.0,0.0,0.0,124061999607.23268,0.0,0.0,0.0,-613089707334.3239,-31383.885419725157,1.057277761570261e-18,-0.0003138388541972515,1.0572777615702609e-26,5.2135146798309104e+23,0.0,1.7695751198764184e+22,5.9575455597051006e+23,521351467983.0909,0.0,17695751198.76418,1419780837417.666,0.0,0.0,0.0,0.0,0.0,0.0,0.0,1757398381288.616,521351467983.0897,0.0,17695751198.764088,275472163463.3743,0.0,0.0,0.0,0.0,0.0,0.0,0.0,-613089707334.3239,0.0,0.0,0.0,0.0,532219.9061740235,6.779859084159356e-65,5588086.830125406,1270910104522.503,0.0,0.0,0.0,0.0,29191713.453178287,3.7186873352768433e-63,7.151171921039238,1783482164535.2334,0.0,0.0,0.0,0.0,521424166644.7022,23046523.403540105,17697864872.32701,275472521987.6148
1.1146666666666667,-1,-1,1,0.0,-31361.2898132943,0.0,-0.00031361289813294297,5.21351462668058e+23,0.0,1.7695742329600147e+22,5.9516278265125305e+23,521351462668.05786,0.0,17695742329.600143,1418370544520.4387,0.0,0.0,0.0,1267757238278.0012,0.0,0.0,0.0,0.0,521351462668.0569,0.0,17695742329.60006,275472161640.20374,0.0,0.0,0.0,-124858855397.766,0.0,0.0,0.0,0.0,0.0,0.0,0.0,0.0,0.0,0.0,0.0,117645127153230.98,0.0,0.0,0.0,280.36763709783554,0.0,0.0,0.0,-1267757238278.0012,0.0,0.0,0.0,1757373005110.265,0.0,0.0,0.0,0.0,0.0,0.0,0.0,124858855397.766,0.0,0.0,0.0,-614474621949.6622,-31361.28981329254,1.1361638520923622e-18,-0.00031361289813292535,1.136163852092362e-26,5.21351462668058e+23,0.0,1.7695742329600147e+22,5.95162782768898e+23,521351462668.05786,0.0,17695742329.600143,1418370544800.806,0.0,0.0,0.0,0.0,0.0,0.0,0.0,1757373005110.265,521351462668.0569,0.0,17695742329.60006,275472161640.20374,0.0,0.0,0.0,0.0,0.0,0.0,0.0,-614474621949.6622,0.0,0.0,0.0,0.0,532492.0788682892,6.783326245797429e-65,5594517.255905956,1270313012985.0942,0.0,0.0,0.0,0.0,29190352.632893473,3.7185139771949374e-63,7.444001273168801,1783515776583.4878,0.0,0.0,0.0,0.0,521424166644.7022,23046523.403540112,17697864872.327053,275472521987.61505
1.1440000000000001,-1,-1,1,0.0,-31338.084439895432,0.0,-0.0003133808443989543,5.2135145721138064e+23,0.0,1.7695733259906442e+22,5.9455503977724696e+23,521351457211.3805,0.0,17695733259.906437,1416922193554.5188,0.0,0.0,0.0,1267131004276.6785,0.0,0.0,0.0,0.0,521351457211.37933,0.0,17695733259.90635,275472159758.7353,0.0,0.0,0.0,-125680970480.89633,0.0,0.0,0.0,0.0,0.0,0.0,0.0,0.0,0.0,0.0,0.0,131081487040606.56,0.0,0.0,0.0,312.38868687674403,0.0,0.0,0.0,-1267131004276.6785,0.0,0.0,0.0,1757346508594.2651,0.0,0.0,0.0,0.0,0.0,0.0,0.0,125680970480.89633,0.0,0.0,0.0,-615896474486.0931,-31338.084439893584,1.1361638520923622e-18,-0.0003133808443989358,1.136163852092362e-26,5.2135145721138064e+23,0.0,1.7695733259906442e+22,5.945550399083289e+23,521351457211.3805,0.0,17695733259.906437,1416922193866.9084,0.0,0.0,0.0,0.0,0.0,0.0,0.0,1757346508594.2651,521351457211.37933,0.0,17695733259.90635,275472159758.7353,0.0,0.0,0.0,0.0,0.0,0.0,0.0,-615896474486.0931,0.0,0.0,0.0,0.0,532770.0005385544,6.786866642731996e-65,5601079.5505664665,1269703640620.8928,0.0,0.0,0.0,0.0,29188963.068638213,3.718336957348198e-63,7.765013009843723,1783549841598.3682,0.0,0.0,0.0,0.0,521424166644.7024,23046523.40354011,17697864872.327034,275472521987.6152
1.1733333333333333,-1,-1,1,0.0,-31314.22916739802,0.0,-0.00031314229167398014,5.2135145160370095e+23,0.0,1.7695723977499283e+22,5.9393027619168204e+23,521351451603.7008,0.0,17695723977.49928,1415433279440.7922,0.0,0.0,0.0,1266491193319.9465,0.0,0.0,0.0,0.0,521351451603.70026,0.0,17695723977.499187,275472157814.8823,0.0,0.0,0.0,-126530071694.03537,0.0,0.0,0.0,0.0,0.0,0.0,0.0,0.0,0.0,0.0,0.0,145269902935100.34,0.0,0.0,0.0,346.20200949162245,0.0,0.0,0.0,-1266491193319.9465,0.0,0.0,0.0,1757318816784.26,0.0,0.0,0.0,0.0,0.0,0.0,0.0,126530071694.03537,0.0,0.0,0.0,-617357694812.1477,-31314.229167396174,1.1361638520923622e-18,-0.00031314229167396165,1.136163852092362e-26,5.2135145160370095e+23,0.0,1.7695723977499283e+22,5.939302763369528e+23,521351451603.7008,0.0,17695723977.49928,1415433279786.9963,0.0,0.0,0.0,0.0,0.0,0.0,0.0,1757318816784.26,521351451603.70026,0.0,17695723977.499187,275472157814.8823,0.0,0.0,0.0,0.0,0.0,0.0,0.0,-617357694812.1477,0.0,0.0,0.0,0.0,533054.0298738139,6.790484844245893e-65,5607781.616952853,1269081244864.281,0.0,0.0,0.0,0.0,29187542.96702449,3.7181560472724996e-63,8.119261584576941,1783584388119.3633,0.0,0.0,0.0,0.0,521424166644.7023,23046523.403540116,17697864872.326992,275472521987.6148
1.2026666666666668,-1,-1,1,0.0,-31289.679491241346,0.0,-0.0003128967949124134,5.213514458346394e+23,0.0,1.7695714468912339e+22,5.932873263296415e+23,521351445834.6393,0.0,17695714468.912334,1413901024446.857,0.0,0.0,0.0,1265836945430.524,0.0,0.0,0.0,0.0,521351445834.6385,0.0,17695714468.912247,275472155804.0989,0.0,0.0,0.0,-127408076787.76762,0.0,0.0,0.0,0.0,0.0,0.0,0.0,0.0,0.0,0.0,0.0,160301725966612.5,0.0,0.0,0.0,382.0253096707165,0.0,0.0,0.0,-1265836945430.524,0.0,0.0,0.0,1757289846471.3782,0.0,0.0,0.0,0.0,0.0,0.0,0.0,127408076787.76762,0.0,0.0,0.0,-618860977446.5957,-31289.679491239527,1.1361590372675013e-18,-0.0003128967949123952,1.1361590372675011e-26,5.213514458346394e+23,0.0,1.7695714468912339e+22,5.932873264899422e+23,521351445834.6393,0.0,17695714468.912334,1413901024828.88,0.0,0.0,0.0,0.0,0.0,0.0,0.0,1757289846471.3782,521351445834.6385,0.0,17695714468.912247,275472155804.0989,0.0,0.0,0.0,0.0,0.0,0.0,0.0,-618860977446.5957,0.0,0.0,0.0,0.0,533344.5636137899,6.79418590434371e-65,5614632.157491753,1268445005077.8933,0.0,0.0,0.0,0.0,29186090.34441654,3.7179709942676067e-63,8.513658440608705,1783619447705.6497,0.0,0.0,0.0,0.0,521424166644.7022,23046523.403540097,17697864872.32704,275472521987.6152
1.2320000000000002,-1,-1,1,0.0,-31264.38584635558,0.0,-0.00031264385846355576,5.213514398926325e+23,0.0,1.769570471920134e+22,5.9262489209253787e+23,521351439892.6323,0.0,17695704719.201336,1412322334990.8325,0.0,0.0,0.0,1265167306179.4797,0.0,0.0,0.0,0.0,521351439892.63196,0.0,17695704719.201256,275472153721.30066,0.0,0.0,0.0,-128317124909.94771,0.0,0.0,0.0,0.0,0.0,0.0,0.0,0.0,0.0,0.0,0.0,176262604619604.28,0.0,0.0,0.0,420.06270180270076,0.0,0.0,0.0,-1265167306179.4797,0.0,0.0,0.0,1757259504878.6428,0.0,0.0,0.0,0.0,0.0,0.0,0.0,128317124909.94771,0.0,0.0,0.0,-620409323189.0479,-31264.385846353893,9.78386856223299e-19,-0.0003126438584635389,9.783868562232987e-27,5.213514398926325e+23,0.0,1.769570471920134e+22,5.9262489226880044e+23,521351439892.6323,0.0,17695704719.201336,1412322335410.8953,0.0,0.0,0.0,0.0,0.0,0.0,0.0,1757259504878.6428,521351439892.63196,0.0,17695704719.201256,275472153721.30066,0.0,0.0,0.0,0.0,0.0,0.0,0.0,-620409323189.0479,0.0,0.0,0.0,0.0,533642.0424550007,6.7979754369873185e-65,5621640.776103091,1267794010715.6694,0.0,0.0,0.0,0.0,29184602.997401062,3.717781517635421e-63,8.958211609480019,1783655055393.7246,0.0,0.0,0.0,0.0,521424166644.70245,23046523.403540112,17697864872.32705,275472521987.6152
1.2613333333333334,-1,-1,1,0.0,-31238.29276316689,0.0,-0.00031238292763166884,5.213514337647365e+23,0.0,1.769569471170861e+22,5.919415207440529e+23,521351433764.7363,0.0,17695694711.708607,1410693748963.7585,0.0,0.0,0.0,1264481211618.6582,0.0,0.0,0.0,0.0,521351433764.7354,0.0,17695694711.708534,275472151560.7792,0.0,0.0,0.0,-129259614215.67851,0.0,0.0,0.0,0.0,0.0,0.0,0.0,0.0,0.0,0.0,0.0,193291721658224.9,0.0,0.0,0.0,460.6458812467754,0.0,0.0,0.0,-1264481211618.6582,0.0,0.0,0.0,1757227688039.448,0.0,0.0,0.0,0.0,0.0,0.0,0.0,129259614215.67851,0.0,0.0,0.0,-622006090175.8231,-31238.29276316505,8.995007657011977e-19,-0.00031238292763165047,8.995007657011975e-27,5.213514337647365e+23,0.0,1.769569471170861e+22,5.91941520937346e+23,521351433764.7363,0.0,17695694711.708607,1410693749424.4077,0.0,0.0,0.0,0.0,0.0,0.0,0.0,1757227688039.448,521351433764.7354,0.0,17695694711.708534,275472151560.7792,0.0,0.0,0.0,0.0,0.0,0.0,0.0,-622006090175.8231,0.0,0.0,0.0,0.0,533946.9583158852,6.80185970864681e-65,5628818.086776043,1267127247026.0815,0.0,0.0,0.0,0.0,29183078.46646421,3.7175873040524444e-63,9.468350548619998,1783691250250.5037,0.0,0.0,0.0,0.0,521424166644.7025,23046523.403540116,17697864872.32702,275472521987.615
1.2906666666666669,-1,-1,1,0.0,-31211.33781289072,0.0,-0.0003121133781289072,5.2135142743637954e+23,0.0,1.7695684427774647e+22,5.9123557728762e+23,521351427436.3794,0.0,17695684427.774643,1409011369900.604,0.0,0.0,0.0,1263777469829.292,0.0,0.0,0.0,0.0,521351427436.3784,0.0,17695684427.77457,275472149316.0873,0.0,0.0,0.0,-130238249244.7764,0.0,0.0,0.0,0.0,0.0,0.0,0.0,0.0,0.0,0.0,0.0,211493758920580.0,0.0,0.0,0.0,504.02432199567556,0.0,0.0,0.0,-1263777469829.292,0.0,0.0,0.0,1757194278757.8613,0.0,0.0,0.0,0.0,0.0,0.0,0.0,130238249244.7764,0.0,0.0,0.0,-623655057669.3225,-31211.3378128889,8.995055805260587e-19,-0.00031211337812888897,8.995055805260585e-27,5.2135142743637954e+23,0.0,1.7695684427774647e+22,5.912355774991129e+23,521351427436.3794,0.0,17695684427.774643,1409011370404.6262,0.0,0.0,0.0,0.0,0.0,0.0,0.0,1757194278757.8613,521351427436.3784,0.0,17695684427.77457,275472149316.0873,0.0,0.0,0.0,0.0,0.0,0.0,0.0,-623655057669.3225,0.0,0.0,0.0,0.0,534259.8634666428,6.805845754603182e-65,5636175.816122436,1266443577571.9082,0.0,0.0,0.0,0.0,29181513.99034164,3.717388001754617e-63,10.06936534784976,1783728076050.6785,0.0,0.0,0.0,0.0,521424166644.70264,23046523.40354011,17697864872.327057,275472521987.6152
1.32,-1,-1,1,0.0,-31183.45024869108,0.0,-0.00031183450248691073,5.213514208910452e+23,0.0,1.7695673846381412e+22,5.905052088785948e+23,521351420891.04504,0.0,17695673846.38141,1407270782168.631,0.0,0.0,0.0,1263054738091.7876,0.0,0.0,0.0,0.0,521351420891.0439,0.0,17695673846.381348,275472146979.8905,0.0,0.0,0.0,-131256102903.04759,0.0,0.0,0.0,0.0,0.0,0.0,0.0,0.0,0.0,0.0,0.0,231056322655581.16,0.0,0.0,0.0,550.6451205164194,0.0,0.0,0.0,-1263054738091.7876,0.0,0.0,0.0,1757159143946.3914,0.0,0.0,0.0,0.0,0.0,0.0,0.0,131256102903.04759,0.0,0.0,0.0,-625360508207.0062,-31183.45024868943,1.057277761570261e-18,-0.00031183450248689425,1.0572777615702609e-26,5.213514208910452e+23,0.0,1.7695673846381412e+22,5.905052091096514e+23,521351420891.04504,0.0,17695673846.38141,1407270782719.2769,0.0,0.0,0.0,0.0,0.0,0.0,0.0,1757159143946.3914,521351420891.0439,0.0,17695673846.381348,275472146979.8905,0.0,0.0,0.0,0.0,0.0,0.0,0.0,-625360508207.0062,0.0,0.0,0.0,0.0,534581.3824173519,6.809941530390199e-65,5643726.868146195,1265741722671.361,0.0,0.0,0.0,0.0,29179906.446582615,3.717183212965269e-63,10.80499412028918,1783765582113.4673,0.0,0.0,0.0,0.0,521424166644.7025,23046523.403540112,17697864872.327034,275472521987.615
1.3493333333333335,-1,-1,1,0.0,-31154.549155145414,0.0,-0.0003115454915514541,5.2135141410983764e+23,0.0,1.769566294371022e+22,5.897482963591106e+23,521351414109.8375,0.0,17695662943.710217,1405466935467.0066,0.0,0.0,0.0,1262311494422.559,0.0,0.0,0.0,0.0,521351414109.83685,0.0,17695662943.710155,275472144543.7774,0.0,0.0,0.0,-132316703499.33267,0.0,0.0,0.0,0.0,0.0,0.0,0.0,0.0,0.0,0.0,0.0,252206673526405.1,0.0,0.0,0.0,601.0498762503266,0.0,0.0,0.0,-1262311494422.559,0.0,0.0,0.0,1757122130899.4712,0.0,0.0,0.0,0.0,0.0,0.0,0.0,132316703499.33267,0.0,0.0,0.0,-627127339375.1957,-31154.549155143657,1.057287391219983e-18,-0.00031154549155143653,1.0572873912199828e-26,5.2135141410983764e+23,0.0,1.769566294371022e+22,5.897482966113168e+23,521351414109.8375,0.0,17695662943.710217,1405466936068.0552,0.0,0.0,0.0,0.0,0.0,0.0,0.0,1757122130899.4712,521351414109.83685,0.0,17695662943.710155,275472144543.7774,0.0,0.0,0.0,0.0,0.0,0.0,0.0,-627127339375.1957,0.0,0.0,0.0,0.0,534912.2284390054,6.8141561222539536e-65,5651485.280376941,1265020232720.9956,0.0,0.0,0.0,0.0,29178252.268944576,3.71697248337207e-63,11.754171697369912,1783803824336.8591,0.0,0.0,0.0,0.0,521424166644.7024,23046523.403540105,17697864872.327015,275472521987.615
1.3786666666666667,-1,-1,1,0.0,-31124.540673264633,0.0,-0.0003112454067326463,5.213514070708357e+23,0.0,1.7695651692591419e+22,5.8896238158181814e+23,521351407070.83563,0.0,17695651692.591415,1403593971627.3503,0.0,0.0,0.0,1261546001881.607,0.0,0.0,0.0,0.0,521351407070.83466,0.0,17695651692.59136,275472141997.9687,0.0,0.0,0.0,-133424172252.22409,0.0,0.0,0.0,0.0,0.0,0.0,0.0,0.0,0.0,0.0,0.0,275310262830511.8,0.0,0.0,0.0,656.1095195896924,0.0,0.0,0.0,-1261546001881.607,0.0,0.0,0.0,1757083061433.6326,0.0,0.0,0.0,0.0,0.0,0.0,0.0,133424172252.22409,0.0,0.0,0.0,-628961231148.1437,-31124.540673262818,9.784013006978818e-19,-0.00031124540673262813,9.784013006978816e-27,5.213514070708357e+23,0.0,1.7695651692591419e+22,5.889623818571284e+23,521351407070.83563,0.0,17695651692.591415,1403593972283.46,0.0,0.0,0.0,0.0,0.0,0.0,0.0,1757083061433.6326,521351407070.83466,0.0,17695651692.59136,275472141997.9687,0.0,0.0,0.0,0.0,0.0,0.0,0.0,-628961231148.1437,0.0,0.0,0.0,0.0,535253.2291727118,6.818500073382458e-65,5659465.9207622465,1264277455325.4358,0.0,0.0,0.0,0.0,29176547.31935264,3.716755285815644e-63,13.063849280636845,1783842866465.251,0.0,0.0,0.0,0.0,521424166644.70215,23046523.4035401,17697864872.326996,275472521987.61487
1.4080000000000001,-1,-1,1,0.0,-31093.31320583987,0.0,-0.00031093313205839867,5.21351399747975e+23,0.0,1.7695640061827489e+22,5.881445418385812e+23,521351399747.97485,0.0,17695640061.827484,1401644925356.7183,0.0,0.0,0.0,1260756263676.9583,0.0,0.0,0.0,0.0,521351399747.97394,0.0,17695640061.827427,275472139330.8454,0.0,0.0,0.0,-134583477651.08614,0.0,0.0,0.0,0.0,0.0,0.0,0.0,0.0,0.0,0.0,0.0,301020435179930.2,0.0,0.0,0.0,717.3810779228806,0.0,0.0,0.0,-1260756263676.9583,0.0,0.0,0.0,1757041721106.4934,0.0,0.0,0.0,0.0,0.0,0.0,0.0,134583477651.08614,0.0,0.0,0.0,-630868934363.241,-31093.313205837985,9.784013006978818e-19,-0.0003109331320583798,9.784013006978816e-27,5.21351399747975e+23,0.0,1.7695640061827489e+22,5.881445421396027e+23,521351399747.97485,0.0,17695640061.827484,1401644926074.1018,0.0,0.0,0.0,0.0,0.0,0.0,0.0,1757041721106.4934,521351399747.97394,0.0,17695640061.827427,275472139330.8454,0.0,0.0,0.0,0.0,0.0,0.0,0.0,-630868934363.241,0.0,0.0,0.0,0.0,535605.37278441,6.822985971863701e-65,5667683.610317158,1263511495622.0527,0.0,0.0,0.0,0.0,29174786.657133844,3.716530990891574e-63,15.013457421640323,1783882781595.4414,0.0,0.0,0.0,0.0,521424166644.7022,23046523.403540105,17697864872.327038,275472521987.6151
1.4373333333333336,-1,-1,1,0.0,-31060.727679582284,0.0,-0.00031060727679582277,5.213513921087828e+23,0.0,1.7695628015391052e+22,5.872911348270244e+23,521351392108.78265,0.0,17695628015.39105,1399611116451.0486,0.0,0.0,0.0,1259939967071.9976,0.0,0.0,0.0,0.0,521351392108.78186,0.0,17695628015.390984,275472136528.01526,0.0,0.0,0.0,-135800987148.96288,0.0,0.0,0.0,0.0,0.0,0.0,0.0,0.0,0.0,0.0,0.0,330771116713770.1,0.0,0.0,0.0,788.2818324677646,0.0,0.0,0.0,-1259939967071.9976,0.0,0.0,0.0,1756997835945.1008,0.0,0.0,0.0,0.0,0.0,0.0,0.0,135800987148.96288,0.0,0.0,0.0,-632858855233.785,-31060.727679580526,9.784061155227428e-19,-0.0003106072767958052,9.784061155227426e-27,5.213513921087828e+23,0.0,1.7695628015391052e+22,5.872911351577959e+23,521351392108.78265,0.0,17695628015.39105,1399611117239.331,0.0,0.0,0.0,0.0,0.0,0.0,0.0,1756997835945.1008,521351392108.78186,0.0,17695628015.390984,275472136528.01526,0.0,0.0,0.0,0.0,0.0,0.0,0.0,-632858855233.785,0.0,0.0,0.0,0.0,535969.9053638167,6.827629691433975e-65,5676151.014910755,1262720171510.1582,0.0,0.0,0.0,0.0,29172964.05203684,3.716298804913053e-63,18.1415792225502,1783923653801.1414,0.0,0.0,0.0,0.0,521424166644.7024,23046523.4035401,17697864872.32703,275472521987.615
1.4666666666666668,-1,-1,1,0.0,-31026.594846556254,0.0,-0.0003102659484655625,5.2135138410911567e+23,0.0,1.7695615511593396e+22,5.8639720417715004e+23,521351384109.11554,0.0,17695615511.59339,1397480733067.5686,0.0,0.0,0.0,1259094415957.746,0.0,0.0,0.0,0.0,521351384109.11444,0.0,17695615511.59334,275472133570.198,0.0,0.0,0.0,-137085816460.37729,0.0,0.0,0.0,0.0,0.0,0.0,0.0,0.0,0.0,0.0,0.0,368067586138020.5,0.0,0.0,0.0,877.1654374040663,0.0,0.0,0.0,-1259094415957.746,0.0,0.0,0.0,1756951015717.1128,0.0,0.0,0.0,0.0,0.0,0.0,0.0,137085816460.37729,0.0,0.0,0.0,-634942415342.5795,-31026.594846554464,1.1361734817420842e-18,-0.0003102659484655446,1.136173481742084e-26,5.2135138410911567e+23,0.0,1.7695615511593396e+22,5.863972045452172e+23,521351384109.11554,0.0,17695615511.59339,1397480733944.733,0.0,0.0,0.0,0.0,0.0,0.0,0.0,1756951015717.1128,521351384109.11444,0.0,17695615511.59334,275472133570.198,0.0,0.0,0.0,0.0,0.0,0.0,0.0,-634942415342.5795,0.0,0.0,0.0,0.0,536348.5634785388,6.832453353946467e-65,5684873.935769291,1261900973913.0295,0.0,0.0,0.0,0.0,29171070.821498413,3.7160576217874276e-63,23.494460308587314,1783965579330.5154,0.0,0.0,0.0,0.0,521424166644.7022,23046523.403540105,17697864872.327038,275472521987.6149
1.4960000000000002,-1,-1,1,0.0,-30990.617428862195,0.0,-0.00030990617428862193,5.21351375679746e+23,0.0,1.7695602502635503e+22,5.8545496422512114e+23,521351375679.7459,0.0,17695602502.635498,1395235220692.1562,0.0,0.0,0.0,1258216460826.59,0.0,0.0,0.0,0.0,521351375679.7449,0.0,17695602502.635452,275472130427.90247,0.0,0.0,0.0,-138453370562.3373,0.0,0.0,0.0,0.0,0.0,0.0,0.0,0.0,0.0,0.0,0.0,422257944425236.6,0.0,0.0,0.0,1006.3099508583546,0.0,0.0,0.0,-1258216460826.59,0.0,0.0,0.0,1756900605342.7532,0.0,0.0,0.0,0.0,0.0,0.0,0.0,138453370562.3373,0.0,0.0,0.0,-637137514072.1909,-30990.617428860474,1.057287391219983e-18,-0.0003099061742886047,1.0572873912199828e-26,5.21351375679746e+23,0.0,1.7695602502635503e+22,5.8545496464737816e+23,521351375679.7459,0.0,17695602502.635498,1395235221698.4644,0.0,0.0,0.0,0.0,0.0,0.0,0.0,1756900605342.7532,521351375679.7449,0.0,17695602502.635452,275472130427.90247,0.0,0.0,0.0,0.0,0.0,0.0,0.0,-637137514072.1909,0.0,0.0,0.0,0.0,536744.1724247752,6.837492950392508e-65,5693841.135585427,1261051069416.6975,0.0,0.0,0.0,0.0,29169092.83948476,3.715805641965114e-63,33.11100452913775,1784008665493.901,0.0,0.0,0.0,0.0,521424166644.7025,23046523.40354011,17697864872.32703,275472521987.6153
1.5253333333333334,-1,-1,1,0.0,-30952.23599591183,0.0,-0.00030952235995911824,5.2135136669065145e+23,0.0,1.769558893596317e+22,5.844497635499811e+23,521351366690.6513,0.0,17695588935.963165,1392839662585.1802,0.0,0.0,0.0,1257302467345.7812,0.0,0.0,0.0,0.0,521351366690.6505,0.0,17695588935.96311,275472127047.24316,0.0,0.0,0.0,-139934931807.84256,0.0,0.0,0.0,0.0,0.0,0.0,0.0,0.0,0.0,0.0,0.0,519225500450854.06,0.0,0.0,0.0,1237.3995439074934,0.0,0.0,0.0,-1257302467345.7812,0.0,0.0,0.0,1756845282990.0396,0.0,0.0,0.0,0.0,0.0,0.0,0.0,139934931807.84256,0.0,0.0,0.0,-639477746214.7052,-30952.23599591003,1.1361734817420842e-18,-0.00030952235995910024,1.136173481742084e-26,5.2135136669065145e+23,0.0,1.769558893596317e+22,5.844497640692068e+23,521351366690.6513,0.0,17695588935.963165,1392839663822.5803,0.0,0.0,0.0,0.0,0.0,0.0,0.0,1756845282990.0396,521351366690.6505,0.0,17695588935.96311,275472127047.24316,0.0,0.0,0.0,0.0,0.0,0.0,0.0,-639477746214.7052,0.0,0.0,0.0,0.0,537162.2379416571,6.842818617499872e-65,5703002.760722503,1260167465596.0203,0.0,0.0,0.0,0.0,29167002.578172103,3.7155393586097435e-63,50.95689399534528,1784053021366.4182,0.0,0.0,0.0,0.0,521424166644.70245,23046523.403540105,17697864872.327053,275472521987.6152
1.5546666666666669,-1,-1,1,0.0,-30910.214874275363,0.0,-0.0003091021487427536,5.213513568550734e+23,0.0,1.7695574761848942e+22,5.833492399801891e+23,521351356855.0733,0.0,17695574761.848938,1390216934383.0068,0.0,0.0,0.0,1256348471240.8704,0.0,0.0,0.0,0.0,521351356855.0722,0.0,17695574761.84889,275472123311.5763,0.0,0.0,0.0,-141603660169.43988,0.0,0.0,0.0,0.0,0.0,0.0,0.0,0.0,0.0,0.0,0.0,729963988052014.4,0.0,0.0,0.0,1739.6239304505289,0.0,0.0,0.0,-1256348471240.8704,0.0,0.0,0.0,1756781970925.75,0.0,0.0,0.0,0.0,0.0,0.0,0.0,141603660169.43988,0.0,0.0,0.0,-642037158114.695,-30910.214874273614,9.784037081103123e-19,-0.0003091021487427361,9.784037081103121e-27,5.213513568550734e+23,0.0,1.7695574761848942e+22,5.8334924071015345e+23,521351356855.0733,0.0,17695574761.848938,1390216936122.6318,0.0,0.0,0.0,0.0,0.0,0.0,0.0,1756781970925.75,521351356855.0722,0.0,17695574761.84889,275472123311.5763,0.0,0.0,0.0,0.0,0.0,0.0,0.0,-642037158114.695,0.0,0.0,0.0,0.0,537615.1871704633,6.8485886626391655e-65,5712225.492783553,1259247699421.7031,0.0,0.0,0.0,0.0,29164737.903823305,3.715250856352771e-63,84.66447204783789,1784098723082.4233,0.0,0.0,0.0,0.0,521424166644.7022,23046523.40354011,17697864872.327023,275472521987.6149
1.584,-1,-1,1,0.0,-30861.563060991262,0.0,-0.0003086156306099126,5.2135134547938604e+23,0.0,1.7695559959716076e+22,5.820750593843923e+23,521351345479.3859,0.0,17695559959.716072,1387180353000.302,0.0,0.0,0.0,1255350980686.6057,0.0,0.0,0.0,0.0,521351345479.38525,0.0,17695559959.716038,275472118940.04785,0.0,0.0,0.0,-143642746626.35226,0.0,0.0,0.0,0.0,0.0,0.0,0.0,0.0,0.0,0.0,0.0,1234392238108714.5,0.0,0.0,0.0,2941.7591992542148,0.0,0.0,0.0,-1255350980686.6057,0.0,0.0,0.0,1756702981897.0173,0.0,0.0,0.0,0.0,0.0,0.0,0.0,143642746626.35226,0.0,0.0,0.0,-644994744895.0042,-30861.563060989527,8.206339344785403e-19,-0.00030861563060989523,8.206339344785402e-27,5.2135134547938604e+23,0.0,1.7695559959716076e+22,5.820750606187852e+23,521351345479.3859,0.0,17695559959.716072,1387180355942.0625,0.0,0.0,0.0,0.0,0.0,0.0,0.0,1756702981897.0173,521351345479.38525,0.0,17695559959.716038,275472118940.04785,0.0,0.0,0.0,0.0,0.0,0.0,0.0,-644994744895.0042,0.0,0.0,0.0,0.0,538133.2507908483,6.855188189609876e-65,5721203.944623728,1258292038126.168,0.0,0.0,0.0,0.0,29162147.66782923,3.7149208800042256e-63,148.4901538403295,1784145707361.5906,0.0,0.0,0.0,0.0,521424166644.70233,23046523.403540105,17697864872.327034,275472521987.6151
1.6133333333333335,-1,-1,1,0.0,-30799.004406613727,0.0,-0.00030799004406613725,5.2135133087609894e+23,0.0,1.769554461209859e+22,5.804366599439685e+23,521351330876.0988,0.0,17695544612.098587,1383275778362.5803,0.0,0.0,0.0,1254309604575.368,0.0,0.0,0.0,0.0,521351330876.0981,0.0,17695544612.09855,275472113242.93854,0.0,0.0,0.0,-146505939455.72766,0.0,0.0,0.0,0.0,0.0,0.0,0.0,0.0,0.0,0.0,0.0,2380819710803020.0,0.0,0.0,0.0,5673.883932348341,0.0,0.0,0.0,-1254309604575.368,0.0,0.0,0.0,1756589300857.5005,0.0,0.0,0.0,0.0,0.0,0.0,0.0,146505939455.72766,0.0,0.0,0.0,-648785630063.9763,-30799.00440661203,1.1361782965669451e-18,-0.0003079900440661203,1.136178296566945e-26,5.2135133087609894e+23,0.0,1.769554461209859e+22,5.804366623247874e+23,521351330876.0988,0.0,17695544612.098587,1383275784036.4622,0.0,0.0,0.0,0.0,0.0,0.0,0.0,1756589300857.5005,521351330876.0981,0.0,17695544612.09855,275472113242.93854,0.0,0.0,0.0,0.0,0.0,0.0,0.0,-648785630063.9763,0.0,0.0,0.0,0.0,538789.2310637676,6.863544614755582e-65,5729311.6708237585,1257309401336.0127,0.0,0.0,0.0,0.0,29158867.870418083,3.714503058746933e-63,267.05095676614246,1784193492460.6475,0.0,0.0,0.0,0.0,521424166644.70233,23046523.40354012,17697864872.327023,275472521987.61505
1.642666666666667,-1,-1,1,0.0,-30706.61110645595,0.0,-0.00030706611106455945,5.213513093473306e+23,0.0,1.7695529057255063e+22,5.780168936631458e+23,521351309347.3305,0.0,17695529057.25506,1377509078364.886,0.0,0.0,0.0,1253233131342.3477,0.0,0.0,0.0,0.0,521351309347.32965,0.0,17695529057.255016,275472104667.0457,0.0,0.0,0.0,-151196157644.50894,0.0,0.0,0.0,0.0,0.0,0.0,0.0,0.0,0.0,0.0,0.0,4374900197107478.5,0.0,0.0,0.0,10426.10485009104,0.0,0.0,0.0,-1253233131342.3477,0.0,0.0,0.0,1756398933001.6365,0.0,0.0,0.0,0.0,0.0,0.0,0.0,151196157644.50894,0.0,0.0,0.0,-654361948877.6909,-30706.61110645434,1.057292206044844e-18,-0.00030706611106454335,1.0572922060448438e-26,5.213513093473306e+23,0.0,1.7695529057255063e+22,5.780168980380457e+23,521351309347.3305,0.0,17695529057.25506,1377509088790.99,0.0,0.0,0.0,0.0,0.0,0.0,0.0,1756398933001.6365,521351309347.32965,0.0,17695529057.255016,275472104667.0457,0.0,0.0,0.0,0.0,0.0,0.0,0.0,-654361948877.6909,0.0,0.0,0.0,0.0,539737.8898511587,6.875629424760707e-65,5735469.773441023,1256329156685.658,0.0,0.0,0.0,0.0,29154124.7267901,3.713898818246662e-63,475.02451647970935,1784240638058.8723,0.0,0.0,0.0,0.0,521424166644.7021,23046523.403540105,17697864872.327,275472521987.6145
1.6720000000000002,-1,-1,1,0.0,-30557.779041993155,0.0,-0.0003055777904199315,5.213512746952429e+23,0.0,1.7695514015360375e+22,5.741190008713417e+23,521351274695.24274,0.0,17695514015.36037,1368219760412.2998,0.0,0.0,0.0,1252145873679.8264,0.0,0.0,0.0,0.0,521351274695.24164,0.0,17695514015.360344,275472090433.21716,0.0,0.0,0.0,-159398203700.74292,0.0,0.0,0.0,0.0,0.0,0.0,0.0,0.0,0.0,0.0,0.0,6294221174354549.0,0.0,0.0,0.0,15000.16159382835,0.0,0.0,0.0,-1252145873679.8264,0.0,0.0,0.0,1756061380880.1484,0.0,0.0,0.0,0.0,0.0,0.0,0.0,159398203700.74292,0.0,0.0,0.0,-663313695900.9027,-30557.77904199128,9.784133377600342e-19,-0.00030557779041991275,9.78413337760034e-27,5.213512746952429e+23,0.0,1.7695514015360375e+22,5.74119007165563e+23,521351274695.24274,0.0,17695514015.36037,1368219775412.4617,0.0,0.0,0.0,0.0,0.0,0.0,0.0,1756061380880.1484,521351274695.24164,0.0,17695514015.360344,275472090433.21716,0.0,0.0,0.0,0.0,0.0,0.0,0.0,-663313695900.9027,0.0,0.0,0.0,0.0,541219.4582258567,6.894502885916064e-65,5738405.550941082,1255410187321.6562,0.0,0.0,0.0,0.0,29146717.119601883,3.7129551451888683e-63,800.1661933403394,1784284369598.3508,0.0,0.0,0.0,0.0,521424166644.70215,23046523.4035401,17697864872.327,275472521987.615
1.7013333333333336,-1,-1,1,0.0,-30325.38512211269,0.0,-0.00030325385122112686,5.213512205178601e+23,0.0,1.7695500311179592e+22,5.680326301225682e+23,521351220517.86,0.0,17695500311.17959,1353714940479.4487,0.0,0.0,0.0,1251078891379.383,0.0,0.0,0.0,0.0,521351220517.8592,0.0,17695500311.179558,275472067113.2721,0.0,0.0,0.0,-172836018013.2065,0.0,0.0,0.0,0.0,0.0,0.0,0.0,0.0,0.0,0.0,0.0,6774719562486582.0,0.0,0.0,0.0,16145.268076092005,0.0,0.0,0.0,-1251078891379.383,0.0,0.0,0.0,1755504589760.2764,0.0,0.0,0.0,0.0,0.0,0.0,0.0,172836018013.2065,0.0,0.0,0.0,-677261700248.8308,-30325.3851221109,1.1361831113918061e-18,-0.00030325385122110897,1.1361831113918059e-26,5.213512205178601e+23,0.0,1.7695500311179592e+22,5.6803263689728825e+23,521351220517.86,0.0,17695500311.17959,1353714956624.7178,0.0,0.0,0.0,0.0,0.0,0.0,0.0,1755504589760.2764,521351220517.8592,0.0,17695500311.179558,275472067113.2721,0.0,0.0,0.0,0.0,0.0,0.0,0.0,-677261700248.8308,0.0,0.0,0.0,0.0,543426.426702512,6.9226171082655794e-65,5737591.400946336,1254618925838.498,0.0,0.0,0.0,0.0,29135682.626674693,3.7115494340713646e-63,1231.564903079814,1784321668355.808,0.0,0.0,0.0,0.0,521424166644.70215,23046523.4035401,17697864872.32707,275472521987.61523
1.7306666666666668,-1,-1,1,0.0,-29997.009584129606,0.0,-0.00029997009584129604,5.213511436321886e+23,0.0,1.769548825126046e+22,5.5943250888322254e+23,521351143632.1885,0.0,17695488251.260456,1333219440759.4329,0.0,0.0,0.0,1250044654578.0015,0.0,0.0,0.0,0.0,521351143632.1876,0.0,17695488251.26043,275472031656.3014,0.0,0.0,0.0,-192297245474.87177,0.0,0.0,0.0,0.0,0.0,0.0,0.0,0.0,0.0,0.0,0.0,5976163131015867.0,0.0,0.0,0.0,14242.177100729197,0.0,0.0,0.0,-1250044654578.0015,0.0,0.0,0.0,1754695770128.501,0.0,0.0,0.0,0.0,0.0,0.0,0.0,192297245474.87177,0.0,0.0,0.0,-696948346783.193,-29997.009584128024,9.784133377600342e-19,-0.0002999700958412802,9.78413337760034e-27,5.213511436321886e+23,0.0,1.769548825126046e+22,5.594325148593854e+23,521351143632.1885,0.0,17695488251.260456,1333219455001.6094,0.0,0.0,0.0,0.0,0.0,0.0,0.0,1754695770128.501,521351143632.1876,0.0,17695488251.26043,275472031656.3014,0.0,0.0,0.0,0.0,0.0,0.0,0.0,-696948346783.193,0.0,0.0,0.0,0.0,546337.943820289,6.959706476528748e-65,5733780.876252328,1253984002839.424,0.0,0.0,0.0,0.0,29121125.501854163,3.7096949656581606e-63,1719.2825578895322,1784351364732.033,0.0,0.0,0.0,0.0,521424166644.7022,23046523.403540105,17697864872.327023,275472521987.61487
1.7600000000000002,-1,-1,1,0.0,-29572.315945085003,0.0,-0.00029572315945085,5.213510433046428e+23,0.0,1.7695477449702718e+22,5.483098249756386e+23,521351043304.64264,0.0,17695477449.702713,1306712260387.281,0.0,0.0,0.0,1249027312972.47,0.0,0.0,0.0,0.0,521351043304.6415,0.0,17695477449.70269,275471980773.27014,0.0,0.0,0.0,-217787033358.4607,0.0,0.0,0.0,0.0,0.0,0.0,0.0,0.0,0.0,0.0,0.0,4759272683624780.0,0.0,0.0,0.0,11342.12753983587,0.0,0.0,0.0,-1249027312972.47,0.0,0.0,0.0,1753634915489.036,0.0,0.0,0.0,0.0,0.0,0.0,0.0,217787033358.4607,0.0,0.0,0.0,-722394624532.8971,-29572.31594508335,8.99527247237933e-19,-0.0002957231594508334,8.995272472379329e-27,5.213510433046428e+23,0.0,1.7695477449702718e+22,5.483098297349107e+23,521351043304.64264,0.0,17695477449.702713,1306712271729.4072,0.0,0.0,0.0,0.0,0.0,0.0,0.0,1753634915489.036,521351043304.6415,0.0,17695477449.70269,275471980773.27014,0.0,0.0,0.0,0.0,0.0,0.0,0.0,-722394624532.8971,0.0,0.0,0.0,0.0,549769.8245589205,7.003424697026066e-65,5728249.972903895,1253489672543.1167,0.0,0.0,0.0,0.0,29103966.640918836,3.707509054633246e-63,2212.9935251084758,1784374345334.2283,0.0,0.0,0.0,0.0,521424166644.7021,23046523.403540105,17697864872.32698,275472521987.6146
1.7893333333333334,-1,-1,1,0.0,-29048.92720714926,0.0,-0.00029048927207149256,5.213509176423245e+23,0.0,1.7695467020582025e+22,5.346023258576302e+23,521350917642.32434,0.0,17695467020.58202,1274045041342.7468,0.0,0.0,0.0,1247991639217.3774,0.0,0.0,0.0,0.0,521350917642.3238,0.0,17695467020.58199,275471908621.1243,0.0,0.0,0.0,-249418506495.7575,0.0,0.0,0.0,0.0,0.0,0.0,0.0,0.0,0.0,0.0,0.0,3734829652499637.0,0.0,0.0,0.0,8900.711741935462,0.0,0.0,0.0,-1247991639217.3774,0.0,0.0,0.0,1752317526394.702,0.0,0.0,0.0,0.0,0.0,0.0,0.0,249418506495.7575,0.0,0.0,0.0,-753744384772.3699,-29048.927207147677,1.0573018356945659e-18,-0.00029048927207147673,1.0573018356945657e-26,5.213509176423245e+23,0.0,1.7695467020582025e+22,5.346023295924593e+23,521350917642.32434,0.0,17695467020.58202,1274045050243.4573,0.0,0.0,0.0,0.0,0.0,0.0,0.0,1752317526394.702,521350917642.3238,0.0,17695467020.58199,275471908621.1243,0.0,0.0,0.0,0.0,0.0,0.0,0.0,-753744384772.3699,0.0,0.0,0.0,0.0,553529.0573753414,7.05131303543786e-65,5721977.990061103,1253103027956.4119,0.0,0.0,0.0,0.0,29085171.070916824,3.705114637712599e-63,2685.1040235758137,1784392236751.833,0.0,0.0,0.0,0.0,521424166644.70233,23046523.403540112,17697864872.327053,275472521987.61523
1.8186666666666669,-1,-1,1,0.0,-28411.613450957335,0.0,-0.0002841161345095733,5.213507602687029e+23,0.0,1.769545540527927e+22,5.1791114308370756e+23,521350760268.70276,0.0,17695455405.279266,1234267214687.8647,0.0,0.0,0.0,1246886994903.0376,0.0,0.0,0.0,0.0,521350760268.7018,0.0,17695455405.27923,275471803092.9707,0.0,0.0,0.0,-288091583308.14386,0.0,0.0,0.0,0.0,0.0,0.0,0.0,0.0,0.0,0.0,0.0,3070062619079702.5,0.0,0.0,0.0,7316.4628496058285,0.0,0.0,0.0,-1246886994903.0376,0.0,0.0,0.0,1750706251439.372,0.0,0.0,0.0,0.0,0.0,0.0,0.0,288091583308.14386,0.0,0.0,0.0,-791910832528.0177,-28411.6134509557,1.136187926216667e-18,-0.000284116134509557,1.1361879262166669e-26,5.213507602687029e+23,0.0,1.769545540527927e+22,5.1791114615377065e+23,521350760268.70276,0.0,17695455405.279266,1234267222004.3286,0.0,0.0,0.0,0.0,0.0,0.0,0.0,1750706251439.372,521350760268.7018,0.0,17695455405.27923,275471803092.9707,0.0,0.0,0.0,0.0,0.0,0.0,0.0,-791910832528.0177,0.0,0.0,0.0,0.0,557492.1374382242,7.101798190345838e-65,5715459.583432355,1252791895168.6035,0.0,0.0,0.0,0.0,29065356.2963887,3.702590379967142e-63,3129.674120636374,1784406582580.1575,0.0,0.0,0.0,0.0,521424166644.70245,23046523.403540112,17697864872.32705,275472521987.61505
1.848,-1,-1,1,0.0,-27622.758272718052,0.0,-0.00027622758272718046,5.213505560955857e+23,0.0,1.7695439263110271e+22,4.972511103840407e+23,521350556095.5856,0.0,17695439263.110268,1185030967590.056,0.0,0.0,0.0,1245638347840.6528,0.0,0.0,0.0,0.0,521350556095.5847,0.0,17695439263.110245,275471638583.48065,0.0,0.0,0.0,-336079018834.07837,0.0,0.0,0.0,0.0,0.0,0.0,0.0,0.0,0.0,0.0,0.0,2770992494022654.5,0.0,0.0,0.0,6603.729680644348,0.0,0.0,0.0,-1245638347840.6528,0.0,0.0,0.0,1748706461425.3098,0.0,0.0,0.0,0.0,0.0,0.0,0.0,336079018834.07837,0.0,0.0,0.0,-839147125815.0077,-27622.758272716543,1.1361903336290976e-18,-0.0002762275827271654,1.1361903336290974e-26,5.213505560955857e+23,0.0,1.7695439263110271e+22,4.972511131550329e+23,521350556095.5856,0.0,17695439263.110268,1185030974193.785,0.0,0.0,0.0,0.0,0.0,0.0,0.0,1748706461425.3098,521350556095.5847,0.0,17695439263.110245,275471638583.48065,0.0,0.0,0.0,0.0,0.0,0.0,0.0,-839147125815.0077,0.0,0.0,0.0,0.0,561626.1037495742,7.154460282018121e-65,5708763.075067324,1252527875212.0718,0.0,0.0,0.0,0.0,29044687.117046077,3.699957275383467e-63,3557.8943225359735,1784418720900.3884,0.0,0.0,0.0,0.0,521424166644.70197,23046523.403540105,17697864872.32704,275472521987.615
1.8773333333333335,-1,-1,1,0.0,-26607.248608200094,0.0,-0.0002660724860820009,5.2135027289997756e+23,0.0,1.7695410167930274e+22,4.706550328817669e+23,521350272899.9774,0.0,17695410167.93027,1121648151949.3267,0.0,0.0,0.0,1244124390023.942,0.0,0.0,0.0,0.0,521350272899.97675,0.0,17695410167.930244,275471360317.56696,0.0,0.0,0.0,-397947598392.1834,0.0,0.0,0.0,0.0,0.0,0.0,0.0,0.0,0.0,0.0,0.0,2891149000422261.5,0.0,0.0,0.0,6890.082346465439,0.0,0.0,0.0,-1244124390023.942,0.0,0.0,0.0,1746127865232.6128,0.0,0.0,0.0,0.0,0.0,0.0,0.0,397947598392.1834,0.0,0.0,0.0,-899951066710.7688,-26607.248608198664,9.78421763703541e-19,-0.00026607248608198663,9.784217637035407e-27,5.2135027289997756e+23,0.0,1.7695410167930274e+22,4.706550357729164e+23,521350272899.9774,0.0,17695410167.93027,1121648158839.41,0.0,0.0,0.0,0.0,0.0,0.0,0.0,1746127865232.6128,521350272899.97675,0.0,17695410167.930244,275471360317.56696,0.0,0.0,0.0,0.0,0.0,0.0,0.0,-899951066710.7688,0.0,0.0,0.0,0.0,566010.7659412032,7.210315997783948e-65,5701539.700497338,1252283363396.1267,0.0,0.0,0.0,0.0,29022764.497233793,3.697164489595111e-63,3998.9099623694087,1784429933242.4734,0.0,0.0,0.0,0.0,521424166644.70264,23046523.4035401,17697864872.32702,275472521987.6151
1.906666666666667,-1,-1,1,0.0,-25226.88773810884,0.0,-0.00025226887738108835,5.2134984354395545e+23,0.0,1.7695345359746717e+22,4.3450357477665924e+23,521349843543.9553,0.0,17695345359.74671,1035493296819.8927,0.0,0.0,0.0,1242142170860.6023,0.0,0.0,0.0,0.0,521349843543.9545,0.0,17695345359.74669,275470850794.00415,0.0,0.0,0.0,-482119724834.7154,0.0,0.0,0.0,0.0,0.0,0.0,0.0,0.0,0.0,0.0,0.0,3562071508963754.0,0.0,0.0,0.0,8489.000745784491,0.0,0.0,0.0,-1242142170860.6023,0.0,0.0,0.0,1742619421032.5466,0.0,0.0,0.0,0.0,0.0,0.0,0.0,482119724834.7154,0.0,0.0,0.0,-982596966517.658,-25226.887738107453,8.995404880063007e-19,-0.00025226887738107447,8.995404880063005e-27,5.2134984354395545e+23,0.0,1.7695345359746717e+22,4.345035783387308e+23,521349843543.9553,0.0,17695345359.74671,1035493305308.8936,0.0,0.0,0.0,0.0,0.0,0.0,0.0,1742619421032.5466,521349843543.9545,0.0,17695345359.74669,275470850794.00415,0.0,0.0,0.0,0.0,0.0,0.0,0.0,-982596966517.658,0.0,0.0,0.0,0.0,570893.2076887275,7.272512907974759e-65,5692929.052756964,1252028223822.6174,0.0,0.0,0.0,0.0,28998353.057354867,3.694054644085497e-63,4505.434801740606,1784441601911.3813,0.0,0.0,0.0,0.0,521424166644.70245,23046523.403540112,17697864872.327034,275472521987.6151
1.9360000000000002,-1,-1,1,0.0,-23240.74028464876,0.0,-0.00023240740284648757,5.213491278792985e+23,0.0,1.7695182014724327e+22,3.8248672119486385e+23,521349127879.2984,0.0,17695182014.724323,911528601631.1425,0.0,0.0,0.0,1239358058670.1538,0.0,0.0,0.0,0.0,521349127879.2977,0.0,17695182014.724304,275469857326.5298,0.0,0.0,0.0,-603299314365.5422,0.0,0.0,0.0,0.0,0.0,0.0,0.0,0.0,0.0,0.0,0.0,4915829762940079.0,0.0,0.0,0.0,11715.22874224605,0.0,0.0,0.0,-1239358058670.1538,0.0,0.0,0.0,1737568196208.631,0.0,0.0,0.0,0.0,0.0,0.0,0.0,603299314365.5422,0.0,0.0,0.0,-1101509440188.7917,-23240.7402846474,1.057325025847119e-18,-0.00023240740284647397,1.0573250258471187e-26,5.213491278792985e+23,0.0,1.7695182014724327e+22,3.8248672611069336e+23,521349127879.2984,0.0,17695182014.724323,911528613346.3705,0.0,0.0,0.0,0.0,0.0,0.0,0.0,1737568196208.631,521349127879.2977,0.0,17695182014.724304,275469857326.5298,0.0,0.0,0.0,0.0,0.0,0.0,0.0,-1101509440188.7917,0.0,0.0,0.0,0.0,576793.7729308804,7.347679622420744e-65,5681432.093261928,1251730526362.388,0.0,0.0,0.0,0.0,28968851.15927421,3.6902963083631116e-63,5158.656650217832,1784455176084.892,0.0,0.0,0.0,0.0,521424166644.7022,23046523.403540105,17697864872.327026,275472521987.615
1.9653333333333336,-1,-1,1,0.0,-20240.945574710193,0.0,-0.0002024094557471019,5.213478232036478e+23,0.0,1.7694745612825123e+22,3.039227971595653e+23,521347823203.64764,0.0,17694745612.82512,724297882638.243,0.0,0.0,0.0,1235234211219.6714,0.0,0.0,0.0,0.0,521347823203.64746,0.0,17694745612.8251,275467820698.01587,0.0,0.0,0.0,-786404149279.4448,0.0,0.0,0.0,0.0,0.0,0.0,0.0,0.0,0.0,0.0,0.0,7004969388464969.0,0.0,0.0,0.0,16693.991182724945,0.0,0.0,0.0,-1235234211219.6714,0.0,0.0,0.0,1729935401650.8281,0.0,0.0,0.0,0.0,0.0,0.0,0.0,786404149279.4448,0.0,0.0,0.0,-1281105323016.6133,-20240.945574709094,9.784699119521506e-19,-0.0002024094557470909,9.784699119521504e-27,5.213478232036478e+23,0.0,1.7694745612825123e+22,3.0392280416453414e+23,521347823203.64764,0.0,17694745612.82512,724297899332.2329,0.0,0.0,0.0,0.0,0.0,0.0,0.0,1729935401650.8281,521347823203.64746,0.0,17694745612.8251,275467820698.01587,0.0,0.0,0.0,0.0,0.0,0.0,0.0,-1281105323016.6133,0.0,0.0,0.0,0.0,584696.3207692287,7.448349451020727e-65,5664866.373317113,1251363702562.0103,0.0,0.0,0.0,0.0,28929339.66130278,3.685262816932995e-63,6066.107043581994,1784471843594.4849,0.0,0.0,0.0,0.0,521424166644.7022,23046523.4035401,17697864872.32705,275472521987.61505
1.9946666666666668,-1,-1,1,0.0,-15532.411775705641,0.0,-0.0001553241177570564,5.213452312788955e+23,0.0,1.7693549310159417e+22,1.8060783774293164e+23,521345231278.8954,0.0,17693549310.159412,430418105149.2395,0.0,0.0,0.0,1228885797289.995,0.0,0.0,0.0,0.0,521345231278.89465,0.0,17693549310.159386,275463426308.6748,0.0,0.0,0.0,-1073931118449.4287,0.0,0.0,0.0,0.0,0.0,0.0,0.0,0.0,0.0,0.0,0.0,9696674593496760.0,0.0,0.0,0.0,23108.766247022897,0.0,0.0,0.0,-1228885797289.995,0.0,0.0,0.0,1717949308041.3977,0.0,0.0,0.0,0.0,0.0,0.0,0.0,1073931118449.4287,0.0,0.0,0.0,-1562994606092.0657,-15532.411775704766,1.1363203339003437e-18,-0.00015532411775704764,1.1363203339003435e-26,5.213452312788955e+23,0.0,1.7693549310159417e+22,1.8060784743960632e+23,521345231278.8954,0.0,17693549310.159412,430418128258.00586,0.0,0.0,0.0,0.0,0.0,0.0,0.0,1717949308041.3977,521345231278.89465,0.0,17693549310.159386,275463426308.6748,0.0,0.0,0.0,0.0,0.0,0.0,0.0,-1562994606092.0657,0.0,0.0,0.0,0.0,596401.8906801913,7.597465759482639e-65,5640374.4691377785,1250914889667.2622,0.0,0.0,0.0,0.0,28870813.646481335,3.677807001509726e-63,7356.376161413596,1784492154259.8958,0.0,0.0,0.0,0.0,521424166644.70245,23046523.403540112,17697864872.32701,275472521987.6149
2.024,-1,-1,1,0.0,-7905.775583430815,0.0,-7.905775583430813e-05,5.213396259209349e+23,0.0,1.769022622536799e+22,-1.9130096375458595e+22,521339625920.93475,0.0,17690226225.367985,-45590157858.85776,0.0,0.0,0.0,1218797773565.4097,0.0,0.0,0.0,0.0,521339625920.9339,0.0,17690226225.36796,275453381931.66113,0.0,0.0,0.0,-1539841313355.929,0.0,0.0,0.0,0.0,0.0,0.0,0.0,0.0,0.0,0.0,0.0,1.2317405388209638e+16,0.0,0.0,0.0,29354.39764853567,0.0,0.0,0.0,-1218797773565.4097,0.0,0.0,0.0,1698526371957.8975,0.0,0.0,0.0,0.0,0.0,0.0,0.0,1539841313355.929,0.0,0.0,0.0,-2019569882394.021,-7905.775583430337,1.1365418158439482e-18,-7.905775583430336e-05,1.136541815843948e-26,5.213396259209349e+23,0.0,1.769022622536799e+22,-1.913008405805339e+22,521339625920.93475,0.0,17690226225.367985,-45590128504.46055,0.0,0.0,0.0,0.0,0.0,0.0,0.0,1698526371957.8975,521339625920.9339,0.0,17690226225.36796,275453381931.66113,0.0,0.0,0.0,0.0,0.0,0.0,0.0,-2019569882394.021,0.0,0.0,0.0,0.0,615147.6709520019,7.836267048352019e-65,5604291.898737614,1250386606733.256,0.0,0.0,0.0,0.0,28777087.673858814,3.6658669370659815e-63,9183.152912389285,1784515956492.7422,0.0,0.0,0.0,0.0,521424166644.7022,23046523.403540105,17697864872.326992,275472521987.6146
2.0533333333333337,-1,-1,1,0.0,4760.666786057516,0.0,4.760666786057515e-05,5.2132649531217485e+23,0.0,1.7680898097137943e+22,-3.508549281924847e+23,521326495312.17474,0.0,17680898097.13794,-836144849869.8496,0.0,0.0,0.0,1202320604612.248,0.0,0.0,0.0,0.0,521326495312.17395,0.0,17680898097.13792,275429030495.90985,0.0,0.0,0.0,-2313894484978.01,0.0,0.0,0.0,0.0,0.0,0.0,0.0,0.0,0.0,0.0,0.0,1.3538360116792984e+16,0.0,0.0,0.0,32264.13305823505,0.0,0.0,0.0,-1202320604612.248,0.0,0.0,0.0,1666256743318.5088,0.0,0.0,0.0,0.0,0.0,0.0,0.0,2313894484978.01,0.0,0.0,0.0,-2777830591420.137,4760.666786057277,1.0582708191978357e-18,4.7606667860572765e-05,1.0582708191978355e-26,5.2132649531217485e+23,0.0,1.7680898097137943e+22,-3.508549146541249e+23,521326495312.17474,0.0,17680898097.13794,-836144817605.7173,0.0,0.0,0.0,0.0,0.0,0.0,0.0,1666256743318.5088,521326495312.17395,0.0,17680898097.13792,275429030495.90985,0.0,0.0,0.0,0.0,0.0,0.0,0.0,-2777830591420.137,0.0,0.0,0.0,0.0,646468.4707441068,8.235261294816261e-65,5551778.405856208,1249791777797.5962,0.0,0.0,0.0,0.0,28620488.542240705,3.645917224742297e-63,11742.660535784937,1784542641290.57,0.0,0.0,0.0,0.0,521424166644.7021,23046523.403540116,17697864872.32699,275472521987.61475
2.082666666666667,-1,-1,1,0.0,26179.758761066856,0.0,0.00026179758761066854,5.2129351105539304e+23,0.0,1.7654396657521977e+22,-9.117962055193398e+23,521293511055.39294,0.0,17654396657.521973,-2172959933336.3372,0.0,0.0,0.0,1174810083944.8938,0.0,0.0,0.0,0.0,521293511055.39215,0.0,17654396657.52195,275366712279.5333,0.0,0.0,0.0,-3623136729560.763,0.0,0.0,0.0,0.0,0.0,0.0,0.0,0.0,0.0,0.0,0.0,1.2789964209384208e+16,0.0,0.0,0.0,30480.582840293646,0.0,0.0,0.0,-1174810083944.8938,0.0,0.0,0.0,1611674647801.933,0.0,0.0,0.0,0.0,0.0,0.0,0.0,3623136729560.763,0.0,0.0,0.0,-4060001262937.219,26179.75876106533,1.1389058948506836e-18,0.00026179758761065325,1.1389058948506834e-26,5.2129351105539304e+23,0.0,1.7654396657521977e+22,-9.117961927293755e+23,521293511055.39294,0.0,17654396657.521973,-2172959902855.754,0.0,0.0,0.0,0.0,0.0,0.0,0.0,1611674647801.933,521293511055.39215,0.0,17654396657.52195,275366712279.5333,0.0,0.0,0.0,0.0,0.0,0.0,0.0,-4060001262937.219,0.0,0.0,0.0,0.0,698954.7736126652,8.903882620951554e-65,5476267.895952531,1249144812931.9158,0.0,0.0,0.0,0.0,28358065.111361116,3.612486158434752e-63,15299.868457742059,1784571557761.5562,0.0,0.0,0.0,0.0,521424166644.7024,23046523.40354011,17697864872.327034,275472521987.6148
2.112,-1,-1,1,0.0,62812.358230333455,0.0,0.0006281235823033344,5.212057851958334e+23,0.0,1.7578042784836315e+22,-1.871135511031557e+24,521205785195.83325,0.0,17578042784.83631,-4459222873162.247,0.0,0.0,0.0,1128163943354.6626,0.0,0.0,0.0,0.0,521205785195.8325,0.0,17578042784.836285,275199717636.60516,0.0,0.0,0.0,-5862586534153.512,0.0,0.0,0.0,0.0,0.0,0.0,0.0,0.0,0.0,0.0,0.0,1.1496440069253344e+16,0.0,0.0,0.0,27397.90261822939,0.0,0.0,0.0,-1128163943354.6626,0.0,0.0,0.0,1518311461323.8723,0.0,0.0,0.0,0.0,0.0,0.0,0.0,5862586534153.512,0.0,0.0,0.0,-6252734024724.823,62812.35823032983,9.073019856821813e-19,0.0006281235823032982,9.073019856821811e-27,5.212057851958334e+23,0.0,1.7578042784836315e+22,-1.8711354995351163e+24,521205785195.83325,0.0,17578042784.83631,-4459222845764.343,0.0,0.0,0.0,0.0,0.0,0.0,0.0,1518311461323.8723,521205785195.8325,0.0,17578042784.836285,275199717636.60516,0.0,0.0,0.0,0.0,0.0,0.0,0.0,-6252734024724.823,0.0,0.0,0.0,0.0,784302.8870431312,9.991129211819422e-65,5368888.981019144,1248448581399.194,0.0,0.0,0.0,0.0,27931337.49335579,3.558123828890089e-63,20214.660571193046,1784602590174.341,0.0,0.0,0.0,0.0,521424166644.7025,23046523.403540112,17697864872.32703,275472521987.6151
2.1413333333333338,-1,-1,1,0.0,125780.30562625198,0.0,0.0012578030562625196,5.209623485616742e+23,0.0,1.7355202682749612e+22,-3.520071043556736e+24,520962348561.6741,0.0,17355202682.749607,-8388906746754.36,0.0,0.0,0.0,1048412468568.325,0.0,0.0,0.0,0.0,520962348561.6733,0.0,17355202682.749577,274736327533.6008,0.0,0.0,0.0,-9712055542856.291,0.0,0.0,0.0,0.0,0.0,0.0,0.0,0.0,0.0,0.0,0.0,1.0813583171431948e+16,0.0,0.0,0.0,25770.54261147976,0.0,0.0,0.0,-1048412468568.325,0.0,0.0,0.0,1357825370114.2485,0.0,0.0,0.0,0.0,0.0,0.0,0.0,9712055542856.291,0.0,0.0,0.0,-10021468418631.672,125780.3056262451,9.221208128980258e-19,0.0012578030562624507,9.221208128980256e-27,5.209623485616742e+23,0.0,1.7355202682749612e+22,-3.5200710327431545e+24,520962348561.6741,0.0,17355202682.749607,-8388906720983.823,0.0,0.0,0.0,0.0,0.0,0.0,0.0,1357825370114.2485,520962348561.6733,0.0,17355202682.749577,274736327533.6008,0.0,0.0,0.0,0.0,0.0,0.0,0.0,-10021468418631.672,0.0,0.0,0.0,0.0,916300.1462367793,1.167263426832184e-64,5218302.542753652,1247682001621.2085,0.0,0.0,0.0,0.0,27271370.747700434,3.4740485760630084e-63,26943.238190281238,1784636674398.8098,0.0,0.0,0.0,0.0,521424166644.7022,23046523.40354011,17697864872.32703,275472521987.61505
2.170666666666667,-1,-1,1,0.0,233811.6949610419,0.0,0.0023381169496104184,5.2026907310755206e+23,0.0,1.6700363002442227e+22,-6.348848553438437e+24,520269073107.55194,0.0,16700363002.442223,-15130347599532.174,0.0,0.0,0.0,912034307323.7249,0.0,0.0,0.0,0.0,520269073107.55115,0.0,16700363002.442202,273424686535.23145,0.0,0.0,0.0,-16315806593391.123,0.0,0.0,0.0,0.0,0.0,0.0,0.0,0.0,0.0,0.0,0.0,9829462013079562.0,0.0,0.0,0.0,23425.220450997353,0.0,0.0,0.0,-912034307323.7249,0.0,0.0,0.0,1082511265459.4127,0.0,0.0,0.0,0.0,0.0,0.0,0.0,16315806593391.123,0.0,0.0,0.0,-16486283528101.604,233811.6949610281,9.660055340933195e-19,0.0023381169496102805,9.660055340933193e-27,5.2026907310755206e+23,0.0,1.6700363002442227e+22,-6.34884854360898e+24,520269073107.55194,0.0,16700363002.442223,-15130347576106.965,0.0,0.0,0.0,0.0,0.0,0.0,0.0,1082511265459.4127,520269073107.55115,0.0,16700363002.442202,273424686535.23145,0.0,0.0,0.0,0.0,0.0,0.0,0.0,-16486283528101.604,0.0,0.0,0.0,0.0,1108438.1666619861,1.4120261097813745e-64,5012116.742112317,1246802142487.0488,0.0,0.0,0.0,0.0,26310708.06899849,3.351667234585559e-63,35958.916892590394,1784675648655.4539,0.0,0.0,0.0,0.0,521424166644.7026,23046523.403540116,17697864872.327007,275472521987.61505
2.2,-1,-1,1,0.0,417347.79886720807,0.0,0.00417347798867208,5.1827766915009445e+23,0.0,1.4782108069361867e+22,-1.1154020460954447e+25,518277669150.0943,0.0,14782108069.361862,-26581860519437.785,0.0,0.0,0.0,680857710914.2916,0.0,0.0,0.0,0.0,518277669150.0937,0.0,14782108069.361837,269704698712.12872,0.0,0.0,0.0,-27532422929064.207,0.0,0.0,0.0,0.0,0.0,0.0,0.0,0.0,0.0,0.0,0.0,7561424879100696.0,0.0,0.0,0.0,18020.11590063572,0.0,0.0,0.0,-680857710914.2916,0.0,0.0,0.0,614883481014.9053,0.0,0.0,0.0,0.0,0.0,0.0,0.0,27532422929064.207,0.0,0.0,0.0,-27466448681144.71,417347.7988671839,7.80699777081671e-19,0.004173477988671839,7.806997770816709e-27,5.1827766915009445e+23,0.0,1.4782108069361867e+22,-1.1154020453393022e+25,518277669150.0943,0.0,14782108069.361862,-26581860501417.668,0.0,0.0,0.0,0.0,0.0,0.0,0.0,614883481014.9053,518277669150.0937,0.0,14782108069.361837,269704698712.12872,0.0,0.0,0.0,0.0,0.0,0.0,0.0,-27466448681144.71,0.0,0.0,0.0,0.0,1368434.3848406905,1.743231535219177e-64,4742211.672440996,1245772377044.5173,0.0,0.0,0.0,0.0,25010762.134261925,3.1860645218627963e-63,47502.41456948526,1784720970199.776,0.0,0.0,0.0,0.0,521424166644.7027,23046523.40354012,17697864872.327038,275472521987.6151
