sweep_parameter:V,band_info:CB:sign,band_info:IB:sign,band_info:VB:sign,avg:current_CB:n_contact,avg:current_CB:p_contact,tot:current_CB:n_contact,tot:current_CB:p_contact,avg:g_CB:I,avg:g_CB:fsf,avg:g_CB:p,avg:g_CB:n,tot:g_CB:I,tot:g_CB:fsf,tot:g_CB:p,tot:g_CB:n,tot:g_opt_ci_CB:I,tot:g_opt_ci_CB:fsf,tot:g_opt_ci_CB:p,tot:g_opt_ci_CB:n,tot:g_opt_iv_CB:I,tot:g_opt_iv_CB:fsf,tot:g_opt_iv_CB:p,tot:g_opt_iv_CB:n,tot:g_opt_cv_CB:I,tot:g_opt_cv_CB:fsf,tot:g_opt_cv_CB:p,tot:g_opt_cv_CB:n,tot:g_nr_top_CB:I,tot:g_nr_top_CB:fsf,tot:g_nr_top_CB:p,tot:g_nr_top_CB:n,tot:g_nr_bottom_CB:I,tot:g_nr_bottom_CB:fsf,tot:g_nr_bottom_CB:p,tot:g_nr_bottom_CB:n,tot:gother_forward_ci:I,tot:gother_forward_ci:fsf,tot:gother_forward_ci:p,tot:gother_forward_ci:n,tot:gabs_forward_ci:I,tot:gabs_forward_ci:fsf,tot:gabs_forward_ci:p,tot:gabs_forward_ci:n,tot:gother_forward_iv:I,tot:gother_forward_iv:fsf,tot:gother_forward_iv:p,tot:gother_forward_iv:n,tot:gabs_forward_iv:I,tot:gabs_forward_iv:fsf,tot:gabs_forward_iv:p,tot:gabs_forward_iv:n,tot:gother_forward_cv:I,tot:gother_forward_cv:fsf,tot:gother_forward_cv:p,tot:gother_forward_cv:n,tot:gabs_forward_cv:I,tot:gabs_forward_cv:fsf,tot:gabs_forward_cv:p,tot:gabs_forward_cv:n,avg:current_IB:n_contact,avg:current_IB:p_contact,tot:current_IB:n_contact,tot:current_IB:p_contact,avg:g_IB:I,avg:g_IB:fsf,avg:g_IB:p,avg:g_IB:n,tot:g_IB:I,tot:g_IB:fsf,tot:g_IB:p,tot:g_IB:n,tot:g_opt_ci_IB:I,tot:g_opt_ci_IB:fsf,tot:g_opt_ci_IB:p,tot:g_opt_ci_IB:n,tot:g_opt_iv_IB:I,tot:g_opt_iv_IB:fsf,tot:g_opt_iv_IB:p,tot:g_opt_iv_IB:n,tot:g_opt_cv_IB:I,tot:g_opt_cv_IB:fsf,tot:g_opt_cv_IB:p,tot:g_opt_cv_IB:n,tot:g_nr_top_IB:I,tot:g_nr_top_IB:fsf,tot:g_nr_top_IB:p,tot:g_nr_top_IB:n,tot:g_nr_bottom_IB:I,tot:g_nr_bottom_IB:fsf,tot:g_nr_bottom_IB:p,tot:g_nr_bottom_IB:n,avg:current_VB:n_contact,avg:current_VB:p_contact,tot:current_VB:n_contact,tot:current_VB:p_contact,avg:g_VB:I,avg:g_VB:fsf,avg:g_VB:p,avg:g_VB:n,tot:g_VB:I,tot:g_VB:fsf,tot:g_VB:p,tot:g_VB:n,tot:g_opt_ci_VB:I,tot:g_opt_ci_VB:fsf,tot:g_opt_ci_VB:p,tot:g_opt_ci_VB:n,tot:g_opt_iv_VB:I,tot:g_opt_iv_VB:fsf,tot:g_opt_iv_VB:p,tot:g_opt_iv_VB:n,tot:g_opt_cv_VB:I,tot:g_opt_cv_VB:fsf,tot:g_opt_cv_VB:p,tot:g_opt_cv_VB:n,tot:g_nr_top_VB:I,tot:g_nr_top_VB:fsf,tot:g_nr_top_VB:p,tot:g_nr_top_VB:n,tot:g_nr_bottom_VB:I,tot:g_nr_bottom_VB:fsf,tot:g_nr_bottom_VB:p,tot:g_nr_bottom_VB:n
# ,,,,mA/cm^2,mA/cm^2,mA,mA,cm^-3/s,cm^-3/s,cm^-3/s,cm^-3/s,1/s,1/s,1/s,1/s,1/s,1/s,1/s,1/s,1/s,1/s,1/s,1/s,1/s,1/s,1/s,1/s,1/s,1/s,1/s,1/s,1/s,1/s,1/s,1/s,1/s,1/s,1/s,1/s,1/s,1/s,1/s,1/s,1/s,1/s,1/s,1/s,1/s,1/s,1/s,1/s,1/s,1/s,1/s,1/s,1/s,1/s,1/s,1/s,mA/cm^2,mA/cm^2,mA,mA,cm^-3/s,cm^-3/s,cm^-3/s,cm^-3/s,1/s,1/s,1/s,1/s,1/s,1/s,1/s,1/s,1/s,1/s,1/s,1/s,1/s,1/s,1/s,1/s,1/s,1/s,1/s,1/s,1/s,1/s,1/s,1/s,mA/cm^2,mA/cm^2,mA,mA,cm^-3/s,cm^-3/s,cm^-3/s,cm^-3/s,1/s,1/s,1/s,1/s,1/s,1/s,1/s,1/s,1/s,1/s,1/s,1/s,1/s,1/s,1/s,1/s,1/s,1/s,1/s,1/s,1/s,1/s,1/s,1/s
0.0,-1,-1,1,-31043.974477439206,0.0,-0.00031043974477439203,0.0,1.7354569738011005e+24,0.0,1.4160576421806208e+24,5.206872911914189e+23,867728486.9004545,0.0,1416057642180.6204,520687291191.41876,455983896.6436233,0.0,0.0,0.0,0.0,0.0,0.0,0.0,411979568.35162556,0.0,1416057642180.9092,520687291191.43854,-234978.0947951876,0.0,0.0,0.0,0.0,0.0,0.0,0.0,0.0,0.0,0.0,0.0,429035964.22073317,3.494981203035949e-64,2757515.601712242,24193280.07317177,0.0,0.0,0.0,0.0,431618892.4728323,4.1163520698118207e-64,3241019.679416216,21021455.90571558,0.0,0.0,0.0,0.0,411979568.3522023,62589821.105793774,1416085399914.0945,520711310380.76575,0.0,0.0,0.0,0.0,-383704900.7416195,0.0,0.0,0.0,-1.9185245037078857e-07,0.0,0.0,0.0,-455983896.6436233,0.0,0.0,0.0,455881056.1142827,0.0,0.0,0.0,0.0,0.0,0.0,0.0,234978.0947951876,0.0,0.0,0.0,-132137.56545476746,0.0,0.0,0.0,-1.0097419586828953e-17,-31043.974477438573,-1.0097419586828951e-25,-0.0003104397447743857,1.7354569738010992e+24,0.0,1.4160576421806208e+24,5.206872911914189e+23,867728486.9004539,0.0,1416057642180.6204,520687291191.41876,0.0,0.0,0.0,0.0,455881056.1142827,0.0,0.0,0.0,411979568.35162556,0.0,1416057642180.9092,520687291191.43854,0.0,0.0,0.0,0.0,-132137.56545476746,0.0,0.0,0.0
0.02,-1,-1,1,-31043.970300427147,0.0,-0.0003104397030042714,0.0,1.7354539789211967e+24,0.0,1.416057447638117e+24,5.206872265227491e+23,867726989.4605026,0.0,1416057447638.1167,520687226522.74896,455984146.37937605,0.0,0.0,0.0,0.0,0.0,0.0,0.0,411979568.3516178,0.0,1416057447638.3916,520687226522.7676,-236725.27049163086,0.0,0.0,0.0,0.0,0.0,0.0,0.0,0.0,0.0,0.0,0.0,429043360.65644026,3.4966913222649164e-64,2758838.00034579,24184832.264247444,0.0,0.0,0.0,0.0,431606843.87273645,4.113566736125751e-64,3238865.8381642043,21035216.607609443,0.0,0.0,0.0,0.0,411979568.3522032,62589821.10579379,1416085399914.095,520711310380.76715,0.0,0.0,0.0,0.0,12002885341.645613,0.0,0.0,0.0,6.0014426708221436e-06,0.0,0.0,0.0,-455984146.37937605,0.0,0.0,0.0,455880611.88845587,0.0,0.0,0.0,0.0,0.0,0.0,0.0,236725.27049163086,0.0,0.0,0.0,-133190.77956543234,0.0,0.0,0.0,-1.0097419586828953e-17,-31043.970300426437,-1.0097419586828951e-25,-0.0003104397030042643,1.7354539789212093e+24,0.0,1.416057447638117e+24,5.206872265227491e+23,867726989.4605088,0.0,1416057447638.1167,520687226522.74896,0.0,0.0,0.0,0.0,455880611.88845587,0.0,0.0,0.0,411979568.3516178,0.0,1416057447638.3916,520687226522.7676,0.0,0.0,0.0,0.0,-133190.77956543234,0.0,0.0,0.0
0.04,-1,-1,1,-31043.96608688474,0.0,-0.0003104396608688473,0.0,1.7354509160690093e+24,0.0,1.416057251444494e+24,5.206871612591449e+23,867725458.0344089,0.0,1416057251444.4937,520687161259.1448,455984401.7604432,0.0,0.0,0.0,0.0,0.0,0.0,0.0,411979568.351609,0.0,1416057251444.7537,520687161259.1619,-238512.0776437041,0.0,0.0,0.0,0.0,0.0,0.0,0.0,0.0,0.0,0.0,0.0,429050821.96224546,3.498413831598753e-64,2760169.333329573,24176316.779105417,0.0,0.0,0.0,0.0,431594689.6017673,4.1107612222230736e-64,3236697.445186378,21049087.547877636,0.0,0.0,0.0,0.0,411979568.35220325,62589821.105793804,1416085399914.0957,520711310380.76685,0.0,0.0,0.0,0.0,115878880023.9691,0.0,0.0,0.0,5.793944001197815e-05,0.0,0.0,0.0,-455984401.7604432,0.0,0.0,0.0,455880157.6218749,0.0,0.0,0.0,0.0,0.0,0.0,0.0,238512.0776437041,0.0,0.0,0.0,-134267.93901740876,0.0,0.0,0.0,-1.0097419586828953e-17,-31043.966086883975,-1.0097419586828951e-25,-0.0003104396608688397,1.7354509160691256e+24,0.0,1.416057251444494e+24,5.206871612591449e+23,867725458.0344671,0.0,1416057251444.4937,520687161259.1448,0.0,0.0,0.0,0.0,455880157.6218749,0.0,0.0,0.0,411979568.351609,0.0,1416057251444.7537,520687161259.1619,0.0,0.0,0.0,0.0,-134267.93901740876,0.0,0.0,0.0
0.06,-1,-1,1,-31043.96183599605,0.0,-0.0003104396183599605,0.0,1.735447782623495e+24,0.0,1.416057053563357e+24,5.206870953873781e+23,867723891.3116517,0.0,1416057053563.3567,520687095387.378,455984663.0029714,0.0,0.0,0.0,0.0,0.0,0.0,0.0,411979568.35159934,0.0,1416057053563.602,520687095387.394,-240340.04291979468,0.0,0.0,0.0,0.0,0.0,0.0,0.0,0.0,0.0,0.0,0.0,429058349.9381918,3.500149059885927e-64,2761509.782846237,24167731.870269813,0.0,0.0,0.0,0.0,431582426.72775555,4.1079349924962695e-64,3234514.203754648,21063071.572990794,0.0,0.0,0.0,0.0,411979568.3522027,62589821.10579381,1416085399914.0955,520711310380.7664,0.0,0.0,0.0,0.0,52765011787.42037,0.0,0.0,0.0,2.6382505893707275e-05,0.0,0.0,0.0,-455984663.0029714,0.0,0.0,0.0,455879692.92992705,0.0,0.0,0.0,0.0,0.0,0.0,0.0,240340.04291979468,0.0,0.0,0.0,-135369.96984911046,0.0,0.0,0.0,-5.048709793414476e-18,-31043.961835995375,-5.0487097934144756e-26,-0.0003104396183599537,1.7354477826235474e+24,0.0,1.416057053563357e+24,5.206870953873781e+23,867723891.3116779,0.0,1416057053563.3567,520687095387.378,0.0,0.0,0.0,0.0,455879692.92992705,0.0,0.0,0.0,411979568.35159934,0.0,1416057053563.602,520687095387.394,0.0,0.0,0.0,0.0,-135369.96984911046,0.0,0.0,0.0
0.08,-1,-1,1,-31043.9575469146,0.0,-0.00031043957546914594,0.0,1.7354445758171085e+24,0.0,1.41605685395697e+24,5.206870288937317e+23,867722287.9084585,0.0,1416056853956.9697,520687028893.73157,455984930.33449614,0.0,0.0,0.0,0.0,0.0,0.0,0.0,411979568.35158956,0.0,1416056853957.1995,520687028893.74603,-242210.77762781706,0.0,0.0,0.0,0.0,0.0,0.0,0.0,0.0,0.0,0.0,0.0,429065946.33427405,3.5018973364875456e-64,2762859.546121175,24159075.837690026,0.0,0.0,0.0,0.0,431570052.4000567,4.105087510502863e-64,3232315.7926402884,21077171.45217186,0.0,0.0,0.0,0.0,411979568.3522024,62589821.105793804,1416085399914.0945,520711310380.7659,0.0,0.0,0.0,0.0,87372958660.13538,0.0,0.0,0.0,4.3686479330062866e-05,0.0,0.0,0.0,-455984930.33449614,0.0,0.0,0.0,455879217.407652,0.0,0.0,0.0,0.0,0.0,0.0,0.0,242210.77762781706,0.0,0.0,0.0,-136497.85074020352,0.0,0.0,0.0,-7.573064690121715e-18,-31043.95754691384,-7.573064690121713e-26,-0.00031043957546913835,1.7354445758171963e+24,0.0,1.41605685395697e+24,5.206870288937317e+23,867722287.9085023,0.0,1416056853956.9697,520687028893.73157,0.0,0.0,0.0,0.0,455879217.407652,0.0,0.0,0.0,411979568.35158956,0.0,1416056853957.1995,520687028893.74603,0.0,0.0,0.0,0.0,-136497.85074020352,0.0,0.0,0.0
0.1,-1,-1,1,-31043.953218760933,0.0,-0.0003104395321876093,0.0,1.73544129272388e+24,0.0,1.4160566525861597e+24,5.2068696176396066e+23,867720646.3618443,0.0,1416056652586.1594,520686961763.9605,455985203.9948536,0.0,0.0,0.0,0.0,0.0,0.0,0.0,411979568.35157955,0.0,1416056652586.375,520686961763.97406,-244125.98458953376,0.0,0.0,0.0,0.0,0.0,0.0,0.0,0.0,0.0,0.0,0.0,429073612.8311446,3.503658988874762e-64,2764218.8375063026,24150347.04694727,0.0,0.0,0.0,0.0,431557563.88097084,4.102218242878631e-64,3230101.862719912,21091389.84773985,0.0,0.0,0.0,0.0,411979568.35220206,62589821.105793804,1416085399914.094,520711310380.7655,0.0,0.0,0.0,0.0,3803521394.7300344,0.0,0.0,0.0,1.9017606973648071e-06,0.0,0.0,0.0,-455985203.9948536,0.0,0.0,0.0,455878730.6280992,0.0,0.0,0.0,0.0,0.0,0.0,0.0,244125.98458953376,0.0,0.0,0.0,-137652.61783319892,0.0,0.0,0.0,-7.573064690121715e-18,-31043.953218760245,-7.573064690121713e-26,-0.0003104395321876024,1.735441292723884e+24,0.0,1.4160566525861597e+24,5.2068696176396066e+23,867720646.3618462,0.0,1416056652586.1594,520686961763.9605,0.0,0.0,0.0,0.0,455878730.6280992,0.0,0.0,0.0,411979568.35157955,0.0,1416056652586.375,520686961763.97406,0.0,0.0,0.0,0.0,-137652.61783319892,0.0,0.0,0.0
0.12,-1,-1,1,-31043.9488506222,0.0,-0.00031043948850622194,0.0,1.7354379302464156e+24,0.0,1.4160564494102815e+24,5.206868939832796e+23,867718965.1231121,0.0,1416056449410.2812,520686893983.2795,455985484.2366939,0.0,0.0,0.0,0.0,0.0,0.0,0.0,411979568.3515701,0.0,1416056449410.484,520686893983.29156,-246087.46515279397,0.0,0.0,0.0,0.0,0.0,0.0,0.0,0.0,0.0,0.0,0.0,429081351.02375585,3.505434340224048e-64,2765587.889740891,24141543.94494956,0.0,0.0,0.0,0.0,431544958.5723902,4.0993266632542394e-64,3227872.034921971,21105729.289544556,0.0,0.0,0.0,0.0,411979568.3522027,62589821.10579379,1416085399914.0947,520711310380.7664,0.0,0.0,0.0,0.0,5163252353.668783,0.0,0.0,0.0,2.5816261768341064e-06,0.0,0.0,0.0,-455985484.2366939,0.0,0.0,0.0,455878232.14134544,0.0,0.0,0.0,0.0,0.0,0.0,0.0,246087.46515279397,0.0,0.0,0.0,-138835.36980177436,0.0,0.0,0.0,-5.048709793414476e-18,-31043.948850621513,-5.0487097934144756e-26,-0.00031043948850621505,1.7354379302464207e+24,0.0,1.4160564494102815e+24,5.206868939832796e+23,867718965.1231146,0.0,1416056449410.2812,520686893983.2795,0.0,0.0,0.0,0.0,455878232.14134544,0.0,0.0,0.0,411979568.3515701,0.0,1416056449410.484,520686893983.29156,0.0,0.0,0.0,0.0,-138835.36980177436,0.0,0.0,0.0
0.14,-1,-1,1,-31043.944441549665,0.0,-0.0003104394444154966,0.0,1.7354344851008434e+24,0.0,1.416056244387131e+24,5.2068682553631816e+23,867717242.550326,0.0,1416056244387.1306,520686825536.31805,455985771.32640874,0.0,0.0,0.0,0.0,0.0,0.0,0.0,411979568.35155964,0.0,1416056244387.3203,520686825536.3293,-248097.12764302944,0.0,0.0,0.0,0.0,0.0,0.0,0.0,0.0,0.0,0.0,0.0,429089162.4144675,3.5072237082458376e-64,2766966.955158339,24132665.066648968,0.0,0.0,0.0,0.0,431532234.0270293,4.0964122541630746e-64,3225625.898261207,21120192.164025195,0.0,0.0,0.0,0.0,411979568.35220253,62589821.1057938,1416085399914.0955,520711310380.7661,0.0,0.0,0.0,0.0,4857778549.194872,0.0,0.0,0.0,2.428889274597168e-06,0.0,0.0,0.0,-455985771.32640874,0.0,0.0,0.0,455877721.47280335,0.0,0.0,0.0,0.0,0.0,0.0,0.0,248097.12764302944,0.0,0.0,0.0,-140047.27403538633,0.0,0.0,0.0,-1.0097419586828953e-17,-31043.94444154901,-1.0097419586828951e-25,-0.00031043944441549006,1.7354344851008474e+24,0.0,1.416056244387131e+24,5.2068682553631816e+23,867717242.5503279,0.0,1416056244387.1306,520686825536.31805,0.0,0.0,0.0,0.0,455877721.47280335,0.0,0.0,0.0,411979568.35155964,0.0,1416056244387.3203,520686825536.3293,0.0,0.0,0.0,0.0,-140047.27403538633,0.0,0.0,0.0
0.16,-1,-1,1,-31043.93999055739,0.0,-0.00031043939990557385,0.0,1.735430953799711e+24,0.0,1.416056037472883e+24,5.206867564071055e+23,867715476.8997598,0.0,1416056037472.8828,520686756407.10535,455986065.54479325,0.0,0.0,0.0,0.0,0.0,0.0,0.0,411979568.351549,0.0,1416056037473.0576,520686756407.1151,-250156.9965830647,0.0,0.0,0.0,0.0,0.0,0.0,0.0,0.0,0.0,0.0,0.0,429097048.412347,3.509027404528297e-64,2768356.306152149,24123709.036048923,0.0,0.0,0.0,0.0,431519387.949559,4.09347450811013e-64,3223363.0090797306,21134780.71256972,0.0,0.0,0.0,0.0,411979568.35220265,62589821.10579378,1416085399914.0955,520711310380.76636,0.0,0.0,0.0,0.0,4719942808.151766,0.0,0.0,0.0,2.3599714040756226e-06,0.0,0.0,0.0,-455986065.54479325,0.0,0.0,0.0,455877198.12193924,0.0,0.0,0.0,0.0,0.0,0.0,0.0,250156.9965830647,0.0,0.0,0.0,-141289.57372671657,0.0,0.0,0.0,-1.0097419586828953e-17,-31043.939990556762,-1.0097419586828951e-25,-0.0003104393999055676,1.7354309537997162e+24,0.0,1.416056037472883e+24,5.206867564071055e+23,867715476.8997624,0.0,1416056037472.8828,520686756407.10535,0.0,0.0,0.0,0.0,455877198.12193924,0.0,0.0,0.0,411979568.351549,0.0,1416056037473.0576,520686756407.1151,0.0,0.0,0.0,0.0,-141289.57372671657,0.0,0.0,0.0
0.18,-1,-1,1,-31043.935496620117,0.0,-0.0003104393549662011,0.0,1.7354273326317233e+24,0.0,1.4160558286220063e+24,5.2068668657902536e+23,867713666.3157659,0.0,1416055828622.0059,520686686579.0252,455986367.1877328,0.0,0.0,0.0,0.0,0.0,0.0,0.0,411979568.3515377,0.0,1416055828622.1685,520686686579.0342,-252269.22350555187,0.0,0.0,0.0,0.0,0.0,0.0,0.0,0.0,0.0,0.0,0.0,429105010.3412869,3.510845734929558e-64,2769756.235246546,24114674.55883467,0.0,0.0,0.0,0.0,431506418.1833875,4.090512926933065e-64,3221082.890931965,21149497.043518614,0.0,0.0,0.0,0.0,411979568.35220236,62589821.105793804,1416085399914.0947,520711310380.76575,0.0,0.0,0.0,0.0,3006309270.859096,0.0,0.0,0.0,1.5031546354293823e-06,0.0,0.0,0.0,-455986367.1877328,0.0,0.0,0.0,455876661.56092095,0.0,0.0,0.0,0.0,0.0,0.0,0.0,252269.22350555187,0.0,0.0,0.0,-142563.59669219056,0.0,0.0,0.0,-7.573064690121715e-18,-31043.935496619342,-7.573064690121713e-26,-0.0003104393549661934,1.7354273326317257e+24,0.0,1.4160558286220063e+24,5.2068668657902536e+23,867713666.315767,0.0,1416055828622.0059,520686686579.0252,0.0,0.0,0.0,0.0,455876661.56092095,0.0,0.0,0.0,411979568.3515377,0.0,1416055828622.1685,520686686579.0342,0.0,0.0,0.0,0.0,-142563.59669219056,0.0,0.0,0.0
0.2,-1,-1,1,-31043.930958670368,0.0,-0.00031043930958670363,0.0,1.7354236176372538e+24,0.0,1.4160556177871765e+24,5.2068661603479104e+23,867711808.8185312,0.0,1416055617787.1763,520686616034.7909,455986676.5666547,0.0,0.0,0.0,0.0,0.0,0.0,0.0,411979568.35152715,0.0,1416055617787.3262,520686616034.7987,-254436.09965111755,0.0,0.0,0.0,0.0,0.0,0.0,0.0,0.0,0.0,0.0,0.0,429113049.4559094,3.512679000870722e-64,2771167.054663197,24105560.407508947,0.0,0.0,0.0,0.0,431493322.6847506,4.087527019696332e-64,3218785.0352903726,21164343.15637745,0.0,0.0,0.0,0.0,411979568.35220325,62589821.105793774,1416085399914.0955,520711310380.7669,0.0,0.0,0.0,0.0,3829598426.8192706,0.0,0.0,0.0,1.914799213409424e-06,0.0,0.0,0.0,-455986676.5666547,0.0,0.0,0.0,455876111.2336021,0.0,0.0,0.0,0.0,0.0,0.0,0.0,254436.09965111755,0.0,0.0,0.0,-143870.76659660018,0.0,0.0,0.0,-7.573064690121715e-18,-31043.930958669658,-7.573064690121713e-26,-0.00031043930958669653,1.735423617637258e+24,0.0,1.4160556177871765e+24,5.2068661603479104e+23,867711808.8185332,0.0,1416055617787.1763,520686616034.7909,0.0,0.0,0.0,0.0,455876111.2336021,0.0,0.0,0.0,411979568.35152715,0.0,1416055617787.3262,520686616034.7987,0.0,0.0,0.0,0.0,-143870.76659660018,0.0,0.0,0.0
0.22,-1,-1,1,-31043.926375597614,0.0,-0.0003104392637559761,0.0,1.7354198045779744e+24,0.0,1.41605540491917e+24,5.206865447563937e+23,867709902.2888916,0.0,1416055404919.1697,520686544756.3936,455986994.0086163,0.0,0.0,0.0,0.0,0.0,0.0,0.0,411979568.3515144,0.0,1416055404919.3074,520686544756.40076,-256660.07123961503,0.0,0.0,0.0,0.0,0.0,0.0,0.0,0.0,0.0,0.0,0.0,429121166.9646448,3.514527501517045e-64,2772589.095454896,24096365.39945313,0.0,0.0,0.0,0.0,431480099.4851221,4.0845162991385585e-64,3216468.902956435,21179320.97755217,0.0,0.0,0.0,0.0,411979568.35220236,62589821.1057938,1416085399914.094,520711310380.7659,0.0,0.0,0.0,0.0,4317611455.917835,0.0,0.0,0.0,2.158805727958679e-06,0.0,0.0,0.0,-455986994.0086163,0.0,0.0,0.0,455875546.55504054,0.0,0.0,0.0,0.0,0.0,0.0,0.0,256660.07123961503,0.0,0.0,0.0,-145212.61766177826,0.0,0.0,0.0,-1.0097419586828953e-17,-31043.926375596864,-1.0097419586828951e-25,-0.0003104392637559686,1.735419804577979e+24,0.0,1.41605540491917e+24,5.206865447563937e+23,867709902.2888937,0.0,1416055404919.1697,520686544756.3936,0.0,0.0,0.0,0.0,455875546.55504054,0.0,0.0,0.0,411979568.3515144,0.0,1416055404919.3074,520686544756.40076,0.0,0.0,0.0,0.0,-145212.61766177826,0.0,0.0,0.0
0.24,-1,-1,1,-31043.921746243766,0.0,-0.0003104392174624376,0.0,1.7354158888983953e+24,0.0,1.4160551899667635e+24,5.206864727250762e+23,867707944.4491019,0.0,1416055189966.7632,520686472725.0761,455987319.85582066,0.0,0.0,0.0,0.0,0.0,0.0,0.0,411979568.3515024,0.0,1416055189966.8906,520686472725.08264,-258943.75822148,0.0,0.0,0.0,0.0,0.0,0.0,0.0,0.0,0.0,0.0,0.0,429129364.0587306,3.5163915367639105e-64,2774022.7062899647,24087088.368889682,0.0,0.0,0.0,0.0,431466746.6439723,4.081480276809135e-64,3214133.926040573,21194432.40601935,0.0,0.0,0.0,0.0,411979568.35220265,62589821.10579378,1416085399914.095,520711310380.76587,0.0,0.0,0.0,0.0,3475695848.4653497,0.0,0.0,0.0,1.737847924232483e-06,0.0,0.0,0.0,-455987319.85582066,0.0,0.0,0.0,455874966.9118664,0.0,0.0,0.0,0.0,0.0,0.0,0.0,258943.75822148,0.0,0.0,0.0,-146590.81426564718,0.0,0.0,0.0,-5.048709793414476e-18,-31043.921746243057,-5.0487097934144756e-26,-0.0003104392174624305,1.735415888898399e+24,0.0,1.4160551899667635e+24,5.206864727250762e+23,867707944.4491038,0.0,1416055189966.7632,520686472725.0761,0.0,0.0,0.0,0.0,455874966.9118664,0.0,0.0,0.0,411979568.3515024,0.0,1416055189966.8906,520686472725.08264,0.0,0.0,0.0,0.0,-146590.81426564718,0.0,0.0,0.0
0.26,-1,-1,1,-31043.91706940141,0.0,-0.000310439170694014,0.0,1.73541186567629e+24,0.0,1.4160549728766003e+24,5.206863999212779e+23,867705932.8380492,0.0,1416054972876.5999,520686399921.27783,455987654.4643153,0.0,0.0,0.0,0.0,0.0,0.0,0.0,411979568.35148954,0.0,1416054972876.716,520686399921.2835,-261289.9777562724,0.0,0.0,0.0,0.0,0.0,0.0,0.0,0.0,0.0,0.0,0.0,429137641.9454673,3.5182714109063585e-64,2775468.251996722,24077728.134065084,0.0,0.0,0.0,0.0,431453262.19460285,4.07841845709164e-64,3211779.5103327804,21209679.366780836,0.0,0.0,0.0,0.0,411979568.35220253,62589821.1057938,1416085399914.0945,520711310380.76575,0.0,0.0,0.0,0.0,5140900611.878009,0.0,0.0,0.0,2.5704503059387207e-06,0.0,0.0,0.0,-455987654.4643153,0.0,0.0,0.0,455874371.6638734,0.0,0.0,0.0,0.0,0.0,0.0,0.0,261289.9777562724,0.0,0.0,0.0,-148007.1773117032,0.0,0.0,0.0,-5.048709793414476e-18,-31043.91706940069,-5.0487097934144756e-26,-0.00031043917069400686,1.735411865676295e+24,0.0,1.4160549728766003e+24,5.206863999212779e+23,867705932.8380518,0.0,1416054972876.5999,520686399921.27783,0.0,0.0,0.0,0.0,455874371.6638734,0.0,0.0,0.0,411979568.35148954,0.0,1416054972876.716,520686399921.2835,0.0,0.0,0.0,0.0,-148007.1773117032,0.0,0.0,0.0
0.28,-1,-1,1,-31043.91234380926,0.0,-0.00031043912343809257,0.0,1.7354077295578418e+24,0.0,1.416054753593061e+24,5.2068632632459e+23,867703864.778825,0.0,1416054753593.0605,520686326324.5899,455987998.2015228,0.0,0.0,0.0,0.0,0.0,0.0,0.0,411979568.3514761,0.0,1416054753593.1646,520686326324.5949,-263701.7741741901,0.0,0.0,0.0,0.0,0.0,0.0,0.0,0.0,0.0,0.0,0.0,429146001.8836557,3.5201674368391105e-64,2776926.111999154,24068283.46127239,0.0,0.0,0.0,0.0,431439644.0864186,4.07533033036299e-64,3209405.037850534,21225063.869466946,0.0,0.0,0.0,0.0,411979568.3522023,62589821.105793774,1416085399914.0938,520711310380.76587,0.0,0.0,0.0,0.0,4339963197.708609,0.0,0.0,0.0,2.169981598854065e-06,0.0,0.0,0.0,-455987998.2015228,0.0,0.0,0.0,455873760.1473619,0.0,0.0,0.0,0.0,0.0,0.0,0.0,263701.7741741901,0.0,0.0,0.0,-149463.720011157,0.0,0.0,0.0,-1.0097419586828953e-17,-31043.912343808566,-1.0097419586828951e-25,-0.0003104391234380856,1.7354077295578466e+24,0.0,1.416054753593061e+24,5.2068632632459e+23,867703864.7788275,0.0,1416054753593.0605,520686326324.5899,0.0,0.0,0.0,0.0,455873760.1473619,0.0,0.0,0.0,411979568.3514761,0.0,1416054753593.1646,520686326324.5949,0.0,0.0,0.0,0.0,-149463.720011157,0.0,0.0,0.0
0.3,-1,-1,1,-31043.907568149283,0.0,-0.0003104390756814928,0.0,1.7354034746712582e+24,0.0,1.4160545320581165e+24,5.2068625191370346e+23,867701737.3355334,0.0,1416054532058.1162,520686251913.70337,455988351.44203985,0.0,0.0,0.0,0.0,0.0,0.0,0.0,411979568.3514631,0.0,1416054532058.2104,520686251913.7075,-266182.45797033043,0.0,0.0,0.0,0.0,0.0,0.0,0.0,0.0,0.0,0.0,0.0,429154445.2187624,3.522079940610479e-64,2778396.6787861544,24058753.027491778,0.0,0.0,0.0,0.0,431425890.12764966,4.072215365576376e-64,3207009.869332002,21240588.0691905,0.0,0.0,0.0,0.0,411979568.352203,62589821.105793804,1416085399914.0957,520711310380.76636,0.0,0.0,0.0,0.0,5103647708.893386,0.0,0.0,0.0,2.551823854446411e-06,0.0,0.0,0.0,-455988351.44203985,0.0,0.0,0.0,455873131.68108934,0.0,0.0,0.0,0.0,0.0,0.0,0.0,266182.45797033043,0.0,0.0,0.0,-150962.6970172929,0.0,0.0,0.0,-7.573064690121715e-18,-31043.907568148516,-7.573064690121713e-26,-0.00031043907568148514,1.7354034746712635e+24,0.0,1.4160545320581165e+24,5.2068625191370346e+23,867701737.335536,0.0,1416054532058.1162,520686251913.70337,0.0,0.0,0.0,0.0,455873131.68108934,0.0,0.0,0.0,411979568.3514631,0.0,1416054532058.2104,520686251913.7075,0.0,0.0,0.0,0.0,-150962.6970172929,0.0,0.0,0.0
0.32,-1,-1,1,-31043.90274104162,0.0,-0.00031043902741041614,0.0,1.7353990945095302e+24,0.0,1.4160543082111577e+24,5.206861766663511e+23,867699547.2546693,0.0,1416054308211.1575,520686176666.35095,455988714.5608216,0.0,0.0,0.0,0.0,0.0,0.0,0.0,411979568.35144883,0.0,1416054308211.2422,520686176666.35455,-268735.65760180843,0.0,0.0,0.0,0.0,0.0,0.0,0.0,0.0,0.0,0.0,0.0,429162973.414966,3.5240092661336497e-64,2779880.3565601506,24049135.383511174,0.0,0.0,0.0,0.0,431411997.93314433,4.069073002587847e-64,3204593.346437037,21256254.326618794,0.0,0.0,0.0,0.0,411979568.35220313,62589821.1057938,1416085399914.0955,520711310380.7667,0.0,0.0,0.0,0.0,3386288881.3022537,0.0,0.0,0.0,1.69314444065094e-06,0.0,0.0,0.0,-455988714.5608216,0.0,0.0,0.0,455872485.5761782,0.0,0.0,0.0,0.0,0.0,0.0,0.0,268735.65760180843,0.0,0.0,0.0,-152506.67295673865,0.0,0.0,0.0,-1.0097419586828953e-17,-31043.902741040834,-1.0097419586828951e-25,-0.0003104390274104083,1.7353990945095334e+24,0.0,1.4160543082111577e+24,5.206861766663511e+23,867699547.2546709,0.0,1416054308211.1575,520686176666.35095,0.0,0.0,0.0,0.0,455872485.5761782,0.0,0.0,0.0,411979568.35144883,0.0,1416054308211.2422,520686176666.35455,0.0,0.0,0.0,0.0,-152506.67295673865,0.0,0.0,0.0
0.34,-1,-1,1,-31043.89786103945,0.0,-0.00031043897861039445,0.0,1.7353945817683494e+24,0.0,1.4160540819888227e+24,5.2068610055924694e+23,867697290.884079,0.0,1416054081988.8223,520686100559.2468,455989087.92231226,0.0,0.0,0.0,0.0,0.0,0.0,0.0,411979568.3514335,0.0,1416054081988.8997,520686100559.24994,-271365.3896674356,0.0,0.0,0.0,0.0,0.0,0.0,0.0,0.0,0.0,0.0,0.0,429171588.08080196,3.525955779844315e-64,2781377.5602003136,24039428.919302516,0.0,0.0,0.0,0.0,431397964.8826072,4.065902644570192e-64,3202154.7934358623,21272065.264372494,0.0,0.0,0.0,0.0,411979568.35220265,62589821.10579381,1416085399914.095,520711310380.7663,0.0,0.0,0.0,0.0,6698071956.635261,0.0,0.0,0.0,3.3490359783172607e-06,0.0,0.0,0.0,-455989087.92231226,0.0,0.0,0.0,455871821.1522072,0.0,0.0,0.0,0.0,0.0,0.0,0.0,271365.3896674356,0.0,0.0,0.0,-154098.61955900968,0.0,0.0,0.0,-7.573064690121715e-18,-31043.897861038684,-7.573064690121713e-26,-0.0003104389786103868,1.7353945817683561e+24,0.0,1.4160540819888227e+24,5.2068610055924694e+23,867697290.8840823,0.0,1416054081988.8223,520686100559.2468,0.0,0.0,0.0,0.0,455871821.1522072,0.0,0.0,0.0,411979568.3514335,0.0,1416054081988.8997,520686100559.24994,0.0,0.0,0.0,0.0,-154098.61955900968,0.0,0.0,0.0
0.36,-1,-1,1,-31043.892926623146,0.0,-0.0003104389292662314,0.0,1.7353899281184878e+24,0.0,1.4160538533248063e+24,5.2068602356802277e+23,867694964.0591481,0.0,1416053853324.806,520686023568.02264,455989471.86337626,0.0,0.0,0.0,0.0,0.0,0.0,0.0,411979568.35141814,0.0,1416053853324.874,520686023568.0253,-274076.1556471043,0.0,0.0,0.0,0.0,0.0,0.0,0.0,0.0,0.0,0.0,0.0,429180290.98470616,3.527919875093353e-64,2782888.7146538263,24029631.83319934,0.0,0.0,0.0,0.0,431383788.0952712,4.062703650858452e-64,3199693.518200548,21288023.817231093,0.0,0.0,0.0,0.0,411979568.3522027,62589821.1057938,1416085399914.095,520711310380.7661,0.0,0.0,0.0,0.0,4533678293.22865,0.0,0.0,0.0,2.2668391466140747e-06,0.0,0.0,0.0,-455989471.86337626,0.0,0.0,0.0,455871137.7627561,0.0,0.0,0.0,0.0,0.0,0.0,0.0,274076.1556471043,0.0,0.0,0.0,-155742.05502472143,0.0,0.0,0.0,-1.0097419586828953e-17,-31043.892926622513,-1.0097419586828951e-25,-0.0003104389292662251,1.7353899281184913e+24,0.0,1.4160538533248063e+24,5.2068602356802277e+23,867694964.05915,0.0,1416053853324.806,520686023568.02264,0.0,0.0,0.0,0.0,455871137.7627561,0.0,0.0,0.0,411979568.35141814,0.0,1416053853324.874,520686023568.0253,0.0,0.0,0.0,0.0,-155742.05502472143,0.0,0.0,0.0
0.38,-1,-1,1,-31043.887936193354,0.0,-0.0003104388793619335,0.0,1.7353851238826385e+24,0.0,1.4160536221496392e+24,5.206859456671491e+23,867692561.9412234,0.0,1416053622149.639,520685945667.1489,455989866.66691065,0.0,0.0,0.0,0.0,0.0,0.0,0.0,411979568.3514026,0.0,1416053622149.6995,520685945667.1508,-276873.0770906894,0.0,0.0,0.0,0.0,0.0,0.0,0.0,0.0,0.0,0.0,0.0,429189084.0562817,3.529901976078899e-64,2784414.2548307227,24019742.105992716,0.0,0.0,0.0,0.0,431369464.4278389,4.059475330545627e-64,3197208.812376246,21304133.27432885,0.0,0.0,0.0,0.0,411979568.35220325,62589821.10579381,1416085399914.0957,520711310380.767,0.0,0.0,0.0,0.0,6739050149.918346,0.0,0.0,0.0,3.3695250749588013e-06,0.0,0.0,0.0,-455989866.66691065,0.0,0.0,0.0,455870434.8352361,0.0,0.0,0.0,0.0,0.0,0.0,0.0,276873.0770906894,0.0,0.0,0.0,-157441.24541268605,0.0,0.0,0.0,-7.573064690121715e-18,-31043.887936192612,-7.573064690121713e-26,-0.0003104388793619261,1.735385123882645e+24,0.0,1.4160536221496392e+24,5.206859456671491e+23,867692561.9412267,0.0,1416053622149.639,520685945667.1489,0.0,0.0,0.0,0.0,455870434.8352361,0.0,0.0,0.0,411979568.3514026,0.0,1416053622149.6995,520685945667.1508,0.0,0.0,0.0,0.0,-157441.24541268605,0.0,0.0,0.0
0.4,-1,-1,1,-31043.88288806177,0.0,-0.00031043882888061764,0.0,1.7353801575733338e+24,0.0,1.4160533883904652e+24,5.206858668298574e+23,867690078.786571,0.0,1416053388390.4648,520685866829.8573,455990272.5217291,0.0,0.0,0.0,0.0,0.0,0.0,0.0,411979568.35138464,0.0,1416053388390.5195,520685866829.8586,-279762.0865435194,0.0,0.0,0.0,0.0,0.0,0.0,0.0,0.0,0.0,0.0,0.0,429197969.3685249,3.531902541153379e-64,2785954.626030514,24009757.480488647,0.0,0.0,0.0,0.0,431354990.50343096,4.0562169370963646e-64,3194699.950686329,21320397.31245366,0.0,0.0,0.0,0.0,411979568.3522022,62589821.105793804,1416085399914.0945,520711310380.7655,0.0,0.0,0.0,0.0,6042420864.105891,0.0,0.0,0.0,3.0212104320526123e-06,0.0,0.0,0.0,-455990272.5217291,0.0,0.0,0.0,455869711.93175167,0.0,0.0,0.0,0.0,0.0,0.0,0.0,279762.0865435194,0.0,0.0,0.0,-159201.4965629772,0.0,0.0,0.0,-1.0097419586828953e-17,-31043.882888061118,-1.0097419586828951e-25,-0.00031043882888061113,1.7353801575733394e+24,0.0,1.4160533883904652e+24,5.206858668298574e+23,867690078.7865739,0.0,1416053388390.4648,520685866829.8573,0.0,0.0,0.0,0.0,455869711.93175167,0.0,0.0,0.0,411979568.35138464,0.0,1416053388390.5195,520685866829.8586,0.0,0.0,0.0,0.0,-159201.4965629772,0.0,0.0,0.0
0.42,-1,-1,1,-31043.877780441177,0.0,-0.0003104387778044117,0.0,1.7353750152285345e+24,0.0,1.416053151970801e+24,5.206857870280597e+23,867687507.6141715,0.0,1416053151970.8005,520685787028.05963,455990689.4623037,0.0,0.0,0.0,0.0,0.0,0.0,0.0,411979568.3513676,0.0,1416053151970.8477,520685787028.06085,-282750.1995003285,0.0,0.0,0.0,0.0,0.0,0.0,0.0,0.0,0.0,0.0,0.0,429206949.0950569,3.533922065381253e-64,2787510.2848741324,23999675.446402427,0.0,0.0,0.0,0.0,431340362.78125745,4.052927664181093e-64,3192166.189414545,21336820.020653587,0.0,0.0,0.0,0.0,411979568.3522029,62589821.10579385,1416085399914.0955,520711310380.7661,0.0,0.0,0.0,0.0,6709247827.530648,0.0,0.0,0.0,3.3546239137649536e-06,0.0,0.0,0.0,-455990689.4623037,0.0,0.0,0.0,455868968.8408644,0.0,0.0,0.0,0.0,0.0,0.0,0.0,282750.1995003285,0.0,0.0,0.0,-161029.57805770266,0.0,0.0,0.0,-7.573064690121715e-18,-31043.877780440424,-7.573064690121713e-26,-0.0003104387778044042,1.7353750152285412e+24,0.0,1.416053151970801e+24,5.206857870280597e+23,867687507.6141748,0.0,1416053151970.8005,520685787028.05963,0.0,0.0,0.0,0.0,455868968.8408644,0.0,0.0,0.0,411979568.3513676,0.0,1416053151970.8477,520685787028.06085,0.0,0.0,0.0,0.0,-161029.57805770266,0.0,0.0,0.0
0.44,-1,-1,1,-31043.872611431154,0.0,-0.0003104387261143115,0.0,1.7353696794515232e+24,0.0,1.416052912810251e+24,5.206857062322448e+23,867684839.7256658,0.0,1416052912810.2507,520685706232.2447,455991117.27892107,0.0,0.0,0.0,0.0,0.0,0.0,0.0,411979568.35134876,0.0,1416052912810.291,520685706232.2455,-285845.9046046802,0.0,0.0,0.0,0.0,0.0,0.0,0.0,0.0,0.0,0.0,0.0,429216025.43428195,3.535961082253014e-64,2789081.7006536643,23989493.22976074,0.0,0.0,0.0,0.0,431325577.68015707,4.0496066428843434e-64,3189606.7642066195,21353405.917501386,0.0,0.0,0.0,0.0,411979568.35220253,62589821.10579376,1416085399914.0945,520711310380.76587,0.0,0.0,0.0,0.0,3539025783.539209,0.0,0.0,0.0,1.7695128917694092e-06,0.0,0.0,0.0,-455991117.27892107,0.0,0.0,0.0,455868205.714738,0.0,0.0,0.0,0.0,0.0,0.0,0.0,285845.9046046802,0.0,0.0,0.0,-162934.340419943,0.0,0.0,0.0,-7.573064690121715e-18,-31043.872611430503,-7.573064690121713e-26,-0.000310438726114305,1.7353696794515264e+24,0.0,1.416052912810251e+24,5.206857062322448e+23,867684839.7256674,0.0,1416052912810.2507,520685706232.2447,0.0,0.0,0.0,0.0,455868205.714738,0.0,0.0,0.0,411979568.35134876,0.0,1416052912810.291,520685706232.2455,0.0,0.0,0.0,0.0,-162934.340419943,0.0,0.0,0.0
0.46,-1,-1,1,-31043.867379001636,0.0,-0.0003104386737900163,0.0,1.7353641280171369e+24,0.0,1.416052670824239e+24,5.206856244113807e+23,867682064.0084727,0.0,1416052670824.2388,520685624411.38055,455991555.3840804,0.0,0.0,0.0,0.0,0.0,0.0,0.0,411979568.3513293,0.0,1416052670824.2727,520685624411.381,-289059.72693745175,0.0,0.0,0.0,0.0,0.0,0.0,0.0,0.0,0.0,0.0,0.0,429225200.4886377,3.538020164474131e-64,2790669.3569512046,23979207.78529305,0.0,0.0,0.0,0.0,431310631.7752815,4.046252940419804e-64,3187020.8874335196,21370159.963489518,0.0,0.0,0.0,0.0,411979568.3522027,62589821.10579381,1416085399914.0955,520711310380.7665,0.0,0.0,0.0,0.0,5677342414.856584,0.0,0.0,0.0,2.8386712074279785e-06,0.0,0.0,0.0,-455991555.3840804,0.0,0.0,0.0,455867423.2734534,0.0,0.0,0.0,0.0,0.0,0.0,0.0,289059.72693745175,0.0,0.0,0.0,-164927.6163075967,0.0,0.0,0.0,-7.573064690121715e-18,-31043.86737900097,-7.573064690121713e-26,-0.00031043867379000964,1.7353641280171433e+24,0.0,1.416052670824239e+24,5.206856244113807e+23,867682064.0084759,0.0,1416052670824.2388,520685624411.38055,0.0,0.0,0.0,0.0,455867423.2734534,0.0,0.0,0.0,411979568.3513293,0.0,1416052670824.2727,520685624411.381,0.0,0.0,0.0,0.0,-164927.6163075967,0.0,0.0,0.0
0.48,-1,-1,1,-31043.862080968822,0.0,-0.0003104386208096882,0.0,1.7353583318408987e+24,0.0,1.41605242592368e+24,5.206855415327983e+23,867679165.9203535,0.0,1416052425923.6797,520685541532.79816,455992002.6141,0.0,0.0,0.0,0.0,0.0,0.0,0.0,411979568.35130847,0.0,1416052425923.7095,520685541532.7984,-292405.0450553929,0.0,0.0,0.0,0.0,0.0,0.0,0.0,0.0,0.0,0.0,0.0,429234476.08136666,3.540099923745383e-64,2792273.753308339,23968815.789553463,0.0,0.0,0.0,0.0,431295522.09657216,4.042865560488039e-64,3184407.7454724247,21387087.572237637,0.0,0.0,0.0,0.0,411979568.35220253,62589821.10579381,1416085399914.0952,520711310380.76605,0.0,0.0,0.0,0.0,4917383193.970269,0.0,0.0,0.0,2.4586915969848633e-06,0.0,0.0,0.0,-455992002.6141,0.0,0.0,0.0,455866623.1088606,0.0,0.0,0.0,0.0,0.0,0.0,0.0,292405.0450553929,0.0,0.0,0.0,-167025.53981363183,0.0,0.0,0.0,-5.048709793414476e-18,-31043.862080968163,-5.0487097934144756e-26,-0.0003104386208096816,1.7353583318409038e+24,0.0,1.41605242592368e+24,5.206855415327983e+23,867679165.9203562,0.0,1416052425923.6797,520685541532.79816,0.0,0.0,0.0,0.0,455866623.1088606,0.0,0.0,0.0,411979568.35130847,0.0,1416052425923.7095,520685541532.7984,0.0,0.0,0.0,0.0,-167025.53981363183,0.0,0.0,0.0
0.5,-1,-1,1,-31043.856714964633,0.0,-0.00031043856714964627,0.0,1.7353522520121546e+24,0.0,1.4160521780146476e+24,5.206854575620705e+23,867676126.0059814,0.0,1416052178014.6472,520685457562.0704,455992456.9349312,0.0,0.0,0.0,0.0,0.0,0.0,0.0,411979568.35128653,0.0,1416052178014.6724,520685457562.0704,-295899.28023715527,0.0,0.0,0.0,0.0,0.0,0.0,0.0,0.0,0.0,0.0,0.0,429243853.48462355,3.542201009421775e-64,2793895.4066455523,23958313.631699596,0.0,0.0,0.0,0.0,431280246.5716374,4.0394434454608307e-64,3181766.4963947367,21404194.625516146,0.0,0.0,0.0,0.0,411979568.35220265,62589821.105793804,1416085399914.0952,520711310380.76636,0.0,0.0,0.0,0.0,5412846803.665758,0.0,0.0,0.0,2.7064234018325806e-06,0.0,0.0,0.0,-455992456.9349312,0.0,0.0,0.0,455865808.1355984,0.0,0.0,0.0,0.0,0.0,0.0,0.0,295899.28023715527,0.0,0.0,0.0,-169250.48090161424,0.0,0.0,0.0,-7.573064690121715e-18,-31043.856714963837,-7.573064690121713e-26,-0.00031043856714963835,1.7353522520121597e+24,0.0,1.4160521780146476e+24,5.206854575620705e+23,867676126.0059841,0.0,1416052178014.6472,520685457562.0704,0.0,0.0,0.0,0.0,455865808.1355984,0.0,0.0,0.0,411979568.35128653,0.0,1416052178014.6724,520685457562.0704,0.0,0.0,0.0,0.0,-169250.48090161424,0.0,0.0,0.0
0.52,-1,-1,1,-31043.85127839326,0.0,-0.00031043851278393257,0.0,1.73534583545262e+24,0.0,1.416051926998002e+24,5.2068537246287305e+23,867672917.7262142,0.0,1416051926998.0015,520685372462.8729,455992915.00694716,0.0,0.0,0.0,0.0,0.0,0.0,0.0,411979568.3512629,0.0,1416051926998.0227,520685372462.87244,-299565.6319965063,0.0,0.0,0.0,0.0,0.0,0.0,0.0,0.0,0.0,0.0,0.0,429253333.0202172,3.5443241058731e-64,2795534.8520298237,23947697.397919323,0.0,0.0,0.0,0.0,431264804.67612195,4.035985480680065e-64,3179096.2687159814,21421487.49861965,0.0,0.0,0.0,0.0,411979568.3522028,62589821.1057938,1416085399914.0955,520711310380.7664,0.0,0.0,0.0,0.0,4021450877.1900806,0.0,0.0,0.0,2.010725438594818e-06,0.0,0.0,0.0,-455992915.00694716,0.0,0.0,0.0,455864983.25889134,0.0,0.0,0.0,0.0,0.0,0.0,0.0,299565.6319965063,0.0,0.0,0.0,-171633.88393859164,0.0,0.0,0.0,-1.0097419586828953e-17,-31043.851278392594,-1.0097419586828951e-25,-0.0003104385127839259,1.735345835452624e+24,0.0,1.416051926998002e+24,5.2068537246287305e+23,867672917.7262162,0.0,1416051926998.0015,520685372462.8729,0.0,0.0,0.0,0.0,455864983.25889134,0.0,0.0,0.0,411979568.3512629,0.0,1416051926998.0227,520685372462.87244,0.0,0.0,0.0,0.0,-171633.88393859164,0.0,0.0,0.0
0.54,-1,-1,1,-31043.845768371935,0.0,-0.00031043845768371933,0.0,1.7353390085551232e+24,0.0,1.4160516727689802e+24,5.206852861968352e+23,867669504.2774658,0.0,1416051672768.98,520685286196.835,455993371.54220545,0.0,0.0,0.0,0.0,0.0,0.0,0.0,411979568.35123694,0.0,1416051672768.9968,520685286196.83417,-303435.61597722245,0.0,0.0,0.0,0.0,0.0,0.0,0.0,0.0,0.0,0.0,0.0,429262913.4752103,3.546469928231178e-64,2797192.642260696,23936962.844431963,0.0,0.0,0.0,0.0,431249198.3856436,4.03249050138446e-64,3176396.1620699437,21438973.104353286,0.0,0.0,0.0,0.0,411979568.35220253,62589821.105793774,1416085399914.0945,520711310380.76624,0.0,0.0,0.0,0.0,3522261977.1961284,0.0,0.0,0.0,1.7611309885978699e-06,0.0,0.0,0.0,-455993371.54220545,0.0,0.0,0.0,455864156.3613025,0.0,0.0,0.0,0.0,0.0,0.0,0.0,303435.61597722245,0.0,0.0,0.0,-174220.43507252852,0.0,0.0,0.0,-1.0097419586828953e-17,-31043.845768371262,-1.0097419586828951e-25,-0.0003104384576837126,1.7353390085551264e+24,0.0,1.4160516727689802e+24,5.206852861968352e+23,867669504.2774675,0.0,1416051672768.98,520685286196.835,0.0,0.0,0.0,0.0,455864156.3613025,0.0,0.0,0.0,411979568.35123694,0.0,1416051672768.9968,520685286196.83417,0.0,0.0,0.0,0.0,-174220.43507252852,0.0,0.0,0.0
0.56,-1,-1,1,-31043.84018164619,0.0,-0.00031043840181646184,0.0,1.7353316678525186e+24,0.0,1.4160514152167587e+24,5.206851987233764e+23,867665833.9261634,0.0,1416051415216.7583,520685198723.3763,455993818.35623014,0.0,0.0,0.0,0.0,0.0,0.0,0.0,411979568.3512089,0.0,1416051415216.7722,520685198723.3754,-307552.78127644333,0.0,0.0,0.0,0.0,0.0,0.0,0.0,0.0,0.0,0.0,0.0,429272591.24609363,3.5486392159642525e-64,2798869.345570964,23926105.352692235,0.0,0.0,0.0,0.0,431233433.5698657,4.028957303175028e-64,3173665.250953654,21456658.966012605,0.0,0.0,0.0,0.0,411979568.35220283,62589821.105793774,1416085399914.0952,520711310380.7664,0.0,0.0,0.0,0.0,2942979335.785237,0.0,0.0,0.0,1.471489667892456e-06,0.0,0.0,0.0,-455993818.35623014,0.0,0.0,0.0,455863339.7590821,0.0,0.0,0.0,0.0,0.0,0.0,0.0,307552.78127644333,0.0,0.0,0.0,-177074.18412683386,0.0,0.0,0.0,-7.573064690121715e-18,-31043.840181645526,-7.573064690121713e-26,-0.00031043840181645523,1.7353316678525218e+24,0.0,1.4160514152167587e+24,5.206851987233764e+23,867665833.9261651,0.0,1416051415216.7583,520685198723.3763,0.0,0.0,0.0,0.0,455863339.7590821,0.0,0.0,0.0,411979568.3512089,0.0,1416051415216.7722,520685198723.3754,0.0,0.0,0.0,0.0,-177074.18412683386,0.0,0.0,0.0
0.58,-1,-1,1,-31043.834514468715,0.0,-0.0003104383451446871,0.0,1.7353236663179602e+24,0.0,1.416051154223951e+24,5.206851099995212e+23,867661833.1588843,0.0,1416051154223.9507,520685109999.5211,455994242.96984196,0.0,0.0,0.0,0.0,0.0,0.0,0.0,411979568.35117686,0.0,1416051154223.9612,520685109999.52014,-311978.1621354313,0.0,0.0,0.0,0.0,0.0,0.0,0.0,0.0,0.0,0.0,0.0,429282359.0829891,3.55083272333575e-64,2800565.5404832778,23915119.85858926,0.0,0.0,0.0,0.0,431217522.0380901,4.025384657555365e-64,3170902.5931046507,21474553.33272778,0.0,0.0,0.0,0.0,411979568.3522024,62589821.105793774,1416085399914.094,520711310380.7659,0.0,0.0,0.0,0.0,3688037395.477702,0.0,0.0,0.0,1.8440186977386475e-06,0.0,0.0,0.0,-455994242.96984196,0.0,0.0,0.0,455862552.3502393,0.0,0.0,0.0,0.0,0.0,0.0,0.0,311978.1621354313,0.0,0.0,0.0,-180287.54253093296,0.0,0.0,0.0,-1.0097419586828953e-17,-31043.834514468035,-1.0097419586828951e-25,-0.0003104383451446803,1.7353236663179632e+24,0.0,1.416051154223951e+24,5.206851099995212e+23,867661833.1588857,0.0,1416051154223.9507,520685109999.5211,0.0,0.0,0.0,0.0,455862552.3502393,0.0,0.0,0.0,411979568.35117686,0.0,1416051154223.9612,520685109999.52014,0.0,0.0,0.0,0.0,-180287.54253093296,0.0,0.0,0.0
0.6,-1,-1,1,-31043.828762427067,0.0,-0.00031043828762427066,0.0,1.7353147932381917e+24,0.0,1.4160508896660776e+24,5.206850199797023e+23,867657396.6190002,0.0,1416050889666.0771,520685019979.70215,455994626.5485208,0.0,0.0,0.0,0.0,0.0,0.0,0.0,411979568.3511408,0.0,1416050889666.0845,520685019979.70056,-316798.2806619741,0.0,0.0,0.0,0.0,0.0,0.0,0.0,0.0,0.0,0.0,0.0,429292204.24367976,3.553051205242899e-64,2802281.806478262,23904000.744627453,0.0,0.0,0.0,0.0,431201484.5461956,4.02177133499677e-64,3168107.244700138,21492665.355114605,0.0,0.0,0.0,0.0,411979568.35220253,62589821.1057938,1416085399914.0947,520711310380.7661,0.0,0.0,0.0,0.0,5688518285.75197,0.0,0.0,0.0,2.8442591428756714e-06,0.0,0.0,0.0,-455994626.5485208,0.0,0.0,0.0,455861822.7810986,0.0,0.0,0.0,0.0,0.0,0.0,0.0,316798.2806619741,0.0,0.0,0.0,-183994.51323704942,0.0,0.0,0.0,-1.0097419586828953e-17,-31043.828762426427,-1.0097419586828951e-25,-0.00031043828762426426,1.735314793238197e+24,0.0,1.4160508896660776e+24,5.206850199797023e+23,867657396.6190028,0.0,1416050889666.0771,520685019979.70215,0.0,0.0,0.0,0.0,455861822.7810986,0.0,0.0,0.0,411979568.3511408,0.0,1416050889666.0845,520685019979.70056,0.0,0.0,0.0,0.0,-183994.51323704942,0.0,0.0,0.0
0.62,-1,-1,1,-31043.82292019291,0.0,-0.00031043822920192904,0.0,1.7353047446307725e+24,0.0,1.4160506214109495e+24,5.206849286155294e+23,867652372.3152905,0.0,1416050621410.9492,520684928615.5293,455994940.86687815,0.0,0.0,0.0,0.0,0.0,0.0,0.0,411979568.35109866,0.0,1416050621410.9543,520684928615.52795,-322136.9026870644,0.0,0.0,0.0,0.0,0.0,0.0,0.0,0.0,0.0,0.0,0.0,429302105.77690184,3.555295396101688e-64,2804018.708544605,23892741.679804083,0.0,0.0,0.0,0.0,431185355.2219444,4.018116139329075e-64,3165278.2855209163,21511005.346133072,0.0,0.0,0.0,0.0,411979568.35220283,62589821.1057938,1416085399914.0952,520711310380.7664,0.0,0.0,0.0,0.0,6917864084.244537,0.0,0.0,0.0,3.458932042121887e-06,0.0,0.0,0.0,-455994940.86687815,0.0,0.0,0.0,455861194.1116971,0.0,0.0,0.0,0.0,0.0,0.0,0.0,322136.9026870644,0.0,0.0,0.0,-188390.14750248202,0.0,0.0,0.0,-7.573064690121715e-18,-31043.822920192328,-7.573064690121713e-26,-0.00031043822920192324,1.7353047446307792e+24,0.0,1.4160506214109495e+24,5.206849286155294e+23,867652372.3152938,0.0,1416050621410.9492,520684928615.5293,0.0,0.0,0.0,0.0,455861194.1116971,0.0,0.0,0.0,411979568.35109866,0.0,1416050621410.9543,520684928615.52795,0.0,0.0,0.0,0.0,-188390.14750248202,0.0,0.0,0.0
0.64,-1,-1,1,-31043.816981159165,0.0,-0.0003104381698115916,0.0,1.7352930797464774e+24,0.0,1.416050349318003e+24,5.206848358555472e+23,867646539.873143,0.0,1416050349318.0027,520684835855.5471,455995143.83866143,0.0,0.0,0.0,0.0,0.0,0.0,0.0,411979568.35104716,0.0,1416050349318.0046,520684835855.5455,-328172.3165661469,0.0,0.0,0.0,0.0,0.0,0.0,0.0,0.0,0.0,0.0,0.0,429312030.5214608,3.557565978230421e-64,2805776.772801318,23881335.385418218,0.0,0.0,0.0,0.0,431169188.0821024,4.0144179592355494e-64,3162414.858656298,21529585.162612572,0.0,0.0,0.0,0.0,411979568.35220253,62589821.1057938,1416085399914.0945,520711310380.766,0.0,0.0,0.0,0.0,6657093763.352175,0.0,0.0,0.0,3.3285468816757202e-06,0.0,0.0,0.0,-455995143.83866143,0.0,0.0,0.0,455860730.68656766,0.0,0.0,0.0,0.0,0.0,0.0,0.0,328172.3165661469,0.0,0.0,0.0,-193759.16446911023,0.0,0.0,0.0,-1.0097419586828953e-17,-31043.81698115839,-1.0097419586828951e-25,-0.00031043816981158386,1.7352930797464844e+24,0.0,1.416050349318003e+24,5.206848358555472e+23,867646539.8731464,0.0,1416050349318.0027,520684835855.5471,0.0,0.0,0.0,0.0,455860730.68656766,0.0,0.0,0.0,411979568.35104716,0.0,1416050349318.0046,520684835855.5455,0.0,0.0,0.0,0.0,-193759.16446911023,0.0,0.0,0.0
0.66,-1,-1,1,-31043.810936910206,0.0,-0.000310438109369102,0.0,1.7352791570930844e+24,0.0,1.4160500732375444e+24,5.206847416449529e+23,867639578.5464464,0.0,1416050073237.544,520684741644.95276,455995172.9361562,0.0,0.0,0.0,0.0,0.0,0.0,0.0,411979568.3509835,0.0,1416050073237.5437,520684741644.9512,-335162.7406938211,0.0,0.0,0.0,0.0,0.0,0.0,0.0,0.0,0.0,0.0,0.0,429321927.21248287,3.55986353441049e-64,2807556.449064348,23869773.295252446,0.0,0.0,0.0,0.0,431153066.63289416,4.0106758455188035e-64,3159516.2314733276,21548418.758857477,0.0,0.0,0.0,0.0,411979568.3522027,62589821.10579379,1416085399914.0952,520711310380.7664,0.0,0.0,0.0,0.0,5647540092.468885,0.0,0.0,0.0,2.823770046234131e-06,0.0,0.0,0.0,-455995172.9361562,0.0,0.0,0.0,455860528.25037557,0.0,0.0,0.0,0.0,0.0,0.0,0.0,335162.7406938211,0.0,0.0,0.0,-200518.05491033764,0.0,0.0,0.0,-5.048709793414476e-18,-31043.810936909453,-5.0487097934144756e-26,-0.00031043810936909447,1.7352791570930906e+24,0.0,1.4160500732375444e+24,5.206847416449529e+23,867639578.5464495,0.0,1416050073237.544,520684741644.95276,0.0,0.0,0.0,0.0,455860528.25037557,0.0,0.0,0.0,411979568.3509835,0.0,1416050073237.5437,520684741644.9512,0.0,0.0,0.0,0.0,-200518.05491033764,0.0,0.0,0.0
0.68,-1,-1,1,-31043.804776450164,0.0,-0.00031043804776450157,0.0,1.7352620403179573e+24,0.0,1.4160497930098944e+24,5.2068464592528305e+23,867631020.1588829,0.0,1416049793009.894,520684645925.28296,455994935.5045445,0.0,0.0,0.0,0.0,0.0,0.0,0.0,411979568.3509002,0.0,1416049793009.8923,520684645925.2809,-343483.6965623676,0.0,0.0,0.0,0.0,0.0,0.0,0.0,0.0,0.0,0.0,0.0,429331717.7994865,3.5621884767306316e-64,2809358.054263105,23858045.063840855,0.0,0.0,0.0,0.0,431137118.01218176,4.006889126994876e-64,3156581.887776456,21567522.98774004,0.0,0.0,0.0,0.0,411979568.3522018,62589821.10579379,1416085399914.0933,520711310380.7653,0.0,0.0,0.0,0.0,3876164555.5500493,0.0,0.0,0.0,1.938082277774811e-06,0.0,0.0,0.0,-455994935.5045445,0.0,0.0,0.0,455860728.83710754,0.0,0.0,0.0,0.0,0.0,0.0,0.0,343483.6965623676,0.0,0.0,0.0,-209277.02912347423,0.0,0.0,0.0,-5.048709793414476e-18,-31043.80477644955,-5.0487097934144756e-26,-0.00031043804776449544,1.7352620403179616e+24,0.0,1.4160497930098944e+24,5.2068464592528305e+23,867631020.158885,0.0,1416049793009.894,520684645925.28296,0.0,0.0,0.0,0.0,455860728.83710754,0.0,0.0,0.0,411979568.3509002,0.0,1416049793009.8923,520684645925.2809,0.0,0.0,0.0,0.0,-209277.02912347423,0.0,0.0,0.0
0.7000000000000001,-1,-1,1,-31043.798485072508,0.0,-0.000310437984850725,0.0,1.7352403597247932e+24,0.0,1.4160495084644627e+24,5.2068454863406674e+23,867620179.8623008,0.0,1416049508464.4624,520684548634.0666,455994294.5090146,0.0,0.0,0.0,0.0,0.0,0.0,0.0,411979568.3507906,0.0,1416049508464.459,520684548634.065,-353682.9975050811,0.0,0.0,0.0,0.0,0.0,0.0,0.0,0.0,0.0,0.0,0.0,429341284.6601863,3.564540940070172e-64,2811181.6876974916,23846137.854565777,0.0,0.0,0.0,0.0,431121533.8171778,4.0030575839808755e-64,3153611.665831727,21586918.76048192,0.0,0.0,0.0,0.0,411979568.3522023,62589821.10579379,1416085399914.0945,520711310380.76544,0.0,0.0,0.0,0.0,4868954420.090259,0.0,0.0,0.0,2.434477210044861e-06,0.0,0.0,0.0,-455994294.5090146,0.0,0.0,0.0,455861542.6803998,0.0,0.0,0.0,0.0,0.0,0.0,0.0,353682.9975050811,0.0,0.0,0.0,-220931.16888760956,0.0,0.0,0.0,-1.0097419586828953e-17,-31043.79848507181,-1.0097419586828951e-25,-0.000310437984850718,1.7352403597247975e+24,0.0,1.4160495084644627e+24,5.2068454863406674e+23,867620179.862303,0.0,1416049508464.4624,520684548634.0666,0.0,0.0,0.0,0.0,455861542.6803998,0.0,0.0,0.0,411979568.3507906,0.0,1416049508464.459,520684548634.065,0.0,0.0,0.0,0.0,-220931.16888760956,0.0,0.0,0.0
0.72,-1,-1,1,-31043.792042703313,0.0,-0.0003104379204270331,0.0,1.7352121084825326e+24,0.0,1.4160492194186333e+24,5.2068444970442583e+23,867606054.2411705,0.0,1416049219418.633,520684449704.4257,455993047.5651535,0.0,0.0,0.0,0.0,0.0,0.0,0.0,411979568.3506386,0.0,1416049219418.629,520684449704.4237,-366561.6746222037,0.0,0.0,0.0,0.0,0.0,0.0,0.0,0.0,0.0,0.0,0.0,429350451.77603054,3.566920623105471e-64,2813027.1048287624,23834035.306816682,0.0,0.0,0.0,0.0,431106600.7680137,3.999181707253626e-64,3150605.9639284546,21606632.729287256,0.0,0.0,0.0,0.0,411979568.35220253,62589821.10579379,1416085399914.0942,520711310380.7656,0.0,0.0,0.0,0.0,4356727004.051689,0.0,0.0,0.0,2.1783635020256042e-06,0.0,0.0,0.0,-455993047.5651535,0.0,0.0,0.0,455863280.4486529,0.0,0.0,0.0,0.0,0.0,0.0,0.0,366561.6746222037,0.0,0.0,0.0,-236794.55811948952,0.0,0.0,0.0,-1.0097419586828953e-17,-31043.792042702666,-1.0097419586828951e-25,-0.00031043792042702664,1.735212108482537e+24,0.0,1.4160492194186333e+24,5.2068444970442583e+23,867606054.2411727,0.0,1416049219418.633,520684449704.4257,0.0,0.0,0.0,0.0,455863280.4486529,0.0,0.0,0.0,411979568.3506386,0.0,1416049219418.629,520684449704.4237,0.0,0.0,0.0,0.0,-236794.55811948952,0.0,0.0,0.0
0.74,-1,-1,1,-31043.785421472894,0.0,-0.0003104378542147289,0.0,1.7351743426939037e+24,0.0,1.41604892567659e+24,5.206843490646222e+23,867587171.3468561,0.0,1416048925676.5898,520684349064.62213,455990896.0940579,0.0,0.0,0.0,0.0,0.0,0.0,0.0,411979568.3504213,0.0,1416048925676.584,520684349064.6203,-383293.0976235413,0.0,0.0,0.0,0.0,0.0,0.0,0.0,0.0,0.0,0.0,0.0,429358957.0285474,3.569326551716473e-64,2814893.5299777766,23821716.0335723,0.0,0.0,0.0,0.0,431092745.83482313,3.995263083398046e-64,3147566.045444836,21626699.73498024,0.0,0.0,0.0,0.0,411979568.3522028,62589821.10579377,1416085399914.0945,520711310380.7662,0.0,0.0,0.0,0.0,5366280674.934979,0.0,0.0,0.0,2.6831403374671936e-06,0.0,0.0,0.0,-455990896.0940579,0.0,0.0,0.0,455866400.65886056,0.0,0.0,0.0,0.0,0.0,0.0,0.0,383293.0976235413,0.0,0.0,0.0,-258797.66242347003,0.0,0.0,0.0,-5.048709793414476e-18,-31043.785421472196,-5.0487097934144756e-26,-0.0003104378542147219,1.7351743426939096e+24,0.0,1.41604892567659e+24,5.206843490646222e+23,867587171.346859,0.0,1416048925676.5898,520684349064.62213,0.0,0.0,0.0,0.0,455866400.65886056,0.0,0.0,0.0,411979568.3504213,0.0,1416048925676.584,520684349064.6203,0.0,0.0,0.0,0.0,-258797.66242347003,0.0,0.0,0.0
0.76,-1,-1,1,-31043.77858214757,0.0,-0.00031043778582147565,0.0,1.735122739927027e+24,0.0,1.4160486270279013e+24,5.2068424663754684e+23,867561369.9634178,0.0,1416048627027.901,520684246637.5467,455987399.96355474,0.0,0.0,0.0,0.0,0.0,0.0,0.0,411979568.3500999,0.0,1416048627027.893,520684246637.54474,-405598.3502374715,0.0,0.0,0.0,0.0,0.0,0.0,0.0,0.0,0.0,0.0,0.0,429366411.4457674,3.5717567279604325e-64,2816779.379038857,23809151.43046041,0.0,0.0,0.0,0.0,431080602.6221201,3.9913049665365256e-64,3144494.490474598,21647166.37633927,0.0,0.0,0.0,0.0,411979568.3522029,62589821.10579379,1416085399914.0952,520711310380.76636,0.0,0.0,0.0,0.0,4976987838.7456665,0.0,0.0,0.0,2.4884939193725586e-06,0.0,0.0,0.0,-455987399.96355474,0.0,0.0,0.0,455871579.3962506,0.0,0.0,0.0,0.0,0.0,0.0,0.0,405598.3502374715,0.0,0.0,0.0,-289777.7829308413,0.0,0.0,0.0,-1.0097419586828953e-17,-31043.77858214686,-1.0097419586828951e-25,-0.00031043778582146855,1.7351227399270322e+24,0.0,1.4160486270279013e+24,5.2068424663754684e+23,867561369.9634203,0.0,1416048627027.901,520684246637.5467,0.0,0.0,0.0,0.0,455871579.3962506,0.0,0.0,0.0,411979568.3500999,0.0,1416048627027.893,520684246637.54474,0.0,0.0,0.0,0.0,-289777.7829308413,0.0,0.0,0.0
0.78,-1,-1,1,-31043.77146888999,0.0,-0.00031043771468889985,0.0,1.7350509493661325e+24,0.0,1.4160483232459503e+24,5.206841423401227e+23,867525474.6829705,0.0,1416048323245.95,520684142340.1226,455981910.8089981,0.0,0.0,0.0,0.0,0.0,0.0,0.0,411979568.34960884,0.0,1416048323245.9417,520684142340.12085,-436004.4756370404,0.0,0.0,0.0,0.0,0.0,0.0,0.0,0.0,0.0,0.0,0.0,429372239.2807908,3.5742076106459035e-64,2818681.8497635056,23796302.474477433,0.0,0.0,0.0,0.0,431071108.9761176,3.9873131243369845e-64,3141395.863147847,21668096.225412868,0.0,0.0,0.0,0.0,411979568.35220295,62589821.10579382,1416085399914.096,520711310380.7665,0.0,0.0,0.0,0.0,5573034286.499639,0.0,0.0,0.0,2.7865171432495117e-06,0.0,0.0,0.0,-455981910.8089981,0.0,0.0,0.0,455879812.7952496,0.0,0.0,0.0,0.0,0.0,0.0,0.0,436004.4756370404,0.0,0.0,0.0,-333906.46188569826,0.0,0.0,0.0,-1.0097419586828953e-17,-31043.771468889252,-1.0097419586828951e-25,-0.0003104377146888925,1.7350509493661378e+24,0.0,1.4160483232459503e+24,5.206841423401227e+23,867525474.6829731,0.0,1416048323245.95,520684142340.1226,0.0,0.0,0.0,0.0,455879812.7952496,0.0,0.0,0.0,411979568.34960884,0.0,1416048323245.9417,520684142340.12085,0.0,0.0,0.0,0.0,-333906.46188569826,0.0,0.0,0.0
0.8,-1,-1,1,-31043.764001554686,0.0,-0.0003104376400155468,0.0,1.7349496351494472e+24,0.0,1.4160480140861128e+24,5.2068403608261215e+23,867474817.5746279,0.0,1416048014086.1125,520684036082.612,455973474.05825603,0.0,0.0,0.0,0.0,0.0,0.0,0.0,411979568.3488317,0.0,1416048014086.1038,520684036082.6103,-478224.8324604166,0.0,0.0,0.0,0.0,0.0,0.0,0.0,0.0,0.0,0.0,0.0,429375589.95954436,3.576673348511992e-64,2820596.31738163,23783115.040303346,0.0,0.0,0.0,0.0,431065650.41490847,3.983297086961879e-64,3138277.6960060587,21689577.457870774,0.0,0.0,0.0,0.0,411979568.35220265,62589821.10579377,1416085399914.0942,520711310380.7658,0.0,0.0,0.0,0.0,6882473826.409146,0.0,0.0,0.0,3.441236913204193e-06,0.0,0.0,0.0,-455973474.05825603,0.0,0.0,0.0,455892567.59973353,0.0,0.0,0.0,0.0,0.0,0.0,0.0,478224.8324604166,0.0,0.0,0.0,-397318.37393432285,0.0,0.0,0.0,-7.573064690121715e-18,-31043.764001553947,-7.573064690121713e-26,-0.0003104376400155394,1.7349496351494542e+24,0.0,1.4160480140861128e+24,5.2068403608261215e+23,867474817.5746312,0.0,1416048014086.1125,520684036082.612,0.0,0.0,0.0,0.0,455892567.59973353,0.0,0.0,0.0,411979568.3488317,0.0,1416048014086.1038,520684036082.6103,0.0,0.0,0.0,0.0,-397318.37393432285,0.0,0.0,0.0
0.8200000000000001,-1,-1,1,-31043.756064357694,0.0,-0.0003104375606435769,0.0,1.7348050679309047e+24,0.0,1.4160476992836387e+24,5.206839277677819e+23,867402533.9653566,0.0,1416047699283.6382,520683927767.7818,455960685.06755626,0.0,0.0,0.0,0.0,0.0,0.0,0.0,411979568.3475573,0.0,1416047699283.6287,520683927767.78,-537719.4497574506,0.0,0.0,0.0,0.0,0.0,0.0,0.0,0.0,0.0,0.0,0.0,429375208.7915164,3.5791446505765106e-64,2822515.4445519983,23769513.043493178,0.0,0.0,0.0,0.0,431066270.73051125,3.97927198697343e-64,3135151.9396603582,21711734.0236636,0.0,0.0,0.0,0.0,411979568.35220224,62589821.105793804,1416085399914.0942,520711310380.7658,0.0,0.0,0.0,0.0,2503395080.566683,0.0,0.0,0.0,1.2516975402832031e-06,0.0,0.0,0.0,-455960685.06755626,0.0,0.0,0.0,455912002.2010895,0.0,0.0,0.0,0.0,0.0,0.0,0.0,537719.4497574506,0.0,0.0,0.0,-489036.58328936616,0.0,0.0,0.0,-7.573064690121715e-18,-31043.756064356996,-7.573064690121713e-26,-0.0003104375606435699,1.734805067930907e+24,0.0,1.4160476992836387e+24,5.206839277677819e+23,867402533.9653578,0.0,1416047699283.6382,520683927767.7818,0.0,0.0,0.0,0.0,455912002.2010895,0.0,0.0,0.0,411979568.3475573,0.0,1416047699283.6287,520683927767.78,0.0,0.0,0.0,0.0,-489036.58328936616,0.0,0.0,0.0
0.84,-1,-1,1,-31043.747489207726,0.0,-0.0003104374748920772,0.0,1.734597051140366e+24,0.0,1.4160473785511286e+24,5.2068381728987126e+23,867298525.5700872,0.0,1416047378551.1282,520683817289.87115,455941478.07545316,0.0,0.0,0.0,0.0,0.0,0.0,0.0,411979568.3453872,0.0,1416047378551.1191,520683817289.86926,-622520.8507536303,0.0,0.0,0.0,0.0,0.0,0.0,0.0,0.0,0.0,0.0,0.0,429369247.33245957,3.581607125414439e-64,2824427.8729679743,23755388.40295317,0.0,0.0,0.0,0.0,431075980.89306116,3.975261264211529e-64,3132037.0938238814,21734741.99948509,0.0,0.0,0.0,0.0,411979568.35220265,62589821.1057938,1416085399914.0952,520711310380.7663,0.0,0.0,0.0,0.0,5071982741.356456,0.0,0.0,0.0,2.535991370677948e-06,0.0,0.0,0.0,-455941478.07545316,0.0,0.0,0.0,455941290.8128215,0.0,0.0,0.0,0.0,0.0,0.0,0.0,622520.8507536303,0.0,0.0,0.0,-622333.5881195789,0.0,0.0,0.0,-1.0097419586828953e-17,-31043.747489206926,-1.0097419586828951e-25,-0.00031043747489206924,1.7345970511403708e+24,0.0,1.4160473785511286e+24,5.2068381728987126e+23,867298525.5700897,0.0,1416047378551.1282,520683817289.87115,0.0,0.0,0.0,0.0,455941290.8128215,0.0,0.0,0.0,411979568.3453872,0.0,1416047378551.1191,520683817289.86926,0.0,0.0,0.0,0.0,-622333.5881195789,0.0,0.0,0.0
0.86,-1,-1,1,-31043.73803117265,0.0,-0.00031043738031172644,0.0,1.7342958673554998e+24,0.0,1.416047051575491e+24,5.2068370453323565e+23,867147933.6776543,0.0,1416047051575.4905,520683704533.23553,455912817.02831566,0.0,0.0,0.0,0.0,0.0,0.0,0.0,411979568.341545,0.0,1416047051575.4805,520683704533.2335,-744451.6922070524,0.0,0.0,0.0,0.0,0.0,0.0,0.0,0.0,0.0,0.0,0.0,429354985.6481942,3.58403884519827e-64,2826316.3040625295,23740586.35908085,0.0,0.0,0.0,0.0,431099211.4610616,3.9713006333302136e-64,3128961.3333419194,21758853.507458173,0.0,0.0,0.0,0.0,411979568.35220265,62589821.10579378,1416085399914.0952,520711310380.7663,0.0,0.0,0.0,0.0,3032386302.948333,0.0,0.0,0.0,1.516193151473999e-06,0.0,0.0,0.0,-455912817.02831566,0.0,0.0,0.0,455985098.2003689,0.0,0.0,0.0,0.0,0.0,0.0,0.0,744451.6922070524,0.0,0.0,0.0,-816732.8642587941,0.0,0.0,0.0,-1.0097419586828953e-17,-31043.738031172,-1.0097419586828951e-25,-0.00031043738031172,1.7342958673555025e+24,0.0,1.416047051575491e+24,5.2068370453323565e+23,867147933.6776556,0.0,1416047051575.4905,520683704533.23553,0.0,0.0,0.0,0.0,455985098.2003689,0.0,0.0,0.0,411979568.341545,0.0,1416047051575.4805,520683704533.2335,0.0,0.0,0.0,0.0,-816732.8642587941,0.0,0.0,0.0
0.88,-1,-1,1,-31043.727332361363,0.0,-0.0003104372733236136,0.0,1.7338577811489521e+24,0.0,1.4160467180140446e+24,5.2068358937044245e+23,866928890.5743804,0.0,1416046718014.0442,520683589370.4423,455870243.5605469,0.0,0.0,0.0,0.0,0.0,0.0,0.0,411979568.33448446,0.0,1416046718014.035,520683589370.4405,-920921.3206517324,0.0,0.0,0.0,0.0,0.0,0.0,0.0,0.0,0.0,0.0,0.0,429328426.43334925,3.5864067823658206e-64,2828154.6911354777,23724884.034492116,0.0,0.0,0.0,0.0,431142473.72955143,3.967443887527031e-64,3125967.081483096,21784431.642500937,0.0,0.0,0.0,0.0,411979568.35220253,62589821.105793804,1416085399914.0947,520711310380.76624,0.0,0.0,0.0,0.0,6312504410.7444105,0.0,0.0,0.0,3.1562522053718567e-06,0.0,0.0,0.0,-455870243.5605469,0.0,0.0,0.0,456050273.383954,0.0,0.0,0.0,0.0,0.0,0.0,0.0,920921.3206517324,0.0,0.0,0.0,-1100951.1440557446,0.0,0.0,0.0,-7.573064690121715e-18,-31043.727332360668,-7.573064690121713e-26,-0.00031043727332360664,1.7338577811489583e+24,0.0,1.4160467180140446e+24,5.2068358937044245e+23,866928890.5743834,0.0,1416046718014.0442,520683589370.4423,0.0,0.0,0.0,0.0,456050273.383954,0.0,0.0,0.0,411979568.33448446,0.0,1416046718014.035,520683589370.4405,0.0,0.0,0.0,0.0,-1100951.1440557446,0.0,0.0,0.0
0.9,-1,-1,1,-31043.71486872467,0.0,-0.00031043714868724665,0.0,1.7332184147750778e+24,0.0,1.4160463774892794e+24,5.206834716593084e+23,866609207.3874433,0.0,1416046377489.279,520683471659.3083,455807218.0792521,0.0,0.0,0.0,0.0,0.0,0.0,0.0,411979568.32105696,0.0,1416046377489.2683,520683471659.3065,-1177579.0128668367,0.0,0.0,0.0,0.0,0.0,0.0,0.0,0.0,0.0,0.0,0.0,429283703.73872507,3.588661615929848e-64,2829904.1463117525,23707959.214598432,0.0,0.0,0.0,0.0,431215322.8655423,3.963771357696361e-64,3123117.6764350208,21812001.33275387,0.0,0.0,0.0,0.0,411979568.35220253,62589821.1057938,1416085399914.0947,520711310380.7661,0.0,0.0,0.0,0.0,4591420292.8548155,0.0,0.0,0.0,2.2957101464271545e-06,0.0,0.0,0.0,-455807218.0792521,0.0,0.0,0.0,456146860.09633124,0.0,0.0,0.0,0.0,0.0,0.0,0.0,1177579.0128668367,0.0,0.0,0.0,-1517221.0299436022,0.0,0.0,0.0,-1.0097419586828953e-17,-31043.71486872399,-1.0097419586828951e-25,-0.00031043714868723987,1.7332184147750818e+24,0.0,1.4160463774892794e+24,5.206834716593084e+23,866609207.3874452,0.0,1416046377489.279,520683471659.3083,0.0,0.0,0.0,0.0,456146860.09633124,0.0,0.0,0.0,411979568.32105696,0.0,1416046377489.2683,520683471659.3065,0.0,0.0,0.0,0.0,-1517221.0299436022,0.0,0.0,0.0
0.92,-1,-1,1,-31043.699871664157,0.0,-0.00031043699871664154,0.0,1.7322829879652684e+24,0.0,1.4160460295811356e+24,5.206833512378811e+23,866141493.9825387,0.0,1416046029581.1353,520683351237.881,455714163.43221414,0.0,0.0,0.0,0.0,0.0,0.0,0.0,411979568.29474264,0.0,1416046029581.1255,520683351237.87885,-1552237.7444187552,0.0,0.0,0.0,0.0,0.0,0.0,0.0,0.0,0.0,0.0,0.0,429212225.65012497,3.590730199499983e-64,2831507.0041969726,23689345.084949963,0.0,0.0,0.0,0.0,431331754.4139411,3.960402180037436e-64,3120507.0400585076,21842323.078075096,0.0,0.0,0.0,0.0,411979568.35220325,62589821.105793804,1416085399914.0962,520711310380.76733,0.0,0.0,0.0,0.0,3255903720.8560724,0.0,0.0,0.0,1.6279518604278564e-06,0.0,0.0,0.0,-455714163.43221414,0.0,0.0,0.0,456289561.7169279,0.0,0.0,0.0,0.0,0.0,0.0,0.0,1552237.7444187552,0.0,0.0,0.0,-2127636.0291309096,0.0,0.0,0.0,-5.048709793414476e-18,-31043.699871663342,-5.0487097934144756e-26,-0.00031043699871663335,1.7322829879652714e+24,0.0,1.4160460295811356e+24,5.206833512378811e+23,866141493.9825401,0.0,1416046029581.1353,520683351237.881,0.0,0.0,0.0,0.0,456289561.7169279,0.0,0.0,0.0,411979568.29474264,0.0,1416046029581.1255,520683351237.87885,0.0,0.0,0.0,0.0,-2127636.0291309096,0.0,0.0,0.0
0.9400000000000001,-1,-1,1,-31043.68121243945,0.0,-0.00031043681212439446,0.0,1.7309119319249008e+24,0.0,1.4160456738145768e+24,5.206832279151506e+23,865455965.9623549,0.0,1416045673814.5764,520683227915.1505,455577085.8777069,0.0,0.0,0.0,0.0,0.0,0.0,0.0,411979568.2418668,0.0,1416045673814.5674,520683227915.14886,-2100688.1572192973,0.0,0.0,0.0,0.0,0.0,0.0,0.0,0.0,0.0,0.0,0.0,429101439.8352951,3.592504717513611e-64,2832878.274751612,23668365.045512702,0.0,0.0,0.0,0.0,431512215.1180289,3.9575119576972896e-64,3118273.5989224077,21876499.145372376,0.0,0.0,0.0,0.0,411979568.35220253,62589821.105793804,1416085399914.0945,520711310380.76624,0.0,0.0,0.0,0.0,-299885869.02621716,0.0,0.0,0.0,-1.4994293451309204e-07,0.0,0.0,0.0,-455577085.8777069,0.0,0.0,0.0,456499850.2490535,0.0,0.0,0.0,0.0,0.0,0.0,0.0,2100688.1572192973,0.0,0.0,0.0,-3023452.5285662753,0.0,0.0,0.0,-7.573064690121715e-18,-31043.681212438816,-7.573064690121713e-26,-0.0003104368121243881,1.7309119319249003e+24,0.0,1.4160456738145768e+24,5.206832279151506e+23,865455965.9623547,0.0,1416045673814.5764,520683227915.1505,0.0,0.0,0.0,0.0,456499850.2490535,0.0,0.0,0.0,411979568.2418668,0.0,1416045673814.5674,520683227915.14886,0.0,0.0,0.0,0.0,-3023452.5285662753,0.0,0.0,0.0
0.96,-1,-1,1,-31043.65723157073,0.0,-0.00031043657231570723,0.0,1.7288996738247613e+24,0.0,1.4160453096376697e+24,5.206831014528772e+23,864449836.9122853,0.0,1416045309637.6694,520683101452.8771,455375605.72859645,0.0,0.0,0.0,0.0,0.0,0.0,0.0,411979568.1334927,0.0,1416045309637.6602,520683101452.8751,-2905336.9498045226,0.0,0.0,0.0,0.0,0.0,0.0,0.0,0.0,0.0,0.0,0.0,428933074.5511065,3.59382724077634e-64,2833893.4692555894,23644039.7820274,0.0,0.0,0.0,0.0,431786468.16599953,3.9553579157264745e-64,3116620.112626335,21916124.95981574,0.0,0.0,0.0,0.0,411979568.3522028,62589821.10579381,1416085399914.0955,520711310380.76636,0.0,0.0,0.0,0.0,-281259417.5339055,0.0,0.0,0.0,-1.4062970876693726e-07,0.0,0.0,0.0,-455375605.72859645,0.0,0.0,0.0,456808970.6512775,0.0,0.0,0.0,0.0,0.0,0.0,0.0,2905336.9498045226,0.0,0.0,0.0,-4338701.8724855725,0.0,0.0,0.0,-1.0097419586828953e-17,-31043.65723157013,-1.0097419586828951e-25,-0.00031043657231570127,1.728899673824761e+24,0.0,1.4160453096376697e+24,5.206831014528772e+23,864449836.9122852,0.0,1416045309637.6694,520683101452.8771,0.0,0.0,0.0,0.0,456808970.6512775,0.0,0.0,0.0,411979568.1334927,0.0,1416045309637.6602,520683101452.8751,0.0,0.0,0.0,0.0,-4338701.8724855725,0.0,0.0,0.0
0.98,-1,-1,1,-31043.62548674879,0.0,-0.0003104362548674879,0.0,1.7259433259658057e+24,0.0,1.416044936379933e+24,5.206829715284127e+23,862971662.9828076,0.0,1416044936379.9329,520682971528.41254,455080185.9848614,0.0,0.0,0.0,0.0,0.0,0.0,0.0,411979567.9079438,0.0,1416044936379.9236,520682971528.4107,-4088090.909998101,0.0,0.0,0.0,0.0,0.0,0.0,0.0,0.0,0.0,0.0,0.0,428680671.76412404,3.594468084229701e-64,2834371.540211064,23614956.832401216,0.0,0.0,0.0,0.0,432197611.5120471,3.954314150573788e-64,3115841.4602403804,21963501.59451179,0.0,0.0,0.0,0.0,411979568.3522028,62589821.10579381,1416085399914.0955,520711310380.7663,0.0,0.0,0.0,0.0,-8616596460.343359,0.0,0.0,0.0,-4.308298230171204e-06,0.0,0.0,0.0,-455080185.9848614,0.0,0.0,0.0,457262152.5333961,0.0,0.0,0.0,0.0,0.0,0.0,0.0,4088090.909998101,0.0,0.0,0.0,-6270057.4585371185,0.0,0.0,0.0,-5.048709793414476e-18,-31043.62548674807,-5.0487097934144756e-26,-0.00031043625486748067,1.7259433259657974e+24,0.0,1.416044936379933e+24,5.206829715284127e+23,862971662.9828033,0.0,1416044936379.9329,520682971528.41254,0.0,0.0,0.0,0.0,457262152.5333961,0.0,0.0,0.0,411979567.9079438,0.0,1416044936379.9236,520682971528.4107,0.0,0.0,0.0,0.0,-6270057.4585371185,0.0,0.0,0.0
1.0,-1,-1,1,-31043.582379681873,0.0,-0.00031043582379681865,0.0,1.721596427171933e+24,0.0,1.4160445531691112e+24,5.206828376568892e+23,860798213.5858715,0.0,1416044553169.1108,520682837656.88904,454648319.5359001,0.0,0.0,0.0,0.0,0.0,0.0,0.0,411979567.43313354,0.0,1416044553169.102,520682837656.8874,-5829673.383162666,0.0,0.0,0.0,0.0,0.0,0.0,0.0,0.0,0.0,0.0,0.0,428306211.7406815,3.5940962324556244e-64,2834051.567508784,23579091.88755259,0.0,0.0,0.0,0.0,432807576.0862986,3.9549197991478736e-64,3116362.612445311,22021926.886857133,0.0,0.0,0.0,0.0,411979568.35220337,62589821.10579381,1416085399914.0964,520711310380.7669,0.0,0.0,0.0,0.0,-9929761290.551327,0.0,0.0,0.0,-4.964880645275116e-06,0.0,0.0,0.0,-454648319.5359001,0.0,0.0,0.0,457924369.25667083,0.0,0.0,0.0,0.0,0.0,0.0,0.0,5829673.383162666,0.0,0.0,0.0,-9105723.103938239,0.0,0.0,0.0,-7.573064690121715e-18,-31043.58237968113,-7.573064690121713e-26,-0.0003104358237968113,1.7215964271719236e+24,0.0,1.4160445531691112e+24,5.206828376568892e+23,860798213.5858667,0.0,1416044553169.1108,520682837656.88904,0.0,0.0,0.0,0.0,457924369.25667083,0.0,0.0,0.0,411979567.43313354,0.0,1416044553169.102,520682837656.8874,0.0,0.0,0.0,0.0,-9105723.103938239,0.0,0.0,0.0
1.02,-1,-1,1,-31043.52260242238,0.0,-0.00031043522602422377,0.0,1.715200502594202e+24,0.0,1.4160441587590663e+24,5.206826990258023e+23,857600251.2970064,0.0,1416044158759.066,520682699025.8022,454019467.78839314,0.0,0.0,0.0,0.0,0.0,0.0,0.0,411979566.4251735,0.0,1416044158759.0571,520682699025.8006,-8398782.916560698,0.0,0.0,0.0,0.0,0.0,0.0,0.0,0.0,0.0,0.0,0.0,427755673.1057652,3.592240517077626e-64,2832562.152826402,23533573.269519772,0.0,0.0,0.0,0.0,433704357.96876884,3.957942270602821e-64,3118788.4800521126,22096079.118072018,0.0,0.0,0.0,0.0,411979568.3522022,62589821.10579383,1416085399914.0942,520711310380.7655,0.0,0.0,0.0,0.0,-19853934645.65496,0.0,0.0,0.0,-9.926967322826385e-06,0.0,0.0,0.0,-454019467.78839314,0.0,0.0,0.0,458887904.9870413,0.0,0.0,0.0,0.0,0.0,0.0,0.0,8398782.916560698,0.0,0.0,0.0,-13267220.115218949,0.0,0.0,0.0,-7.573064690121715e-18,-31043.522602421595,-7.573064690121713e-26,-0.0003104352260242159,1.7152005025941825e+24,0.0,1.4160441587590663e+24,5.206826990258023e+23,857600251.2969966,0.0,1416044158759.066,520682699025.8022,0.0,0.0,0.0,0.0,458887904.9870413,0.0,0.0,0.0,411979566.4251735,0.0,1416044158759.0571,520682699025.8006,0.0,0.0,0.0,0.0,-13267220.115218949,0.0,0.0,0.0
1.04,-1,-1,1,-31043.438313185838,0.0,-0.00031043438313185833,0.0,1.705783616183609e+24,0.0,1.4160437511667767e+24,5.206825541404733e+23,852891808.0917103,0.0,1416043751166.7764,520682554140.47314,453108728.0061997,0.0,0.0,0.0,0.0,0.0,0.0,0.0,411979564.27240705,0.0,1416043751166.7683,520682554140.47156,-12196484.186897049,0.0,0.0,0.0,0.0,0.0,0.0,0.0,0.0,0.0,0.0,0.0,426953569.38720465,3.58824200553247e-64,2829383.8830812583,23474391.17546846,0.0,0.0,0.0,0.0,435010917.6426384,3.964454792485631e-64,3123965.0512090703,22192490.659751553,0.0,0.0,0.0,0.0,411979568.3522028,62589821.105793804,1416085399914.0947,520711310380.7663,0.0,0.0,0.0,0.0,-26680529117.587173,0.0,0.0,0.0,-1.3340264558792114e-05,0.0,0.0,0.0,-453108728.0061997,0.0,0.0,0.0,460281647.0495759,0.0,0.0,0.0,0.0,0.0,0.0,0.0,12196484.186897049,0.0,0.0,0.0,-19369403.23028656,0.0,0.0,0.0,-7.573064690121715e-18,-31043.438313185135,-7.573064690121713e-26,-0.0003104343831318513,1.7057836161835822e+24,0.0,1.4160437511667767e+24,5.206825541404733e+23,852891808.091697,0.0,1416043751166.7764,520682554140.47314,0.0,0.0,0.0,0.0,460281647.0495759,0.0,0.0,0.0,411979564.27240705,0.0,1416043751166.7683,520682554140.47156,0.0,0.0,0.0,0.0,-19369403.23028656,0.0,0.0,0.0
1.06,-1,-1,1,-31043.31790431173,0.0,-0.00031043317904311723,0.0,1.6919096518988908e+24,0.0,1.4160433268975337e+24,5.206824000603638e+23,845954825.949352,0.0,1416043326897.5334,520682400060.3637,451799713.78642535,0.0,0.0,0.0,0.0,0.0,0.0,0.0,411979559.65462273,0.0,1416043326897.526,520682400060.3623,-17824447.4916966,0.0,0.0,0.0,0.0,0.0,0.0,0.0,0.0,0.0,0.0,0.0,425797019.0199332,3.5812026589986896e-64,2823808.847696089,23396080.143183693,0.0,0.0,0.0,0.0,436894838.9307163,3.97592003344445e-64,3133045.3271539966,22320065.21540693,0.0,0.0,0.0,0.0,411979568.3522024,62589821.10579379,1416085399914.0942,520711310380.76587,0.0,0.0,0.0,0.0,-41102990508.08406,0.0,0.0,0.0,-2.0551495254039764e-05,0.0,0.0,0.0,-451799713.78642535,0.0,0.0,0.0,462281126.43536276,0.0,0.0,0.0,0.0,0.0,0.0,0.0,17824447.4916966,0.0,0.0,0.0,-28305860.140654568,0.0,0.0,0.0,-7.573064690121715e-18,-31043.317904311,-7.573064690121713e-26,-0.00031043317904310997,1.6919096518988497e+24,0.0,1.4160433268975337e+24,5.206824000603638e+23,845954825.9493315,0.0,1416043326897.5334,520682400060.3637,0.0,0.0,0.0,0.0,462281126.43536276,0.0,0.0,0.0,411979559.65462273,0.0,1416043326897.526,520682400060.3623,0.0,0.0,0.0,0.0,-28305860.140654568,0.0,0.0,0.0
1.08,-1,-1,1,-31043.14415083643,0.0,-0.0003104314415083642,0.0,1.671453828059356e+24,0.0,1.4160428792801822e+24,5.206822307497099e+23,835726914.0295857,0.0,1416042879280.182,520682230749.7098,449938224.9099717,0.0,0.0,0.0,0.0,0.0,0.0,0.0,411979549.7187247,0.0,1416042879280.1753,520682230749.7083,-26190860.599111386,0.0,0.0,0.0,0.0,0.0,0.0,0.0,0.0,0.0,0.0,0.0,424150996.2775276,3.569944969482973e-64,2814908.8022086807,23291460.362165913,0.0,0.0,0.0,0.0,439576063.82018393,3.994255843781116e-64,3147541.175288114,22490499.142199624,0.0,0.0,0.0,0.0,411979568.35220253,62589821.10579381,1416085399914.0945,520711310380.76605,0.0,0.0,0.0,0.0,-63300132751.471825,0.0,0.0,0.0,-3.165006637573242e-05,0.0,0.0,0.0,-449938224.9099717,0.0,0.0,0.0,465116442.1185329,0.0,0.0,0.0,0.0,0.0,0.0,0.0,26190860.599111386,0.0,0.0,0.0,-41369077.80770422,0.0,0.0,0.0,-7.573064690121715e-18,-31043.14415083575,-7.573064690121713e-26,-0.00031043144150835744,1.6714538280592924e+24,0.0,1.4160428792801822e+24,5.206822307497099e+23,835726914.029554,0.0,1416042879280.182,520682230749.7098,0.0,0.0,0.0,0.0,465116442.1185329,0.0,0.0,0.0,411979549.7187247,0.0,1416042879280.1753,520682230749.7083,0.0,0.0,0.0,0.0,-41369077.80770422,0.0,0.0,0.0
1.1,-1,-1,1,-31042.891411342283,0.0,-0.0003104289141134228,0.0,1.641267595789334e+24,0.0,1.416042394876502e+24,5.206820335096146e+23,820633797.8945763,0.0,1416042394876.5017,520682033509.61444,447330224.3024825,0.0,0.0,0.0,0.0,0.0,0.0,0.0,411979528.2934805,0.0,1416042394876.4946,520682033509.6133,-38675954.70138735,0.0,0.0,0.0,0.0,0.0,0.0,0.0,0.0,0.0,0.0,0.0,421848336.0647018,3.553014213065409e-64,2801536.913727587,23151625.061301235,0.0,0.0,0.0,0.0,443326882.9082134,4.021831585508163e-64,3169320.486128913,22718301.803291336,0.0,0.0,0.0,0.0,411979568.35220206,62589821.1057938,1416085399914.0942,520711310380.76544,0.0,0.0,0.0,0.0,-88240951299.6771,0.0,0.0,0.0,-4.412047564983368e-05,0.0,0.0,0.0,-447330224.3024825,0.0,0.0,0.0,469071874.3828509,0.0,0.0,0.0,0.0,0.0,0.0,0.0,38675954.70138735,0.0,0.0,0.0,-60417604.78179992,0.0,0.0,0.0,-2.524354896707238e-18,-31042.891411341567,-2.5243548967072378e-26,-0.0003104289141134156,1.6412675957892454e+24,0.0,1.416042394876502e+24,5.206820335096146e+23,820633797.8945321,0.0,1416042394876.5017,520682033509.61444,0.0,0.0,0.0,0.0,469071874.3828509,0.0,0.0,0.0,411979528.2934805,0.0,1416042394876.4946,520682033509.6133,0.0,0.0,0.0,0.0,-60417604.78179992,0.0,0.0,0.0
1.12,-1,-1,1,-31042.52136886608,0.0,-0.00031042521368866076,0.0,1.5966779465399284e+24,0.0,1.4160418457205083e+24,5.206817812533845e+23,798338973.2698761,0.0,1416041845720.5078,520681781253.38434,443750313.53485143,0.0,0.0,0.0,0.0,0.0,0.0,0.0,411979482.02228,0.0,1416041845720.502,520681781253.38336,-57390822.28725564,0.0,0.0,0.0,0.0,0.0,0.0,0.0,0.0,0.0,0.0,0.0,418700722.3957616,3.528778072206997e-64,2782406.24770595,22966502.78830104,0.0,0.0,0.0,0.0,448454033.486965,4.061305873855886e-64,3200479.3386264704,23019879.259136546,0.0,0.0,0.0,0.0,411979568.3522028,62589821.10579381,1416085399914.0955,520711310380.7665,0.0,0.0,0.0,0.0,-122613273561.01436,0.0,0.0,0.0,-6.130663678050041e-05,0.0,0.0,0.0,-443750313.53485143,0.0,0.0,0.0,474466393.7812255,0.0,0.0,0.0,0.0,0.0,0.0,0.0,57390822.28725564,0.0,0.0,0.0,-88106902.53369094,0.0,0.0,0.0,-1.0097419586828953e-17,-31042.521368865382,-1.0097419586828951e-25,-0.00031042521368865376,1.5966779465398063e+24,0.0,1.4160418457205083e+24,5.206817812533845e+23,798338973.2698151,0.0,1416041845720.5078,520681781253.38434,0.0,0.0,0.0,0.0,474466393.7812255,0.0,0.0,0.0,411979482.02228,0.0,1416041845720.502,520681781253.38336,0.0,0.0,0.0,0.0,-88106902.53369094,0.0,0.0,0.0
1.1400000000000001,-1,-1,1,-31041.976511261713,0.0,-0.00031041976511261707,0.0,1.5307406154869132e+24,0.0,1.416041172525349e+24,5.206814157741289e+23,765370307.7433721,0.0,1416041172525.3486,520681415774.1287,438968874.2655705,0.0,0.0,0.0,0.0,0.0,0.0,0.0,411979381.9842971,0.0,1416041172525.3428,520681415774.1276,-85577948.50649595,0.0,0.0,0.0,0.0,0.0,0.0,0.0,0.0,0.0,0.0,0.0,414528920.9543189,3.495695455681509e-64,2756301.623639244,22726434.986175835,0.0,0.0,0.0,0.0,455249450.31362486,4.115188740424975e-64,3242996.9423166993,23410963.8840945,0.0,0.0,0.0,0.0,411979568.35220194,62589821.10579377,1416085399914.0935,520711310380.7652,0.0,0.0,0.0,0.0,-161375850439.08945,0.0,0.0,0.0,-8.068792521953583e-05,0.0,0.0,0.0,-438968874.2655705,0.0,0.0,0.0,481600739.918251,0.0,0.0,0.0,0.0,0.0,0.0,0.0,85577948.50649595,0.0,0.0,0.0,-128209814.15925711,0.0,0.0,0.0,-5.048709793414476e-18,-31041.976511261037,-5.0487097934144756e-26,-0.0003104197651126103,1.530740615486752e+24,0.0,1.416041172525349e+24,5.206814157741289e+23,765370307.7432915,0.0,1416041172525.3486,520681415774.1287,0.0,0.0,0.0,0.0,481600739.918251,0.0,0.0,0.0,411979381.9842971,0.0,1416041172525.3428,520681415774.1276,0.0,0.0,0.0,0.0,-128209814.15925711,0.0,0.0,0.0
1.16,-1,-1,1,-31041.170095458987,0.0,-0.00031041170095458986,0.0,1.4331325467451755e+24,0.0,1.416040248323015e+24,5.2068081149071116e+23,716566273.3725088,0.0,1416040248323.0146,520680811490.71106,432803363.0744071,0.0,0.0,0.0,0.0,0.0,0.0,0.0,411979165.5384656,0.0,1416040248323.0107,520680811490.71027,-128216255.24036463,0.0,0.0,0.0,0.0,0.0,0.0,0.0,0.0,0.0,0.0,0.0,409218145.61805123,3.4528040389292256e-64,2722463.900139535,22425092.59217436,0.0,0.0,0.0,0.0,463900076.97086596,4.1850475583949196e-64,3298109.737228447,23901862.74253462,0.0,0.0,0.0,0.0,411979568.3522029,62589821.10579382,1416085399914.0952,520711310380.7666,0.0,0.0,0.0,0.0,-205793417990.2304,0.0,0.0,0.0,-0.00010289670899510384,0.0,0.0,0.0,-432803363.0744071,0.0,0.0,0.0,490660776.17884946,0.0,0.0,0.0,0.0,0.0,0.0,0.0,128216255.24036463,0.0,0.0,0.0,-186073668.34490997,0.0,0.0,0.0,-7.573064690121715e-18,-31041.170095458227,-7.573064690121713e-26,-0.0003104117009545822,1.4331325467449702e+24,0.0,1.416040248323015e+24,5.2068081149071116e+23,716566273.372406,0.0,1416040248323.0146,520680811490.71106,0.0,0.0,0.0,0.0,490660776.17884946,0.0,0.0,0.0,411979165.5384656,0.0,1416040248323.0107,520680811490.71027,0.0,0.0,0.0,0.0,-186073668.34490997,0.0,0.0,0.0
1.18,-1,-1,1,-31039.970592522674,0.0,-0.0003103997059252267,0.0,1.2885248062126715e+24,0.0,1.4160387997100154e+24,5.2067969688249225e+23,644262403.1062646,0.0,1416038799710.0151,520679696882.4921,425186078.13813555,0.0,0.0,0.0,0.0,0.0,0.0,0.0,411978696.9776775,0.0,1416038799710.0117,520679696882.49146,-192902372.0095491,0.0,0.0,0.0,0.0,0.0,0.0,0.0,0.0,0.0,0.0,0.0,402792117.69036996,3.400366264204789e-64,2681099.229588988,22063412.67793011,0.0,0.0,0.0,0.0,474367233.93720585,4.2704548784743675e-64,3365481.951512443,24491044.802129887,0.0,0.0,0.0,0.0,411979568.3522024,62589821.1057938,1416085399914.095,520711310380.766,0.0,0.0,0.0,0.0,-240361317992.23694,0.0,0.0,0.0,-0.0001201806589961052,0.0,0.0,0.0,-425186078.13813555,0.0,0.0,0.0,501588000.7809783,0.0,0.0,0.0,0.0,0.0,0.0,0.0,192902372.0095491,0.0,0.0,0.0,-269304294.65251213,0.0,0.0,0.0,-7.573064690121715e-18,-31039.970592521964,-7.573064690121713e-26,-0.0003103997059252196,1.2885248062124304e+24,0.0,1.4160387997100154e+24,5.2067969688249225e+23,644262403.1061442,0.0,1416038799710.0151,520679696882.4921,0.0,0.0,0.0,0.0,501588000.7809783,0.0,0.0,0.0,411978696.9776775,0.0,1416038799710.0117,520679696882.49146,0.0,0.0,0.0,0.0,-269304294.65251213,0.0,0.0,0.0
1.2,-1,-1,1,-31038.177268488933,0.0,-0.00031038177268488925,0.0,1.0742161200086025e+24,0.0,1.4160362362290298e+24,5.2067748421400776e+23,537108060.004242,0.0,1416036236229.0295,520677484214.0076,416216202.90254045,0.0,0.0,0.0,0.0,0.0,0.0,0.0,411977682.25733364,0.0,1416036236229.027,520677484214.00714,-291085825.15563256,0.0,0.0,0.0,0.0,0.0,0.0,0.0,0.0,0.0,0.0,0.0,395476318.3674584,3.340412042214233e-64,2633806.988439122,21653012.73518018,0.0,0.0,0.0,0.0,486283598.944342,4.3681045109114695e-64,3442508.6160256867,25159580.104653448,0.0,0.0,0.0,0.0,411979568.35220253,62589821.10579378,1416085399914.0947,520711310380.7663,0.0,0.0,0.0,0.0,-267980620265.03662,0.0,0.0,0.0,-0.0001339903101325035,0.0,0.0,0.0,-416216202.90254045,0.0,0.0,0.0,513967740.15587294,0.0,0.0,0.0,0.0,0.0,0.0,0.0,291085825.15563256,0.0,0.0,0.0,-388837362.40909904,0.0,0.0,0.0,-1.0097419586828953e-17,-31038.177268488183,-1.0097419586828951e-25,-0.0003103817726848818,1.0742161200083347e+24,0.0,1.4160362362290298e+24,5.2067748421400776e+23,537108060.0041081,0.0,1416036236229.0295,520677484214.0076,0.0,0.0,0.0,0.0,513967740.15587294,0.0,0.0,0.0,411977682.25733364,0.0,1416036236229.027,520677484214.00714,0.0,0.0,0.0,0.0,-388837362.40909904,0.0,0.0,0.0
1.22,-1,-1,1,-31035.480911267387,0.0,-0.0003103548091126738,0.0,7.567079525412388e+23,0.0,1.4160312806575267e+24,5.206729004731447e+23,378353976.27057767,0.0,1416031280657.5264,520672900473.1446,406144313.03197694,0.0,0.0,0.0,0.0,0.0,0.0,0.0,411975484.183843,0.0,1416031280657.5256,520672900473.1441,-439765820.9452427,0.0,0.0,0.0,0.0,0.0,0.0,0.0,0.0,0.0,0.0,0.0,387702794.7967506,3.2767631253248295e-64,2583599.2233030894,21216547.740040023,0.0,0.0,0.0,0.0,498945397.88676345,4.471771827956291e-64,3524283.893528208,25870560.207229838,0.0,0.0,0.0,0.0,411979568.35220265,62589821.10579381,1416085399914.095,520711310380.7663,0.0,0.0,0.0,0.0,-275055761449.06934,0.0,0.0,0.0,-0.0001375278807245195,0.0,0.0,0.0,-406144313.03197694,0.0,0.0,0.0,527016715.72519565,0.0,0.0,0.0,0.0,0.0,0.0,0.0,439765820.9452427,0.0,0.0,0.0,-560638223.638599,0.0,0.0,0.0,-7.573064690121715e-18,-31035.48091126674,-7.573064690121713e-26,-0.0003103548091126673,7.567079525409641e+23,0.0,1.4160312806575267e+24,5.206729004731447e+23,378353976.2704403,0.0,1416031280657.5264,520672900473.1446,0.0,0.0,0.0,0.0,527016715.72519565,0.0,0.0,0.0,411975484.183843,0.0,1416031280657.5256,520672900473.1441,0.0,0.0,0.0,0.0,-560638223.638599,0.0,0.0,0.0
1.24,-1,-1,1,-31031.39830126658,0.0,-0.0003103139830126658,0.0,2.8672682377850744e+23,0.0,1.4160211677664174e+24,5.206631874315789e+23,143363411.8892379,0.0,1416021167766.417,520663187431.57874,395253645.3274019,0.0,0.0,0.0,0.0,0.0,0.0,0.0,411970721.8543959,0.0,1416021167766.4148,520663187431.5783,-663860955.2925601,0.0,0.0,0.0,0.0,0.0,0.0,0.0,0.0,0.0,0.0,0.0,380025313.0590433,3.214276301810638e-64,2534304.3269006745,20783297.768882602,0.0,0.0,0.0,0.0,511450627.08075404,4.573546401051152e-64,3604572.3359796596,26576287.991537504,0.0,0.0,0.0,0.0,411979568.3522023,62589821.10579377,1416085399914.0942,520711310380.76556,0.0,0.0,0.0,0.0,-262494198977.97623,0.0,0.0,0.0,-0.00013124709948897362,0.0,0.0,0.0,-395253645.3274019,0.0,0.0,0.0,539723221.717112,0.0,0.0,0.0,0.0,0.0,0.0,0.0,663860955.2925601,0.0,0.0,0.0,-808330531.6824018,0.0,0.0,0.0,-5.048709793414476e-18,-31031.39830126591,-5.0487097934144756e-26,-0.00031031398301265906,2.8672682377824495e+23,0.0,1.4160211677664174e+24,5.206631874315789e+23,143363411.88910666,0.0,1416021167766.417,520663187431.57874,0.0,0.0,0.0,0.0,539723221.717112,0.0,0.0,0.0,411970721.8543959,0.0,1416021167766.4148,520663187431.5783,0.0,0.0,0.0,0.0,-808330531.6824018,0.0,0.0,0.0
1.26,-1,-1,1,-31025.1580636887,0.0,-0.000310251580636887,0.0,-4.080838320054007e+23,0.0,1.4159999077304554e+24,5.206423677650075e+23,-204041916.00267783,0.0,1415999907730.455,520642367765.0074,383661168.7101407,0.0,0.0,0.0,0.0,0.0,0.0,0.0,411960402.4663091,0.0,1415999907730.453,520642367765.00684,-999663487.179128,0.0,0.0,0.0,0.0,0.0,0.0,0.0,0.0,0.0,0.0,0.0,372971382.51935375,3.157548905723864e-64,2489546.749356213,20381325.887239683,0.0,0.0,0.0,0.0,522940087.36791015,4.665940384211506e-64,3677470.6676555807,27231052.808662415,0.0,0.0,0.0,0.0,411979568.3522024,62589821.10579379,1416085399914.0945,520711310380.7658,0.0,0.0,0.0,0.0,-239009037613.89508,0.0,0.0,0.0,-0.00011950451880693436,0.0,0.0,0.0,-383661168.7101407,0.0,0.0,0.0,551093390.5321234,0.0,0.0,0.0,0.0,0.0,0.0,0.0,999663487.179128,0.0,0.0,0.0,-1167095709.0012302,0.0,0.0,0.0,-5.048709793414476e-18,-31025.158063688086,-5.0487097934144756e-26,-0.0003102515806368808,-4.080838320056397e+23,0.0,1.4159999077304554e+24,5.206423677650075e+23,-204041916.00279734,0.0,1415999907730.455,520642367765.0074,0.0,0.0,0.0,0.0,551093390.5321234,0.0,0.0,0.0,411960402.4663091,0.0,1415999907730.453,520642367765.00684,0.0,0.0,0.0,0.0,-1167095709.0012302,0.0,0.0,0.0
1.28,-1,-1,1,-31015.493523585326,0.0,-0.0003101549352358532,0.0,-1.4339773207071345e+24,0.0,1.4159545222036663e+24,5.205974868332358e+23,-716988660.3534882,0.0,1415954522203.666,520597486833.23566,371112398.72006834,0.0,0.0,0.0,0.0,0.0,0.0,0.0,411938039.5505536,0.0,1415954522203.664,520597486833.23486,-1500039098.624111,0.0,0.0,0.0,0.0,0.0,0.0,0.0,0.0,0.0,0.0,0.0,366908513.94591725,3.109763513991579e-64,2451836.23073246,20030305.343607783,0.0,0.0,0.0,0.0,532815213.99306166,4.743770198086109e-64,3738891.1850806954,27802813.208175123,0.0,0.0,0.0,0.0,411979568.35220206,62589821.10579377,1416085399914.094,520711310380.76544,0.0,0.0,0.0,0.0,-201210379600.5471,0.0,0.0,0.0,-0.00010060518980026245,0.0,0.0,0.0,-371112398.72006834,0.0,0.0,0.0,560368915.0413047,0.0,0.0,0.0,0.0,0.0,0.0,0.0,1500039098.624111,0.0,0.0,0.0,-1689295614.9454477,0.0,0.0,0.0,-7.573064690121715e-18,-31015.493523584617,-7.573064690121713e-26,-0.0003101549352358461,-1.4339773207073356e+24,0.0,1.4159545222036663e+24,5.205974868332358e+23,-716988660.3535886,0.0,1415954522203.666,520597486833.23566,0.0,0.0,0.0,0.0,560368915.0413047,0.0,0.0,0.0,411938039.5505536,0.0,1415954522203.664,520597486833.23486,0.0,0.0,0.0,0.0,-1689295614.9454477,0.0,0.0,0.0
1.3,-1,-1,1,-31000.253159996937,0.0,-0.0003100025315999693,0.0,-2.947122838039901e+24,0.0,1.4158568863232625e+24,5.2050046670868864e+23,-1473561419.019788,0.0,1415856886323.2622,520500466708.68854,356828212.12451065,0.0,0.0,0.0,0.0,0.0,0.0,0.0,411889574.3530266,0.0,1415856886323.2605,520500466708.6877,-2242279205.4973264,0.0,0.0,0.0,0.0,0.0,0.0,0.0,0.0,0.0,0.0,0.0,361990045.72543144,3.072230856055811e-64,2422207.265941508,19738550.373190112,0.0,0.0,0.0,0.0,540826294.5416694,4.8049010097309144e-64,3787148.9720314704,28278031.21556005,0.0,0.0,0.0,0.0,411979568.35220253,62589821.10579381,1416085399914.095,520711310380.7662,0.0,0.0,0.0,0.0,-172842293977.7565,0.0,0.0,0.0,-8.642114698886871e-05,0.0,0.0,0.0,-356828212.12451065,0.0,0.0,0.0,567101613.0191034,0.0,0.0,0.0,0.0,0.0,0.0,0.0,2242279205.4973264,0.0,0.0,0.0,-2452552606.3920054,0.0,0.0,0.0,-7.573064690121715e-18,-31000.253159996213,-7.573064690121713e-26,-0.0003100025315999621,-2.9471228380400744e+24,0.0,1.4158568863232625e+24,5.2050046670868864e+23,-1473561419.0198746,0.0,1415856886323.2622,520500466708.68854,0.0,0.0,0.0,0.0,567101613.0191034,0.0,0.0,0.0,411889574.3530266,0.0,1415856886323.2605,520500466708.6877,0.0,0.0,0.0,0.0,-2452552606.3920054,0.0,0.0,0.0
1.32,-1,-1,1,-30975.64488093962,0.0,-0.0003097564488093962,0.0,-5.177268122199403e+24,0.0,1.4156460473996102e+24,5.2029045016306996e+23,-2588634061.0994163,0.0,1415646047399.6099,520290450163.0698,339393644.668942,0.0,0.0,0.0,0.0,0.0,0.0,0.0,411784535.94990516,0.0,1415646047399.608,520290450163.06885,-3339812241.7182636,0.0,0.0,0.0,0.0,0.0,0.0,0.0,0.0,0.0,0.0,0.0,358184897.9728658,3.044656529888869e-64,2400429.092604639,19504554.037930626,0.0,0.0,0.0,0.0,547023988.6864004,4.849812322487624e-64,3822619.8829911184,28659165.535456635,0.0,0.0,0.0,0.0,411979568.352203,62589821.10579379,1416085399914.0957,520711310380.7667,0.0,0.0,0.0,0.0,-126197934150.70973,0.0,0.0,0.0,-6.30989670753479e-05,0.0,0.0,0.0,-339393644.668942,0.0,0.0,0.0,571074374.7734909,0.0,0.0,0.0,0.0,0.0,0.0,0.0,3339812241.7182636,0.0,0.0,0.0,-3571492971.8228755,0.0,0.0,0.0,-1.0097419586828953e-17,-30975.644880938882,-1.0097419586828951e-25,-0.00030975644880938875,-5.177268122199532e+24,0.0,1.4156460473996102e+24,5.2029045016306996e+23,-2588634061.09948,0.0,1415646047399.6099,520290450163.0698,0.0,0.0,0.0,0.0,571074374.7734909,0.0,0.0,0.0,411784535.94990516,0.0,1415646047399.608,520290450163.06885,0.0,0.0,0.0,0.0,-3571492971.8228755,0.0,0.0,0.0
1.34,-1,-1,1,-30934.72977684384,0.0,-0.00030934729776843834,0.0,-8.46259405173845e+24,0.0,1.4151899059605233e+24,5.198355343976531e+23,-4231297025.8687577,0.0,1415189905960.523,519835534397.65295,316623345.61468875,0.0,0.0,0.0,0.0,0.0,0.0,0.0,411556883.4008564,0.0,1415189905960.5208,519835534397.6522,-4959477254.884305,0.0,0.0,0.0,0.0,0.0,0.0,0.0,0.0,0.0,0.0,0.0,355349186.4353732,3.0257602410030533e-64,2385493.632219388,19320822.91060472,0.0,0.0,0.0,0.0,551642677.2161624,4.880589398777866e-64,3846945.8147135763,28958424.598139703,0.0,0.0,0.0,0.0,411979568.3522024,62589821.1057938,1416085399914.0945,520711310380.76575,0.0,0.0,0.0,0.0,-102810561656.96326,0.0,0.0,0.0,-5.140528082847595e-05,0.0,0.0,0.0,-316623345.61468875,0.0,0.0,0.0,572136762.3461964,0.0,0.0,0.0,0.0,0.0,0.0,0.0,4959477254.884305,0.0,0.0,0.0,-5214990671.615863,0.0,0.0,0.0,-1.0097419586828953e-17,-30934.72977684312,-1.0097419586828951e-25,-0.00030934729776843113,-8.462594051738554e+24,0.0,1.4151899059605233e+24,5.198355343976531e+23,-4231297025.8688097,0.0,1415189905960.523,519835534397.65295,0.0,0.0,0.0,0.0,572136762.3461964,0.0,0.0,0.0,411556883.4008564,0.0,1415189905960.5208,519835534397.6522,0.0,0.0,0.0,0.0,-5214990671.615863,0.0,0.0,0.0
1.36,-1,-1,1,-30864.352508555494,0.0,-0.0003086435250855549,0.0,-1.3300981356240329e+25,0.0,1.4142021839425326e+24,5.188498460782996e+23,-6650490678.119431,0.0,1414202183942.5322,518849846078.2995,285326486.22882223,0.0,0.0,0.0,0.0,0.0,0.0,0.0,411063493.39774156,0.0,1414202183942.53,518849846078.2989,-7346880657.745994,0.0,0.0,0.0,0.0,0.0,0.0,0.0,0.0,0.0,0.0,0.0,353295853.7538856,3.0138676599192395e-64,2376081.962477081,19177664.587145735,0.0,0.0,0.0,0.0,554987048.4579281,4.8999592802141744e-64,3862274.9456309243,29191597.329254463,0.0,0.0,0.0,0.0,411979568.3522029,62589821.105793804,1416085399914.0952,520711310380.7664,0.0,0.0,0.0,0.0,-88199973106.39401,0.0,0.0,0.0,-4.409998655319214e-05,0.0,0.0,0.0,-285326486.22882223,0.0,0.0,0.0,570024676.7401634,0.0,0.0,0.0,0.0,0.0,0.0,0.0,7346880657.745994,0.0,0.0,0.0,-7631578848.257377,0.0,0.0,0.0,-5.048709793414476e-18,-30864.352508554784,-5.0487097934144756e-26,-0.0003086435250855478,-1.3300981356240414e+25,0.0,1.4142021839425326e+24,5.188498460782996e+23,-6650490678.1194725,0.0,1414202183942.5322,518849846078.2995,0.0,0.0,0.0,0.0,570024676.7401634,0.0,0.0,0.0,411063493.39774156,0.0,1414202183942.53,518849846078.2989,0.0,0.0,0.0,0.0,-7631578848.257377,0.0,0.0,0.0
1.3800000000000001,-1,-1,1,-30738.777402809923,0.0,-0.00030738777402809916,0.0,-2.0425367473206753e+25,0.0,1.412062560023003e+24,5.1671388071682457e+23,-10212683736.60225,0.0,1412062560023.0027,516713880716.82446,240903176.96932214,0.0,0.0,0.0,0.0,0.0,0.0,0.0,409994235.7986158,0.0,1412062560023.0,516713880716.82404,-10863581149.370188,0.0,0.0,0.0,0.0,0.0,0.0,0.0,0.0,0.0,0.0,0.0,351841292.3749796,3.0072963263158168e-64,2370868.5232817954,19065782.968805954,0.0,0.0,0.0,0.0,557356163.5615925,4.910662251409365e-64,3870766.264651184,29373826.24984365,0.0,0.0,0.0,0.0,411979568.3522028,62589821.105793804,1416085399914.095,520711310380.7663,0.0,0.0,0.0,0.0,-90703368186.9607,0.0,0.0,0.0,-4.535168409347534e-05,0.0,0.0,0.0,-240903176.96932214,0.0,0.0,0.0,564191362.7561071,0.0,0.0,0.0,0.0,0.0,0.0,0.0,10863581149.370188,0.0,0.0,0.0,-11186869335.157019,0.0,0.0,0.0,-7.573064690121715e-18,-30738.777402809257,-7.573064690121713e-26,-0.0003073877740280925,-2.0425367473206843e+25,0.0,1.412062560023003e+24,5.1671388071682457e+23,-10212683736.602295,0.0,1412062560023.0027,516713880716.82446,0.0,0.0,0.0,0.0,564191362.7561071,0.0,0.0,0.0,409994235.7986158,0.0,1412062560023.0,516713880716.82404,0.0,0.0,0.0,0.0,-11186869335.157019,0.0,0.0,0.0
1.4000000000000001,-1,-1,1,-30506.327919268726,0.0,-0.0003050632791926872,0.0,-3.0914464805855045e+25,0.0,1.407427228106671e+24,5.120854043595763e+23,-15457232402.925817,0.0,1407427228106.6707,512085404359.5762,176704269.12092736,0.0,0.0,0.0,0.0,0.0,0.0,0.0,407677270.4775753,0.0,1407427228106.6685,512085404359.5755,-16041613942.524323,0.0,0.0,0.0,0.0,0.0,0.0,0.0,0.0,0.0,0.0,0.0,350828081.0940686,3.0045358546886687e-64,2368663.14697636,18977589.22679182,0.0,0.0,0.0,0.0,559006427.4093387,4.915158332432434e-64,3874358.2416355703,29517472.534469,0.0,0.0,0.0,0.0,411979568.3522022,62589821.105793774,1416085399914.0938,520711310380.7657,0.0,0.0,0.0,0.0,-105142593383.80066,0.0,0.0,0.0,-5.257129669189453e-05,0.0,0.0,0.0,-176704269.12092736,0.0,0.0,0.0,553638183.7524765,0.0,0.0,0.0,0.0,0.0,0.0,0.0,16041613942.524323,0.0,0.0,0.0,-16418547857.15592,0.0,0.0,0.0,-7.573064690121715e-18,-30506.32791926804,-7.573064690121713e-26,-0.00030506327919268037,-3.0914464805855166e+25,0.0,1.407427228106671e+24,5.120854043595763e+23,-15457232402.925877,0.0,1407427228106.6707,512085404359.5762,0.0,0.0,0.0,0.0,553638183.7524765,0.0,0.0,0.0,407677270.4775753,0.0,1407427228106.6685,512085404359.5755,0.0,0.0,0.0,0.0,-16418547857.15592,0.0,0.0,0.0
1.42,-1,-1,1,-30061.084005281944,0.0,-0.0003006108400528194,0.0,-4.635553438680326e+25,0.0,1.3973861119265438e+24,5.0205711348547534e+23,-23177767193.39907,0.0,1397386111926.5435,502057113485.4752,83063380.63339938,0.0,0.0,0.0,0.0,0.0,0.0,0.0,402657695.57403755,0.0,1397386111926.5417,502057113485.4744,-23663488269.606506,0.0,0.0,0.0,0.0,0.0,0.0,0.0,0.0,0.0,0.0,0.0,350131412.730946,3.00430457793279e-64,2368455.574140465,18907540.01187887,0.0,0.0,0.0,0.0,560141121.8961427,4.915535021336957e-64,3874696.3231099267,29631565.400129206,0.0,0.0,0.0,0.0,411979568.3522029,62589821.10579377,1416085399914.0955,520711310380.76685,0.0,0.0,0.0,0.0,-258982181549.10086,0.0,0.0,0.0,-0.00012949109077453613,0.0,0.0,0.0,-83063380.63339938,0.0,0.0,0.0,536712868.9023607,0.0,0.0,0.0,0.0,0.0,0.0,0.0,23663488269.606506,0.0,0.0,0.0,-24117137757.87559,0.0,0.0,0.0,-7.573064690121715e-18,-30061.084005281282,-7.573064690121713e-26,-0.0003006108400528128,-4.6355534386803536e+25,0.0,1.3973861119265438e+24,5.0205711348547534e+23,-23177767193.399208,0.0,1397386111926.5435,502057113485.4752,0.0,0.0,0.0,0.0,536712868.9023607,0.0,0.0,0.0,402657695.57403755,0.0,1397386111926.5417,502057113485.4744,0.0,0.0,0.0,0.0,-24117137757.87559,0.0,0.0,0.0
1.44,-1,-1,1,-29182.527952597502,0.0,-0.00029182527952597496,0.0,-6.908452600555966e+25,0.0,1.3756392262862122e+24,4.803333341515207e+23,-34542263002.77602,0.0,1375639226286.212,480333334151.52057,-54139838.357264854,0.0,0.0,0.0,0.0,0.0,0.0,0.0,391785836.3894166,0.0,1375639226286.2102,480333334151.51984,-34879909000.80817,0.0,0.0,0.0,0.0,0.0,0.0,0.0,0.0,0.0,0.0,0.0,349657124.06392366,3.0055706644174144e-64,2369431.988879453,18851816.427725628,0.0,0.0,0.0,0.0,560913616.1384308,4.913472900009174e-64,3873106.000766404,29722325.142903846,0.0,0.0,0.0,0.0,411979568.35220265,62589821.10579383,1416085399914.0952,520711310380.76624,0.0,0.0,0.0,0.0,-689744949340.8964,0.0,0.0,0.0,-0.00034487247467041016,0.0,0.0,0.0,54139838.357264854,0.0,0.0,0.0,510832570.30913174,0.0,0.0,0.0,0.0,0.0,0.0,0.0,34879909000.80817,0.0,0.0,0.0,-35444881409.4749,0.0,0.0,0.0,-7.573064690121715e-18,-29182.527952596833,-7.573064690121713e-26,-0.0002918252795259683,-6.908452600556033e+25,0.0,1.3756392262862122e+24,4.803333341515207e+23,-34542263002.77635,0.0,1375639226286.212,480333334151.52057,0.0,0.0,0.0,0.0,510832570.30913174,0.0,0.0,0.0,391785836.3894166,0.0,1375639226286.2102,480333334151.51984,0.0,0.0,0.0,0.0,-35444881409.4749,0.0,0.0,0.0
1.46,-1,-1,1,-27406.185789218718,0.0,-0.0002740618578921871,0.0,-1.0254207891005222e+26,0.0,1.3285486766537035e+24,4.332820927431204e+23,-51271039455.02045,0.0,1328548676653.7031,433282092743.1203,-255604432.65789318,0.0,0.0,0.0,0.0,0.0,0.0,0.0,368243587.4263729,0.0,1328548676653.7017,433282092743.1199,-51383678609.78894,0.0,0.0,0.0,0.0,0.0,0.0,0.0,0.0,0.0,0.0,0.0,349336626.3636937,3.007575204998085e-64,2370993.421094262,18807675.922741212,0.0,0.0,0.0,0.0,561435624.165919,4.910208031507695e-64,3870562.839079428,29794218.839355353,0.0,0.0,0.0,0.0,411979568.3522026,62589821.1057938,1416085399914.0947,520711310380.76587,0.0,0.0,0.0,0.0,-494569540023.8583,0.0,0.0,0.0,-0.00024728477001190186,0.0,0.0,0.0,255604432.65789318,0.0,0.0,0.0,472078548.3916081,0.0,0.0,0.0,0.0,0.0,0.0,0.0,51383678609.78894,0.0,0.0,0.0,-52111361590.83868,0.0,0.0,0.0,-5.048709793414476e-18,-27406.18578921813,-5.0487097934144756e-26,-0.00027406185789218126,-1.025420789100527e+26,0.0,1.3285486766537035e+24,4.332820927431204e+23,-51271039455.02069,0.0,1328548676653.7031,433282092743.1203,0.0,0.0,0.0,0.0,472078548.3916081,0.0,0.0,0.0,368243587.4263729,0.0,1328548676653.7017,433282092743.1199,0.0,0.0,0.0,0.0,-52111361590.83868,0.0,0.0,0.0
1.48,-1,-1,1,-23745.406623486408,0.0,-0.00023745406623486406,0.0,-1.5180140705234801e+26,0.0,1.2265879415325589e+24,3.3138460714646e+23,-75900703526.16562,0.0,1226587941532.5586,331384607146.4599,-551740217.9939622,0.0,0.0,0.0,0.0,0.0,0.0,0.0,317270224.9171717,0.0,1226587941532.557,331384607146.4594,-75666233533.08884,0.0,0.0,0.0,0.0,0.0,0.0,0.0,0.0,0.0,0.0,0.0,349121325.64998204,3.0098289329230646e-64,2372753.5693288753,18772901.725315463,0.0,0.0,0.0,0.0,561786293.3244545,4.906537302471758e-64,3867696.0213375166,29850857.131502155,0.0,0.0,0.0,0.0,411979568.35220253,62589821.10579377,1416085399914.0947,520711310380.7658,0.0,0.0,0.0,0.0,-653147697448.8026,0.0,0.0,0.0,-0.00032657384872436523,0.0,0.0,0.0,551740217.9939622,0.0,0.0,0.0,414594568.78954905,0.0,0.0,0.0,0.0,0.0,0.0,0.0,75666233533.08884,0.0,0.0,0.0,-76632568319.87267,0.0,0.0,0.0,-2.524354896707238e-18,-23745.40662348589,-2.5243548967072378e-26,-0.00023745406623485886,-1.518014070523486e+26,0.0,1.2265879415325589e+24,3.3138460714646e+23,-75900703526.16592,0.0,1226587941532.5586,331384607146.4599,0.0,0.0,0.0,0.0,414594568.78954905,0.0,0.0,0.0,317270224.9171717,0.0,1226587941532.557,331384607146.4594,0.0,0.0,0.0,0.0,-76632568319.87267,0.0,0.0,0.0
1.5,-1,-1,1,-16091.879294032477,0.0,-0.00016091879294032472,0.0,-2.2434858623886314e+26,0.0,1.0058280491126756e+24,1.1072244254673482e+23,-112174293119.41919,0.0,1005828049112.6753,110722442546.73479,-987258458.5605264,0.0,0.0,0.0,0.0,0.0,0.0,0.0,206909451.93699998,0.0,1005828049112.6741,110722442546.73459,-111393944112.79565,0.0,0.0,0.0,0.0,0.0,0.0,0.0,0.0,0.0,0.0,0.0,348977491.2075534,3.012058011265997e-64,2374496.2347747227,18745584.48129866,0.0,0.0,0.0,0.0,562020562.3577096,4.902906721110939e-64,3864857.678438687,29895349.91536569,0.0,0.0,0.0,0.0,411979568.35220265,62589821.10579381,1416085399914.0947,520711310380.76624,0.0,0.0,0.0,0.0,-858068466186.6182,0.0,0.0,0.0,-0.0004290342330932617,0.0,0.0,0.0,987258458.5605264,0.0,0.0,0.0,329698595.28941095,0.0,0.0,0.0,0.0,0.0,0.0,0.0,111393944112.79565,0.0,0.0,0.0,-112710901166.64601,0.0,0.0,0.0,3.7865323450608574e-18,-16091.879294032122,3.7865323450608567e-26,-0.0001609187929403212,-2.2434858623886393e+26,0.0,1.0058280491126756e+24,1.1072244254673482e+23,-112174293119.41959,0.0,1005828049112.6753,110722442546.73479,0.0,0.0,0.0,0.0,329698595.28941095,0.0,0.0,0.0,206909451.93699998,0.0,1005828049112.6741,110722442546.73459,0.0,0.0,0.0,0.0,-112710901166.64601,0.0,0.0,0.0
