sweep_parameter:V,band_info:CB:sign,band_info:IB:sign,band_info:VB:sign,avg:current_CB:p_contact,avg:current_CB:n_contact,tot:current_CB:p_contact,tot:current_CB:n_contact,avg:g_CB:fsf,avg:g_CB:p,avg:g_CB:n,avg:g_CB:I,tot:g_CB:fsf,tot:g_CB:p,tot:g_CB:n,tot:g_CB:I,tot:g_opt_ci_CB:fsf,tot:g_opt_ci_CB:p,tot:g_opt_ci_CB:n,tot:g_opt_ci_CB:I,tot:g_opt_iv_CB:fsf,tot:g_opt_iv_CB:p,tot:g_opt_iv_CB:n,tot:g_opt_iv_CB:I,tot:g_opt_cv_CB:fsf,tot:g_opt_cv_CB:p,tot:g_opt_cv_CB:n,tot:g_opt_cv_CB:I,tot:g_nr_top_CB:fsf,tot:g_nr_top_CB:p,tot:g_nr_top_CB:n,tot:g_nr_top_CB:I,tot:g_nr_bottom_CB:fsf,tot:g_nr_bottom_CB:p,tot:g_nr_bottom_CB:n,tot:g_nr_bottom_CB:I,tot:gother_forward_ci:fsf,tot:gother_forward_ci:p,tot:gother_forward_ci:n,tot:gother_forward_ci:I,tot:gabs_forward_ci:fsf,tot:gabs_forward_ci:p,tot:gabs_forward_ci:n,tot:gabs_forward_ci:I,tot:gother_forward_iv:fsf,tot:gother_forward_iv:p,tot:gother_forward_iv:n,tot:gother_forward_iv:I,tot:gabs_forward_iv:fsf,tot:gabs_forward_iv:p,tot:gabs_forward_iv:n,tot:gabs_forward_iv:I,tot:gother_forward_cv:fsf,tot:gother_forward_cv:p,tot:gother_forward_cv:n,tot:gother_forward_cv:I,tot:gabs_forward_cv:fsf,tot:gabs_forward_cv:p,tot:gabs_forward_cv:n,tot:gabs_forward_cv:I,avg:current_IB:p_contact,avg:current_IB:n_contact,tot:current_IB:p_contact,tot:current_IB:n_contact,avg:g_IB:fsf,avg:g_IB:p,avg:g_IB:n,avg:g_IB:I,tot:g_IB:fsf,tot:g_IB:p,tot:g_IB:n,tot:g_IB:I,tot:g_opt_ci_IB:fsf,tot:g_opt_ci_IB:p,tot:g_opt_ci_IB:n,tot:g_opt_ci_IB:I,tot:g_opt_iv_IB:fsf,tot:g_opt_iv_IB:p,tot:g_opt_iv_IB:n,tot:g_opt_iv_IB:I,tot:g_opt_cv_IB:fsf,tot:g_opt_cv_IB:p,tot:g_opt_cv_IB:n,tot:g_opt_cv_IB:I,tot:g_nr_top_IB:fsf,tot:g_nr_top_IB:p,tot:g_nr_top_IB:n,tot:g_nr_top_IB:I,tot:g_nr_bottom_IB:fsf,tot:g_nr_bottom_IB:p,tot:g_nr_bottom_IB:n,tot:g_nr_bottom_IB:I,avg:current_VB:p_contact,avg:current_VB:n_contact,tot:current_VB:p_contact,tot:current_VB:n_contact,avg:g_VB:fsf,avg:g_VB:p,avg:g_VB:n,avg:g_VB:I,tot:g_VB:fsf,tot:g_VB:p,tot:g_VB:n,tot:g_VB:I,tot:g_opt_ci_VB:fsf,tot:g_opt_ci_VB:p,tot:g_opt_ci_VB:n,tot:g_opt_ci_VB:I,tot:g_opt_iv_VB:fsf,tot:g_opt_iv_VB:p,tot:g_opt_iv_VB:n,tot:g_opt_iv_VB:I,tot:g_opt_cv_VB:fsf,tot:g_opt_cv_VB:p,tot:g_opt_cv_VB:n,tot:g_opt_cv_VB:I,tot:g_nr_top_VB:fsf,tot:g_nr_top_VB:p,tot:g_nr_top_VB:n,tot:g_nr_top_VB:I,tot:g_nr_bottom_VB:fsf,tot:g_nr_bottom_VB:p,tot:g_nr_bottom_VB:n,tot:g_nr_bottom_VB:I
# ,,,,mA/cm^2,mA/cm^2,mA,mA,cm^-3/s,cm^-3/s,cm^-3/s,cm^-3/s,1/s,1/s,1/s,1/s,1/s,1/s,1/s,1/s,1/s,1/s,1/s,1/s,1/s,1/s,1/s,1/s,1/s,1/s,1/s,1/s,1/s,1/s,1/s,1/s,1/s,1/s,1/s,1/s,1/s,1/s,1/s,1/s,1/s,1/s,1/s,1/s,1/s,1/s,1/s,1/s,1/s,1/s,1/s,1/s,1/s,1/s,1/s,1/s,mA/cm^2,mA/cm^2,mA,mA,cm^-3/s,cm^-3/s,cm^-3/s,cm^-3/s,1/s,1/s,1/s,1/s,1/s,1/s,1/s,1/s,1/s,1/s,1/s,1/s,1/s,1/s,1/s,1/s,1/s,1/s,1/s,1/s,1/s,1/s,1/s,1/s,mA/cm^2,mA/cm^2,mA,mA,cm^-3/s,cm^-3/s,cm^-3/s,cm^-3/s,1/s,1/s,1/s,1/s,1/s,1/s,1/s,1/s,1/s,1/s,1/s,1/s,1/s,1/s,1/s,1/s,1/s,1/s,1/s,1/s,1/s,1/s,1/s,1/s
0.0,-1,-1,1,0.0,-42356.5576683669,0.0,-0.0004235655766836689,0.0,1.4160307006391974e+24,2.5869395798904858e+23,1.384234249187552e+24,0.0,1416030700639.197,258693957989.04852,968963974431.2861,0.0,0.0,0.0,608145549511.1918,0.0,0.0,0.0,0.0,0.0,1416030700639.195,258693957989.048,414896171575.812,0.0,0.0,0.0,-54077746655.71546,0.0,0.0,0.0,0.0,0.0,0.0,0.0,0.0,4.8877031428281044e-65,383680.7124794323,4179230.9035016554,608704781443.1271,0.0,0.0,0.0,0.0,3.7978614372505e-63,29813231.22234075,2.077643716375462,1347853262238.9468,0.0,0.0,0.0,0.0,62589821.105793364,1416085399913.9758,258706905391.37784,414896845385.7401,0.0,0.0,0.0,0.0,0.0,0.0,0.0,-994127078780.1064,0.0,0.0,0.0,-0.6958889551460743,0.0,0.0,0.0,-608145549511.1918,0.0,0.0,0.0,1335254242301.22,0.0,0.0,0.0,0.0,0.0,0.0,0.0,54077746655.71546,0.0,0.0,0.0,-781186439446.4386,-42356.55766836555,-3.7865323450608574e-18,-0.00042356557668365546,-3.7865323450608567e-26,0.0,1.4160307006391974e+24,2.5869395798904858e+23,1.384234249186558e+24,0.0,1416030700639.197,258693957989.04852,968963974430.5902,0.0,0.0,0.0,0.0,0.0,0.0,0.0,1335254242301.22,0.0,1416030700639.195,258693957989.048,414896171575.812,0.0,0.0,0.0,0.0,0.0,0.0,0.0,-781186439446.4386
0.02,-1,-1,1,0.0,-42340.81554109205,0.0,-0.0004234081554109204,0.0,1.4160306918904781e+24,2.586939288033043e+23,1.3828306660974535e+24,0.0,1416030691890.4778,258693928803.30423,967981466268.2172,0.0,0.0,0.0,607446102886.5005,0.0,0.0,0.0,0.0,0.0,1416030691890.4758,258693928803.3038,414896167754.73413,0.0,0.0,0.0,-54360804373.01579,0.0,0.0,0.0,0.0,0.0,0.0,0.0,0.0,4.890168502754071e-65,383874.2431932773,4181710.587704819,608008283210.7292,0.0,0.0,0.0,0.0,3.7977381692488647e-63,29812263.60038356,2.1071303225916265,1349140537044.3074,0.0,0.0,0.0,0.0,62589821.105793335,1416085399913.9749,258706905391.3775,414896845385.73944,0.0,0.0,0.0,0.0,0.0,0.0,0.0,-3234526293756707.5,0.0,0.0,0.0,-2264.1684056296945,0.0,0.0,0.0,-607446102886.5005,0.0,0.0,0.0,1336505406141.634,0.0,0.0,0.0,0.0,0.0,0.0,0.0,54360804373.01579,0.0,0.0,0.0,-783420109892.3169,-42340.8155410907,-2.524354896707238e-18,-0.00042340815541090686,-2.5243548967072378e-26,0.0,1.4160306918904781e+24,2.586939288033043e+23,1.3828306628629273e+24,0.0,1416030691890.4778,258693928803.30423,967981464004.0488,0.0,0.0,0.0,0.0,0.0,0.0,0.0,1336505406141.634,0.0,1416030691890.4758,258693928803.3038,414896167754.73413,0.0,0.0,0.0,0.0,0.0,0.0,0.0,-783420109892.3169
0.04,-1,-1,1,0.0,-42324.928041734405,0.0,-0.000423249280417344,0.0,1.4160306830821375e+24,2.5869389933731123e+23,1.381414122727849e+24,0.0,1416030683082.1372,258693899337.31116,966989885909.4939,0.0,0.0,0.0,606740644629.0546,0.0,0.0,0.0,0.0,0.0,1416030683082.1348,258693899337.3106,414896163893.37964,0.0,0.0,0.0,-54646922612.93817,0.0,0.0,0.0,0.0,0.0,0.0,0.0,0.0,4.892632939493814e-65,384067.7013996367,4184211.560524265,607305805233.4008,0.0,0.0,0.0,0.0,3.79761494740654e-63,29811296.340950686,2.137585646162571,1350434232828.4172,0.0,0.0,0.0,0.0,62589821.10579332,1416085399913.9744,258706905391.37732,414896845385.73914,0.0,0.0,0.0,0.0,0.0,0.0,0.0,-1.4100104201164634e+16,0.0,0.0,0.0,-9870.07294081524,0.0,0.0,0.0,-606740644629.0546,0.0,0.0,0.0,1337762744396.8433,0.0,0.0,0.0,0.0,0.0,0.0,0.0,54646922612.93817,0.0,0.0,0.0,-785669032250.7993,-42324.928041733234,-3.7865323450608574e-18,-0.0004232492804173323,-3.7865323450608567e-26,0.0,1.4160306830821375e+24,2.5869389933731123e+23,1.3814141086277455e+24,0.0,1416030683082.1372,258693899337.31116,966989876039.4215,0.0,0.0,0.0,0.0,0.0,0.0,0.0,1337762744396.8433,0.0,1416030683082.1348,258693899337.3106,414896163893.37964,0.0,0.0,0.0,0.0,0.0,0.0,0.0,-785669032250.7993
0.06,-1,-1,1,0.0,-42308.891700456734,0.0,-0.0004230889170045673,0.0,1.41603067421271e+24,2.586938695842561e+23,1.3799843058538132e+24,0.0,1416030674212.7097,258693869584.25604,965989014097.6688,0.0,0.0,0.0,606029029713.422,0.0,0.0,0.0,0.0,0.0,1416030674212.7075,258693869584.2555,414896159990.7911,0.0,0.0,0.0,-54936175606.542366,0.0,0.0,0.0,0.0,0.0,0.0,0.0,0.0,4.895096567182652e-65,384261.0960647226,4186734.33627465,606597203257.2906,0.0,0.0,0.0,0.0,3.797491766016769e-63,29810329.399212386,2.169059155376581,1351734514734.616,0.0,0.0,0.0,0.0,62589821.10579335,1416085399913.975,258706905391.3774,414896845385.73926,0.0,0.0,0.0,0.0,0.0,0.0,0.0,-8364883716537486.0,0.0,0.0,0.0,-5855.418601576239,0.0,0.0,0.0,-606029029713.422,0.0,0.0,0.0,1339026416361.8079,0.0,0.0,0.0,0.0,0.0,0.0,0.0,54936175606.542366,0.0,0.0,0.0,-787933568110.3473,-42308.89170045531,-2.524354896707238e-18,-0.00042308891700455303,-2.5243548967072378e-26,0.0,1.41603067421271e+24,2.586938695842561e+23,1.3799842974889292e+24,0.0,1416030674212.7097,258693869584.25604,965989008242.2502,0.0,0.0,0.0,0.0,0.0,0.0,0.0,1339026416361.8079,0.0,1416030674212.7075,258693869584.2555,414896159990.7911,0.0,0.0,0.0,0.0,0.0,0.0,0.0,-787933568110.3473
0.08,-1,-1,1,0.0,-42292.70282399929,0.0,-0.00042292702823999283,0.0,1.4160306652805173e+24,2.5869383953704997e+23,1.3785408903302087e+24,0.0,1416030665280.5168,258693839537.0499,964978623231.1459,0.0,0.0,0.0,605311107764.3698,0.0,0.0,0.0,0.0,0.0,1416030665280.5154,258693839537.04922,414896156045.9423,0.0,0.0,0.0,-55228640579.16402,0.0,0.0,0.0,0.0,0.0,0.0,0.0,0.0,4.897559646719881e-65,384454.4476791327,4189279.4483934413,605882327709.9122,0.0,0.0,0.0,0.0,3.7973686120345724e-63,29809362.67271945,2.2016037892591562,1353041553654.972,0.0,0.0,0.0,0.0,62589821.10579333,1416085399913.975,258706905391.3775,414896845385.73944,0.0,0.0,0.0,0.0,0.0,0.0,0.0,-1.2522212150405564e+16,0.0,0.0,0.0,-8765.548505283892,0.0,0.0,0.0,-605311107764.3698,0.0,0.0,0.0,1340296586291.0854,0.0,0.0,0.0,0.0,0.0,0.0,0.0,55228640579.16402,0.0,0.0,0.0,-790214127871.4285,-42292.70282399783,-3.7865323450608574e-18,-0.00042292702823997825,-3.7865323450608567e-26,0.0,1.4160306652805173e+24,2.5869383953704997e+23,1.378540877807997e+24,0.0,1416030665280.5168,258693839537.0499,964978614465.5975,0.0,0.0,0.0,0.0,0.0,0.0,0.0,1340296586291.0854,0.0,1416030665280.5154,258693839537.04922,414896156045.9423,0.0,0.0,0.0,0.0,0.0,0.0,0.0,-790214127871.4285
0.1,-1,-1,1,0.0,-42276.35764665892,0.0,-0.0004227635764665892,0.0,1.4160306562839792e+24,2.5869380918830445e+23,1.37708353656434e+24,0.0,1416030656283.979,258693809188.30438,963958475595.0377,0.0,0.0,0.0,604586721529.258,0.0,0.0,0.0,0.0,0.0,1416030656283.9775,258693809188.30365,414896152057.796,0.0,0.0,0.0,-55524397992.014084,0.0,0.0,0.0,0.0,0.0,0.0,0.0,0.0,4.900022298282798e-65,384647.765687542,4191847.4547963906,605161022175.3696,0.0,0.0,0.0,0.0,3.7972454794510975e-63,29808396.114249714,2.235276293514057,1354355528795.76,0.0,0.0,0.0,0.0,62589821.105793335,1416085399913.976,258706905391.3778,414896845385.7398,0.0,0.0,0.0,0.0,0.0,0.0,0.0,-1141952173018030.0,0.0,0.0,0.0,-799.3665211126208,0.0,0.0,0.0,-604586721529.258,0.0,0.0,0.0,1341573427039.0461,0.0,0.0,0.0,0.0,0.0,0.0,0.0,55524397992.014084,0.0,0.0,0.0,-792511104301.1683,-42276.357646657794,-1.262177448353619e-18,-0.0004227635764665779,-1.2621774483536189e-26,0.0,1.4160306562839792e+24,2.5869380918830445e+23,1.3770835354223886e+24,0.0,1416030656283.979,258693809188.30438,963958474795.6716,0.0,0.0,0.0,0.0,0.0,0.0,0.0,1341573427039.0461,0.0,1416030656283.9775,258693809188.30365,414896152057.796,0.0,0.0,0.0,0.0,0.0,0.0,0.0,-792511104301.1683
0.12,-1,-1,1,0.0,-42259.85216486365,0.0,-0.00042259852164863645,0.0,1.4160306472212906e+24,2.586937785303211e+23,1.3756118915384464e+24,0.0,1416030647221.2903,258693778530.321,962928324076.9121,0.0,0.0,0.0,603855707678.8683,0.0,0.0,0.0,0.0,0.0,1416030647221.2878,258693778530.32043,414896148025.241,0.0,0.0,0.0,-55823531627.19552,0.0,0.0,0.0,0.0,0.0,0.0,0.0,0.0,4.9024847919389336e-65,384841.0712990558,4194438.934937214,604433124196.321,0.0,0.0,0.0,0.0,3.7971223547629633e-63,29807429.617761105,2.270137410668189,1355676625965.125,0.0,0.0,0.0,0.0,62589821.10579334,1416085399913.976,258706905391.3775,414896845385.73956,0.0,0.0,0.0,0.0,0.0,0.0,0.0,-1138640866412648.5,0.0,0.0,0.0,-797.0486064888537,0.0,0.0,0.0,-603855707678.8683,0.0,0.0,0.0,1342857117225.2878,0.0,0.0,0.0,0.0,0.0,0.0,0.0,55823531627.19552,0.0,0.0,0.0,-794824941970.6631,-42259.852164862335,-2.524354896707238e-18,-0.00042259852164862327,-2.5243548967072378e-26,0.0,1.4160306472212906e+24,2.586937785303211e+23,1.3756118903998046e+24,0.0,1416030647221.2903,258693778530.321,962928323279.8629,0.0,0.0,0.0,0.0,0.0,0.0,0.0,1342857117225.2878,0.0,1416030647221.2878,258693778530.32043,414896148025.241,0.0,0.0,0.0,0.0,0.0,0.0,0.0,-794824941970.6631
0.14,-1,-1,1,0.0,-42243.182260601636,0.0,-0.00042243182260601626,0.0,1.416030638090687e+24,2.5869374755506768e+23,1.3741255864283042e+24,0.0,1416030638090.6865,258693747555.06763,961887910499.8127,0.0,0.0,0.0,603117895397.351,0.0,0.0,0.0,0.0,0.0,1416030638090.685,258693747555.0669,414896143947.1437,0.0,0.0,0.0,-56126128844.68008,0.0,0.0,0.0,0.0,0.0,0.0,0.0,0.0,4.904947295736953e-65,385034.37771013984,4197054.4947364535,603698463866.8358,0.0,0.0,0.0,0.0,3.7969992295677273e-63,29806463.117273793,2.3062522327443356,1357005039878.0452,0.0,0.0,0.0,0.0,62589821.10579334,1416085399913.9753,258706905391.3772,414896845385.7393,0.0,0.0,0.0,0.0,0.0,0.0,0.0,-1135248306696968.8,0.0,0.0,0.0,-794.6738146878779,0.0,0.0,0.0,-603117895397.351,0.0,0.0,0.0,1344147844486.1604,0.0,0.0,0.0,0.0,0.0,0.0,0.0,56126128844.68008,0.0,0.0,0.0,-797156078728.1625,-42243.18226060043,-2.524354896707238e-18,-0.0004224318226060042,-2.5243548967072378e-26,0.0,1.416030638090687e+24,2.5869374755506768e+23,1.374125585293056e+24,0.0,1416030638090.6865,258693747555.06763,961887909705.1389,0.0,0.0,0.0,0.0,0.0,0.0,0.0,1344147844486.1604,0.0,1416030638090.685,258693747555.0669,414896143947.1437,0.0,0.0,0.0,0.0,0.0,0.0,0.0,-797156078728.1625
0.16,-1,-1,1,0.0,-42226.34361930737,0.0,-0.0004222634361930736,0.0,1.4160306288903036e+24,2.586937162541617e+23,1.3726242365427723e+24,0.0,1416030628890.3032,258693716254.16165,960836965579.9403,0.0,0.0,0.0,602373106513.7933,0.0,0.0,0.0,0.0,0.0,1416030628890.3013,258693716254.16092,414896139822.3146,0.0,0.0,0.0,-56432280756.16565,0.0,0.0,0.0,0.0,0.0,0.0,0.0,0.0,4.907410015176755e-65,385227.7010521172,4199694.766045558,602956863965.8662,0.0,0.0,0.0,0.0,3.796876093590408e-63,29805496.532133173,2.343690544046372,1358340973631.6008,0.0,0.0,0.0,0.0,62589821.10579334,1416085399913.9758,258706905391.3779,414896845385.74,0.0,0.0,0.0,0.0,0.0,0.0,0.0,-1131773491416659.0,0.0,0.0,0.0,-792.2414439916611,0.0,0.0,0.0,-602373106513.7933,0.0,0.0,0.0,1345445804404.6553,0.0,0.0,0.0,0.0,0.0,0.0,0.0,56432280756.16565,0.0,0.0,0.0,-799504979439.2697,-42226.34361930614,-3.7865323450608574e-18,-0.00042226343619306136,-3.7865323450608567e-26,0.0,1.4160306288903036e+24,2.586937162541617e+23,1.3726242354109982e+24,0.0,1416030628890.3032,258693716254.16165,960836964787.6985,0.0,0.0,0.0,0.0,0.0,0.0,0.0,1345445804404.6553,0.0,1416030628890.3013,258693716254.16092,414896139822.3146,0.0,0.0,0.0,0.0,0.0,0.0,0.0,-799504979439.2697
0.18,-1,-1,1,0.0,-42209.33173529582,0.0,-0.0004220933173529581,0.0,1.4160306196181916e+24,2.586936846188435e+23,1.3711074401502554e+24,0.0,1416030619618.1912,258693684618.84344,959775208105.1785,0.0,0.0,0.0,601621154928.6246,0.0,0.0,0.0,0.0,0.0,1416030619618.1895,258693684618.84256,414896135649.5109,0.0,0.0,0.0,-56742082472.95487,0.0,0.0,0.0,0.0,0.0,0.0,0.0,0.0,4.909873163158193e-65,385421.0580327552,4202360.4086543545,602208139386.2089,0.0,0.0,0.0,0.0,3.796752936186009e-63,29804529.778803702,2.3825273103899414,1359684639444.1597,0.0,0.0,0.0,0.0,62589821.10579333,1416085399913.9753,258706905391.37744,414896845385.73944,0.0,0.0,0.0,0.0,0.0,0.0,0.0,-1128179605209402.0,0.0,0.0,0.0,-789.7257236465812,0.0,0.0,0.0,-601621154928.6246,0.0,0.0,0.0,1346751201351.3962,0.0,0.0,0.0,0.0,0.0,0.0,0.0,56742082472.95487,0.0,0.0,0.0,-801872129685.4521,-42209.33173529445,-2.524354896707238e-18,-0.00042209331735294445,-2.5243548967072378e-26,0.0,1.4160306196181916e+24,2.586936846188435e+23,1.3711074390220752e+24,0.0,1416030619618.1912,258693684618.84344,959775207315.4524,0.0,0.0,0.0,0.0,0.0,0.0,0.0,1346751201351.3962,0.0,1416030619618.1895,258693684618.84256,414896135649.5109,0.0,0.0,0.0,0.0,0.0,0.0,0.0,-801872129685.4521
0.2,-1,-1,1,0.0,-42192.14189974819,0.0,-0.00042192141899748185,0.0,1.4160306102723132e+24,2.5869365263996186e+23,1.3695747774076387e+24,0.0,1416030610272.3127,258693652639.9618,958702344185.3469,0.0,0.0,0.0,600861846133.967,0.0,0.0,0.0,0.0,0.0,1416030610272.3103,258693652639.96097,414896131427.43744,0.0,0.0,0.0,-57055633376.055626,0.0,0.0,0.0,0.0,0.0,0.0,0.0,0.0,4.9123369619231075e-65,385614.46609067556,4205052.112008826,601452096657.4999,0.0,0.0,0.0,0.0,3.7966297462424243e-63,29803562.77009472,2.4228433342102114,1361036259198.7166,0.0,0.0,0.0,0.0,62589821.10579335,1416085399913.9758,258706905391.37775,414896845385.7402,0.0,0.0,0.0,0.0,0.0,0.0,0.0,-1124490678054946.1,0.0,0.0,0.0,-787.1434746384621,0.0,0.0,0.0,-600861846133.967,0.0,0.0,0.0,1348064249007.1248,0.0,0.0,0.0,0.0,0.0,0.0,0.0,57055633376.055626,0.0,0.0,0.0,-804258037036.3563,-42192.14189974713,-2.524354896707238e-18,-0.00042192141899747123,-2.5243548967072378e-26,0.0,1.4160306102723132e+24,2.5869365263996186e+23,1.3695747762831476e+24,0.0,1416030610272.3127,258693652639.9618,958702343398.203,0.0,0.0,0.0,0.0,0.0,0.0,0.0,1348064249007.1248,0.0,1416030610272.3103,258693652639.96097,414896131427.43744,0.0,0.0,0.0,0.0,0.0,0.0,0.0,-804258037036.3563
0.22,-1,-1,1,0.0,-42174.76918755419,0.0,-0.00042174769187554187,0.0,1.4160306008505374e+24,2.5869362030794057e+23,1.368025809186966e+24,0.0,1416030600850.537,258693620307.94052,957618066430.8759,0.0,0.0,0.0,600094976693.5616,0.0,0.0,0.0,0.0,0.0,1416030600850.5347,258693620307.93964,414896127154.7342,0.0,0.0,0.0,-57373037417.41843,0.0,0.0,0.0,0.0,0.0,0.0,0.0,0.0,4.914801645037518e-65,385807.94355343515,4207770.597119558,600688533428.9879,0.0,0.0,0.0,0.0,3.796506512081376e-63,29802595.414372053,2.4647260576972845,1362396065032.5361,0.0,0.0,0.0,0.0,62589821.10579334,1416085399913.9753,258706905391.37756,414896845385.73956,0.0,0.0,0.0,0.0,0.0,0.0,0.0,-1120670288529779.6,0.0,0.0,0.0,-784.4692019708455,0.0,0.0,0.0,-600094976693.5616,0.0,0.0,0.0,1349385170929.431,0.0,0.0,0.0,0.0,0.0,0.0,0.0,57373037417.41843,0.0,0.0,0.0,-806663232437.7568,-42174.76918755292,-1.262177448353619e-18,-0.0004217476918755292,-1.2621774483536189e-26,0.0,1.4160306008505374e+24,2.5869362030794057e+23,1.3680258080662963e+24,0.0,1416030600850.537,258693620307.94052,957618065646.4071,0.0,0.0,0.0,0.0,0.0,0.0,0.0,1349385170929.431,0.0,1416030600850.5347,258693620307.93964,414896127154.7342,0.0,0.0,0.0,0.0,0.0,0.0,0.0,-806663232437.7568
0.24,-1,-1,1,0.0,-42157.20844287581,0.0,-0.00042157208442875803,0.0,1.4160305913506297e+24,2.5869358761275798e+23,1.366460075788472e+24,0.0,1416030591350.6294,258693587612.7579,956522053051.9302,0.0,0.0,0.0,599320333672.6991,0.0,0.0,0.0,0.0,0.0,1416030591350.628,258693587612.7569,414896122829.98193,0.0,0.0,0.0,-57694403450.74857,0.0,0.0,0.0,0.0,0.0,0.0,0.0,0.0,4.917267459150343e-65,386001.50977775845,4210516.618689337,599917237902.5419,0.0,0.0,0.0,0.0,3.796383221370391e-63,29801627.614854295,2.5082704722635647,1363764299986.4124,0.0,0.0,0.0,0.0,62589821.10579333,1416085399913.9763,258706905391.37756,414896845385.7398,0.0,0.0,0.0,0.0,0.0,0.0,0.0,-1116787944143372.2,0.0,0.0,0.0,-781.7515609003603,0.0,0.0,0.0,-599320333672.6991,0.0,0.0,0.0,1350714201176.7915,0.0,0.0,0.0,0.0,0.0,0.0,0.0,57694403450.74857,0.0,0.0,0.0,-809088271736.5922,-42157.2084428745,-2.524354896707238e-18,-0.00042157208442874497,-2.5243548967072378e-26,0.0,1.4160305913506297e+24,2.5869358761275798e+23,1.3664600746716848e+24,0.0,1416030591350.6294,258693587612.7579,956522052270.179,0.0,0.0,0.0,0.0,0.0,0.0,0.0,1350714201176.7915,0.0,1416030591350.628,258693587612.7569,414896122829.98193,0.0,0.0,0.0,0.0,0.0,0.0,0.0,-809088271736.5922
0.26,-1,-1,1,0.0,-42139.45426332435,0.0,-0.0004213945426332434,0.0,1.416030581770245e+24,2.5869355454391257e+23,1.3648770955296867e+24,0.0,1416030581770.2446,258693554543.9125,955413966870.7803,0.0,0.0,0.0,598537694008.0309,0.0,0.0,0.0,0.0,0.0,1416030581770.2417,258693554543.9116,414896118451.6879,0.0,0.0,0.0,-58019845588.93658,0.0,0.0,0.0,0.0,0.0,0.0,0.0,0.0,4.9197346653253285e-65,386195.185255217,4213290.967480776,599137988205.775,0.0,0.0,0.0,0.0,3.7962598610563007e-63,29800659.269087788,2.5535800085495515,1365141218728.2424,0.0,0.0,0.0,0.0,62589821.105793364,1416085399913.976,258706905391.37747,414896845385.7396,0.0,0.0,0.0,0.0,0.0,0.0,0.0,-1112824045228107.1,0.0,0.0,0.0,-778.9768316596746,0.0,0.0,0.0,-598537694008.0309,0.0,0.0,0.0,1352051585004.3022,0.0,0.0,0.0,0.0,0.0,0.0,0.0,58019845588.93658,0.0,0.0,0.0,-811533737364.185,-42139.45426332301,-3.7865323450608574e-18,-0.00042139454263323003,-3.7865323450608567e-26,0.0,1.416030581770245e+24,2.5869355454391257e+23,1.3648770944168618e+24,0.0,1416030581770.2446,258693554543.9125,955413966091.8029,0.0,0.0,0.0,0.0,0.0,0.0,0.0,1352051585004.3022,0.0,1416030581770.2417,258693554543.9116,414896118451.6879,0.0,0.0,0.0,0.0,0.0,0.0,0.0,-811533737364.185
0.28,-1,-1,1,0.0,-42121.50098264899,0.0,-0.00042121500982648984,0.0,1.4160305721069163e+24,2.5869352109039264e+23,1.3632763632019473e+24,0.0,1416030572106.916,258693521090.39258,954293454241.3629,0.0,0.0,0.0,597746823807.8771,0.0,0.0,0.0,0.0,0.0,1416030572106.9138,258693521090.39175,414896114018.28827,0.0,0.0,0.0,-58349483584.80063,0.0,0.0,0.0,0.0,0.0,0.0,0.0,0.0,4.9222035398524024e-65,386388.9916756785,4216094.472935024,598350551695.963,0.0,0.0,0.0,0.0,3.7961364173246086e-63,29799690.268626302,2.600767376341281,1366527088362.8262,0.0,0.0,0.0,0.0,62589821.105793364,1416085399913.9756,258706905391.37762,414896845385.7395,0.0,0.0,0.0,0.0,0.0,0.0,0.0,-1108823309322553.4,0.0,0.0,0.0,-776.1763165257871,0.0,0.0,0.0,-597746823807.8771,0.0,0.0,0.0,1353397579642.9084,0.0,0.0,0.0,0.0,0.0,0.0,0.0,58349483584.80063,0.0,0.0,0.0,-814000240196.0074,-42121.50098264792,-3.7865323450608574e-18,-0.00042121500982647916,-3.7865323450608567e-26,0.0,1.4160305721069163e+24,2.5869352109039264e+23,1.363276362093123e+24,0.0,1416030572106.916,258693521090.39258,954293453465.1859,0.0,0.0,0.0,0.0,0.0,0.0,0.0,1353397579642.9084,0.0,1416030572106.9138,258693521090.39175,414896114018.28827,0.0,0.0,0.0,0.0,0.0,0.0,0.0,-814000240196.0074
0.3,-1,-1,1,0.0,-42103.342651859944,0.0,-0.00042103342651859943,0.0,1.4160305623580527e+24,2.5869348724063902e+23,1.3616573483872562e+24,0.0,1416030562358.0522,258693487240.63895,953160143871.079,0.0,0.0,0.0,596947477575.7139,0.0,0.0,0.0,0.0,0.0,1416030562358.0503,258693487240.63806,414896109528.13727,0.0,0.0,0.0,-58683443232.77047,0.0,0.0,0.0,0.0,0.0,0.0,0.0,0.0,4.924674374580667e-65,386582.9519522399,4218928.006042289,597554684187.4576,0.0,0.0,0.0,0.0,3.7960128755828457e-63,29798720.498908244,2.64995534513443,1367922189337.1843,0.0,0.0,0.0,0.0,62589821.10579334,1416085399913.9753,258706905391.37756,414896845385.7395,0.0,0.0,0.0,0.0,0.0,0.0,0.0,-1104801461893533.4,0.0,0.0,0.0,-773.3610233254731,0.0,0.0,0.0,-596947477575.7139,0.0,0.0,0.0,1354752455171.2075,0.0,0.0,0.0,0.0,0.0,0.0,0.0,58683443232.77047,0.0,0.0,0.0,-816488421601.6261,-42103.34265185878,-3.7865323450608574e-18,-0.0004210334265185878,-3.7865323450608567e-26,0.0,1.4160305623580527e+24,2.5869348724063902e+23,1.3616573472824545e+24,0.0,1416030562358.0522,258693487240.63895,953160143097.7178,0.0,0.0,0.0,0.0,0.0,0.0,0.0,1354752455171.2075,0.0,1416030562358.0503,258693487240.63806,414896109528.13727,0.0,0.0,0.0,0.0,0.0,0.0,0.0,-816488421601.6261
0.32,-1,-1,1,0.0,-42084.97301870606,0.0,-0.00042084973018706055,0.0,1.4160305525209302e+24,2.5869345298250368e+23,1.36001949362861e+24,0.0,1416030552520.9297,258693452982.5036,952013645540.0266,0.0,0.0,0.0,596139397351.8057,0.0,0.0,0.0,0.0,0.0,1416030552520.928,258693452982.50266,414896104979.5065,0.0,0.0,0.0,-59021856791.28356,0.0,0.0,0.0,0.0,0.0,0.0,0.0,0.0,4.927147476953228e-65,386777.090222273,4221792.482454944,596750129097.6267,0.0,0.0,0.0,0.0,3.795889220458866e-63,29797749.839250643,2.7012777082037434,1369326816445.3818,0.0,0.0,0.0,0.0,62589821.105793335,1416085399913.9758,258706905391.37735,414896845385.7394,0.0,0.0,0.0,0.0,0.0,0.0,0.0,-1100808810118054.0,0.0,0.0,0.0,-770.5661670826375,0.0,0.0,0.0,-596139397351.8057,0.0,0.0,0.0,1356116495483.8298,0.0,0.0,0.0,0.0,0.0,0.0,0.0,59021856791.28356,0.0,0.0,0.0,-818998955693.874,-42084.97301870479,-3.7865323450608574e-18,-0.0004208497301870478,-3.7865323450608567e-26,0.0,1.4160305525209302e+24,2.5869345298250368e+23,1.3600194925278005e+24,0.0,1416030552520.9297,258693452982.5036,952013644769.4602,0.0,0.0,0.0,0.0,0.0,0.0,0.0,1356116495483.8298,0.0,1416030552520.928,258693452982.50266,414896104979.5065,0.0,0.0,0.0,0.0,0.0,0.0,0.0,-818998955693.874
0.34,-1,-1,1,0.0,-42066.38550542549,0.0,-0.0004206638550542548,0.0,1.416030542592679e+24,2.5869341830320793e+23,1.3583622124460644e+24,0.0,1416030542592.6787,258693418303.20786,950853548712.2448,0.0,0.0,0.0,595322311770.3226,0.0,0.0,0.0,0.0,0.0,1416030542592.6755,258693418303.20697,414896100370.5757,0.0,0.0,0.0,-59364863428.65161,0.0,0.0,0.0,0.0,0.0,0.0,0.0,0.0,4.929623170012048e-65,386971.43184656306,4224688.86583275,595936616508.7104,0.0,0.0,0.0,0.0,3.795765435800567e-63,29796778.162853528,2.7548807621042055,1370741279933.4993,0.0,0.0,0.0,0.0,62589821.105793335,1416085399913.975,258706905391.37704,414896845385.73895,0.0,0.0,0.0,0.0,0.0,0.0,0.0,-1096854516576443.8,0.0,0.0,0.0,-767.7981616035104,0.0,0.0,0.0,-595322311770.3226,0.0,0.0,0.0,1357489999356.9072,0.0,0.0,0.0,0.0,0.0,0.0,0.0,59364863428.65161,0.0,0.0,0.0,-821532551783.0348,-42066.385505424245,-2.524354896707238e-18,-0.0004206638550542424,-2.5243548967072378e-26,0.0,1.416030542592679e+24,2.5869341830320793e+23,1.3583622113492097e+24,0.0,1416030542592.6787,258693418303.20786,950853547944.4467,0.0,0.0,0.0,0.0,0.0,0.0,0.0,1357489999356.9072,0.0,1416030542592.6755,258693418303.20697,414896100370.5757,0.0,0.0,0.0,0.0,0.0,0.0,0.0,-821532551783.0348
0.36,-1,-1,1,0.0,-42047.573184635556,0.0,-0.0004204757318463555,0.0,1.416030532570279e+24,2.5869338318929287e+23,1.3566848871870836e+24,0.0,1416030532570.2788,258693383189.29282,949679421030.9583,0.0,0.0,0.0,594495935029.9424,0.0,0.0,0.0,0.0,0.0,1416030532570.2769,258693383189.2919,414896095699.4297,0.0,0.0,0.0,-59712609698.41264,0.0,0.0,0.0,0.0,0.0,0.0,0.0,0.0,4.932101792659107e-65,387166.00342943054,4227618.171414315,595113862143.6627,0.0,0.0,0.0,0.0,3.795641504662849e-63,29795805.33669982,2.810925711213002,1372165906703.6697,0.0,0.0,0.0,0.0,62589821.10579336,1416085399913.9749,258706905391.37692,414896845385.7391,0.0,0.0,0.0,0.0,0.0,0.0,0.0,-1092923457542700.9,0.0,0.0,0.0,-765.0464202798903,0.0,0.0,0.0,-594495935029.9424,0.0,0.0,0.0,1358873281609.479,0.0,0.0,0.0,0.0,0.0,0.0,0.0,59712609698.41264,0.0,0.0,0.0,-824089957042.9946,-42047.57318463437,-3.7865323450608574e-18,-0.0004204757318463437,-3.7865323450608567e-26,0.0,1.416030532570279e+24,2.5869338318929287e+23,1.3566848860941591e+24,0.0,1416030532570.2788,258693383189.29282,949679420265.9113,0.0,0.0,0.0,0.0,0.0,0.0,0.0,1358873281609.479,0.0,1416030532570.2769,258693383189.2919,414896095699.4297,0.0,0.0,0.0,0.0,0.0,0.0,0.0,-824089957042.9946
0.38,-1,-1,1,0.0,-42028.52875317175,0.0,-0.0004202852875317174,0.0,1.4160305224505517e+24,2.5869334762656755e+23,1.3549868666940424e+24,0.0,1416030522450.5515,258693347626.56747,948490806685.8293,0.0,0.0,0.0,593659965775.0894,0.0,0.0,0.0,0.0,0.0,1416030522450.55,258693347626.5664,414896090964.049,0.0,0.0,0.0,-60065250053.30828,0.0,0.0,0.0,0.0,0.0,0.0,0.0,0.0,4.934583700407345e-65,387360.83287813613,4230581.469825344,594281566253.1747,0.0,0.0,0.0,0.0,3.7955174092700646e-63,29794831.221257947,2.8695921671143676,1373601041617.492,0.0,0.0,0.0,0.0,62589821.10579335,1416085399913.9753,258706905391.37744,414896845385.73926,0.0,0.0,0.0,0.0,0.0,0.0,0.0,-1089005489168422.9,0.0,0.0,0.0,-762.3038424178958,0.0,0.0,0.0,-593659965775.0894,0.0,0.0,0.0,1360266674360.8481,0.0,0.0,0.0,0.0,0.0,0.0,0.0,60065250053.30828,0.0,0.0,0.0,-826671959401.3701,-42028.528753170554,-3.7865323450608574e-18,-0.0004202852875317055,-3.7865323450608567e-26,0.0,1.4160305224505517e+24,2.5869334762656755e+23,1.3549868656050365e+24,0.0,1416030522450.5515,258693347626.56747,948490805923.5253,0.0,0.0,0.0,0.0,0.0,0.0,0.0,1360266674360.8481,0.0,1416030522450.55,258693347626.5664,414896090964.049,0.0,0.0,0.0,0.0,0.0,0.0,0.0,-826671959401.3701
0.4,-1,-1,1,0.0,-42009.2445035974,0.0,-0.00042009244503597395,0.0,1.416030512230142e+24,2.5869331160004857e+23,1.3532674637639404e+24,0.0,1416030512230.1418,258693311600.04852,947287224634.758,0.0,0.0,0.0,592814085882.1709,0.0,0.0,0.0,0.0,0.0,1416030512230.1396,258693311600.0477,414896086162.30365,0.0,0.0,0.0,-60422947409.71501,0.0,0.0,0.0,0.0,0.0,0.0,0.0,0.0,4.9370692667245765e-65,387555.9495092261,4233579.891158105,593439412408.3009,0.0,0.0,0.0,0.0,3.7953931309488217e-63,29793855.66994947,2.9310827120368814,1375047048903.3618,0.0,0.0,0.0,0.0,62589821.10579335,1416085399913.9749,258706905391.3771,414896845385.73865,0.0,0.0,0.0,0.0,0.0,0.0,0.0,-1085113351600511.1,0.0,0.0,0.0,-759.5793461203575,0.0,0.0,0.0,-592814085882.1709,0.0,0.0,0.0,1361670528387.9773,0.0,0.0,0.0,0.0,0.0,0.0,0.0,60422947409.71501,0.0,0.0,0.0,-829279390675.1007,-42009.24450359606,-3.7865323450608574e-18,-0.0004200924450359606,-3.7865323450608567e-26,0.0,1.416030512230142e+24,2.5869331160004857e+23,1.3532674626788282e+24,0.0,1416030512230.1418,258693311600.04852,947287223875.1794,0.0,0.0,0.0,0.0,0.0,0.0,0.0,1361670528387.9773,0.0,1416030512230.1396,258693311600.0477,414896086162.30365,0.0,0.0,0.0,0.0,0.0,0.0,0.0,-829279390675.1007
0.42,-1,-1,1,0.0,-41989.71229300217,0.0,-0.00041989712293002165,0.0,1.4160305019055126e+24,2.5869327509390563e+23,1.3515259523665106e+24,0.0,1416030501905.5122,258693275093.90558,946068166656.5571,0.0,0.0,0.0,591957959141.1099,0.0,0.0,0.0,0.0,0.0,1416030501905.5088,258693275093.9048,414896081291.9483,0.0,0.0,0.0,-60785873776.49947,0.0,0.0,0.0,0.0,0.0,0.0,0.0,0.0,4.939558884918904e-65,387751.38419718837,4236614.629383897,592587066189.0289,0.0,0.0,0.0,0.0,3.795268650033717e-63,29792878.528407525,2.9956285905019167,1376504313678.355,0.0,0.0,0.0,0.0,62589821.105793335,1416085399913.9749,258706905391.3774,414896845385.73914,0.0,0.0,0.0,0.0,0.0,0.0,0.0,-1081186830694122.4,0.0,0.0,0.0,-756.8307814858854,0.0,0.0,0.0,-591957959141.1099,0.0,0.0,0.0,1363085214592.879,0.0,0.0,0.0,0.0,0.0,0.0,0.0,60785873776.49947,0.0,0.0,0.0,-831913129985.0979,-41989.712293000826,-2.524354896707238e-18,-0.0004198971229300082,-2.5243548967072378e-26,0.0,1.4160305019055126e+24,2.5869327509390563e+23,1.3515259512853232e+24,0.0,1416030501905.5122,258693275093.90558,946068165899.7261,0.0,0.0,0.0,0.0,0.0,0.0,0.0,1363085214592.879,0.0,1416030501905.5088,258693275093.9048,414896081291.9483,0.0,0.0,0.0,0.0,0.0,0.0,0.0,-831913129985.0979
0.44,-1,-1,1,0.0,-41969.92350861141,0.0,-0.00041969923508611404,0.0,1.416030491472918e+24,2.5869323809138467e+23,1.3497615645778718e+24,0.0,1416030491472.9177,258693238091.3846,944833095204.5099,0.0,0.0,0.0,591091229817.6716,0.0,0.0,0.0,0.0,0.0,1416030491472.9163,258693238091.3837,414896076350.60364,0.0,0.0,0.0,-61154210963.76404,0.0,0.0,0.0,0.0,0.0,0.0,0.0,0.0,4.942052970394765e-65,387947.16955168307,4239686.947187685,591724173754.3484,0.0,0.0,0.0,0.0,3.795143945754524e-63,29791899.633588582,3.0634973040441182,1377973243601.56,0.0,0.0,0.0,0.0,62589821.10579336,1416085399913.9766,258706905391.3774,414896845385.73956,0.0,0.0,0.0,0.0,0.0,0.0,0.0,-1077237531228789.5,0.0,0.0,0.0,-754.0662718601525,0.0,0.0,0.0,-591091229817.6716,0.0,0.0,0.0,1364511125595.9714,0.0,0.0,0.0,0.0,0.0,0.0,0.0,61154210963.76404,0.0,0.0,0.0,-834574107496.13,-41969.92350861016,-3.7865323450608574e-18,-0.00041969923508610157,-3.7865323450608567e-26,0.0,1.416030491472918e+24,2.5869323809138467e+23,1.3497615635006344e+24,0.0,1416030491472.9177,258693238091.3846,944833094450.4438,0.0,0.0,0.0,0.0,0.0,0.0,0.0,1364511125595.9714,0.0,1416030491472.9163,258693238091.3837,414896076350.60364,0.0,0.0,0.0,0.0,0.0,0.0,0.0,-834574107496.13
0.46,-1,-1,1,0.0,-41949.86902963316,0.0,-0.00041949869029633157,0.0,1.416030480928405e+24,2.5869320057473887e+23,1.347973487178808e+24,0.0,1416030480928.4048,258693200574.7388,943581441025.1655,0.0,0.0,0.0,590213521076.9816,0.0,0.0,0.0,0.0,0.0,1416030480928.4028,258693200574.7379,414896071335.75616,0.0,0.0,0.0,-61528151387.57042,0.0,0.0,0.0,0.0,0.0,0.0,0.0,0.0,4.9445519630435595e-65,388143.3401051529,4242798.181335786,590850360274.314,0.0,0.0,0.0,0.0,3.795018996116678e-63,29790918.81283684,3.1350042201294954,1379454270683.179,0.0,0.0,0.0,0.0,62589821.10579333,1416085399913.9758,258706905391.3775,414896845385.7396,0.0,0.0,0.0,0.0,0.0,0.0,0.0,-1073194708174893.1,0.0,0.0,0.0,-751.236295722425,0.0,0.0,0.0,-590213521076.9816,0.0,0.0,0.0,1365948677478.7283,0.0,0.0,0.0,0.0,0.0,0.0,0.0,61528151387.57042,0.0,0.0,0.0,-837263308540.5519,-41949.86902963194,-3.7865323450608574e-18,-0.0004194986902963193,-3.7865323450608567e-26,0.0,1.416030480928405e+24,2.5869320057473887e+23,1.3479734861056144e+24,0.0,1416030480928.4048,258693200574.7388,943581440273.9298,0.0,0.0,0.0,0.0,0.0,0.0,0.0,1365948677478.7283,0.0,1416030480928.4028,258693200574.7379,414896071335.75616,0.0,0.0,0.0,0.0,0.0,0.0,0.0,-837263308540.5519
0.48,-1,-1,1,0.0,-41929.53918469256,0.0,-0.00041929539184692554,0.0,1.4160304702677753e+24,2.586931625251443e+23,1.3461608578595805e+24,0.0,1416030470267.775,258693162525.14423,942312600501.706,0.0,0.0,0.0,589324433243.1759,0.0,0.0,0.0,0.0,0.0,1416030470267.773,258693162525.14334,414896066244.73926,0.0,0.0,0.0,-61907898986.20816,0.0,0.0,0.0,0.0,0.0,0.0,0.0,0.0,4.947056329606271e-65,388339.9324980648,4245949.748703607,589965228199.1533,0.0,0.0,0.0,0.0,3.794893777783122e-63,29789935.882955033,3.210531641810243,1380947853279.889,0.0,0.0,0.0,0.0,62589821.10579335,1416085399913.9753,258706905391.37744,414896845385.73944,0.0,0.0,0.0,0.0,0.0,0.0,0.0,-1069082686044276.0,0.0,0.0,0.0,-748.357880230993,0.0,0.0,0.0,-589324433243.1759,0.0,0.0,0.0,1367398311704.8179,0.0,0.0,0.0,0.0,0.0,0.0,0.0,61907898986.20816,0.0,0.0,0.0,-839981778196.2064,-41929.539184691246,-3.7865323450608574e-18,-0.0004192953918469124,-3.7865323450608567e-26,0.0,1.4160304702677753e+24,2.586931625251443e+23,1.3461608567904985e+24,0.0,1416030470267.775,258693162525.14423,942312599753.3485,0.0,0.0,0.0,0.0,0.0,0.0,0.0,1367398311704.8179,0.0,1416030470267.773,258693162525.14334,414896066244.73926,0.0,0.0,0.0,0.0,0.0,0.0,0.0,-839981778196.2064
0.5,-1,-1,1,0.0,-41908.92370413554,0.0,-0.00041908923704135533,0.0,1.416030459486572e+24,2.586931239226085e+23,1.3443227609673173e+24,0.0,1416030459486.5715,258693123922.60843,941025932677.1217,0.0,0.0,0.0,588423541864.2002,0.0,0.0,0.0,0.0,0.0,1416030459486.5693,258693123922.60754,414896061074.72375,0.0,0.0,0.0,-62293670261.801605,0.0,0.0,0.0,0.0,0.0,0.0,0.0,0.0,4.949566565987807e-65,388536.9856607109,4249143.153097106,589068355334.5889,0.0,0.0,0.0,0.0,3.7947682659586153e-63,29788950.649298575,3.2905598943478527,1382454478315.2446,0.0,0.0,0.0,0.0,62589821.10579332,1416085399913.975,258706905391.37744,414896845385.73944,0.0,0.0,0.0,0.0,0.0,0.0,0.0,-1064865335689059.5,0.0,0.0,0.0,-745.4057349823415,0.0,0.0,0.0,-588423541864.2002,0.0,0.0,0.0,1368860497257.3406,0.0,0.0,0.0,0.0,0.0,0.0,0.0,62293670261.801605,0.0,0.0,0.0,-842730626400.3467,-41908.923704134286,-2.524354896707238e-18,-0.0004190892370413428,-2.5243548967072378e-26,0.0,1.416030459486572e+24,2.586931239226085e+23,1.3443227599024516e+24,0.0,1416030459486.5715,258693123922.60843,941025931931.7158,0.0,0.0,0.0,0.0,0.0,0.0,0.0,1368860497257.3406,0.0,1416030459486.5693,258693123922.60754,414896061074.72375,0.0,0.0,0.0,0.0,0.0,0.0,0.0,-842730626400.3467
0.52,-1,-1,1,0.0,-41888.011666431135,0.0,-0.00041888011666431124,0.0,1.4160304485800603e+24,2.5869308474586737e+23,1.3424582227271615e+24,0.0,1416030448580.06,258693084745.8673,939720755909.0127,0.0,0.0,0.0,587510395544.8119,0.0,0.0,0.0,0.0,0.0,1416030448580.0574,258693084745.86633,414896055822.6982,0.0,0.0,0.0,-62685695458.49677,0.0,0.0,0.0,0.0,0.0,0.0,0.0,0.0,4.952083199685032e-65,388734.54100381857,4252379.99300247,588159292686.6349,0.0,0.0,0.0,0.0,3.7946424342682995e-63,29787962.904820483,3.3757167626707583,1383974663770.433,0.0,0.0,0.0,0.0,62589821.10579333,1416085399913.974,258706905391.37668,414896845385.7386,0.0,0.0,0.0,0.0,0.0,0.0,0.0,-1060538584733648.4,0.0,0.0,0.0,-742.3770093135536,0.0,0.0,0.0,-587510395544.8119,0.0,0.0,0.0,1370335733036.0088,0.0,0.0,0.0,0.0,0.0,0.0,0.0,62685695458.49677,0.0,0.0,0.0,-845511033692.0697,-41888.01166642997,-2.524354896707238e-18,-0.0004188801166642997,-2.5243548967072378e-26,0.0,1.4160304485800603e+24,2.5869308474586737e+23,1.342458221666624e+24,0.0,1416030448580.06,258693084745.8673,939720755166.6364,0.0,0.0,0.0,0.0,0.0,0.0,0.0,1370335733036.0088,0.0,1416030448580.0574,258693084745.86633,414896055822.6982,0.0,0.0,0.0,0.0,0.0,0.0,0.0,-845511033692.0697
0.54,-1,-1,1,0.0,-41866.79143784609,0.0,-0.00041866791437846087,0.0,1.416030437543188e+24,2.5869304497227267e+23,1.3405662058635747e+24,0.0,1416030437543.1877,258693044972.2726,938396344104.5021,0.0,0.0,0.0,586584513505.2554,0.0,0.0,0.0,0.0,0.0,1416030437543.1863,258693044972.27173,414896050485.4591,0.0,0.0,0.0,-63084219886.21157,0.0,0.0,0.0,0.0,0.0,0.0,0.0,0.0,4.954606792585997e-65,388932.64263816504,4255661.970389632,587237562033.5137,0.0,0.0,0.0,0.0,3.794516254617789e-63,29786972.428974006,3.466856077679339,1385508961498.055,0.0,0.0,0.0,0.0,62589821.10579331,1416085399913.9739,258706905391.37732,414896845385.7394,0.0,0.0,0.0,0.0,0.0,0.0,0.0,-1056162084772118.8,0.0,0.0,0.0,-739.313459340483,0.0,0.0,0.0,-586584513505.2554,0.0,0.0,0.0,1371824550565.491,0.0,0.0,0.0,0.0,0.0,0.0,0.0,63084219886.21157,0.0,0.0,0.0,-848324257685.7599,-41866.79143784488,-3.7865323450608574e-18,-0.00041866791437844867,-3.7865323450608567e-26,0.0,1.416030437543188e+24,2.5869304497227267e+23,1.3405662048074133e+24,0.0,1416030437543.1877,258693044972.2726,938396343365.189,0.0,0.0,0.0,0.0,0.0,0.0,0.0,1371824550565.491,0.0,1416030437543.1863,258693044972.27173,414896050485.4591,0.0,0.0,0.0,0.0,0.0,0.0,0.0,-848324257685.7599
0.56,-1,-1,1,0.0,-41845.2506045045,0.0,-0.000418452506045045,0.0,1.4160304263705684e+24,2.5869300457765488e+23,1.338645603542742e+24,0.0,1416030426370.568,258693004577.65482,937051922479.919,0.0,0.0,0.0,585645382818.7466,0.0,0.0,0.0,0.0,0.0,1416030426370.566,258693004577.65396,414896045059.5802,0.0,0.0,0.0,-63489505398.40674,0.0,0.0,0.0,0.0,0.0,0.0,0.0,0.0,4.957137944348895e-65,389131.337639488,4258990.900680493,586302653178.068,0.0,0.0,0.0,0.0,3.794389697024173e-63,29785978.986388154,3.56518516182746,1387057960415.6584,0.0,0.0,0.0,0.0,62589821.10579334,1416085399913.9753,258706905391.3772,414896845385.7392,0.0,0.0,0.0,0.0,0.0,0.0,0.0,-1051699942302491.4,0.0,0.0,0.0,-736.1899596117437,0.0,0.0,0.0,-585645382818.7466,0.0,0.0,0.0,1373327517070.0085,0.0,0.0,0.0,0.0,0.0,0.0,0.0,63489505398.40674,0.0,0.0,0.0,-851171640385.8583,-41845.250604503104,-3.7865323450608574e-18,-0.000418452506045031,-3.7865323450608567e-26,0.0,1.4160304263705684e+24,2.5869300457765488e+23,1.3386456024910416e+24,0.0,1416030426370.568,258693004577.65482,937051921743.7288,0.0,0.0,0.0,0.0,0.0,0.0,0.0,1373327517070.0085,0.0,1416030426370.566,258693004577.65396,414896045059.5802,0.0,0.0,0.0,0.0,0.0,0.0,0.0,-851171640385.8583
0.58,-1,-1,1,0.0,-41823.37589585551,0.0,-0.000418233758958555,0.0,1.4160304150564345e+24,2.5869296353618277e+23,1.336695232548843e+24,0.0,1416030415056.434,258692963536.1827,935686662784.19,0.0,0.0,0.0,584692455277.5554,0.0,0.0,0.0,0.0,0.0,1416030415056.4324,258692963536.18185,414896039541.40137,0.0,0.0,0.0,-63901832034.765816,0.0,0.0,0.0,0.0,0.0,0.0,0.0,0.0,4.9596772964379284e-65,389330.67636504304,4262368.723978848,585354020830.6719,0.0,0.0,0.0,0.0,3.7942627294142225e-63,29784982.325284895,3.6724747083665994,1388622290138.3616,0.0,0.0,0.0,0.0,62589821.105793335,1416085399913.9749,258706905391.37726,414896845385.73926,0.0,0.0,0.0,0.0,0.0,0.0,0.0,-1047181378996798.2,0.0,0.0,0.0,-733.0269652977586,0.0,0.0,0.0,-584692455277.5554,0.0,0.0,0.0,1374845238971.8347,0.0,0.0,0.0,0.0,0.0,0.0,0.0,63901832034.765816,0.0,0.0,0.0,-854054616462.071,-41823.37589585415,-3.7865323450608574e-18,-0.00041823375895854147,-3.7865323450608567e-26,0.0,1.4160304150564345e+24,2.5869296353618277e+23,1.336695231501663e+24,0.0,1416030415056.434,258692963536.1827,935686662051.1638,0.0,0.0,0.0,0.0,0.0,0.0,0.0,1374845238971.8347,0.0,1416030415056.4324,258692963536.18185,414896039541.40137,0.0,0.0,0.0,0.0,0.0,0.0,0.0,-854054616462.071
0.6,-1,-1,1,0.0,-41801.15309841964,0.0,-0.0004180115309841963,0.0,1.4160304035946096e+24,2.586929218201906e+23,1.3347138255935454e+24,0.0,1416030403594.6094,258692921820.19055,934299677915.4816,0.0,0.0,0.0,583725143834.2871,0.0,0.0,0.0,0.0,0.0,1416030403594.6077,258692921820.18973,414896033927.001,0.0,0.0,0.0,-64321499845.8062,0.0,0.0,0.0,0.0,0.0,0.0,0.0,0.0,4.962225536706924e-65,389530.7128133547,4265797.517650595,584391081069.4828,0.0,0.0,0.0,0.0,3.794135317395253e-63,29783982.175680168,3.7914054584530343,1390202625112.1704,0.0,0.0,0.0,0.0,62589821.105793335,1416085399913.9749,258706905391.3773,414896845385.7392,0.0,0.0,0.0,0.0,0.0,0.0,0.0,-1042625601036208.4,0.0,0.0,0.0,-729.8379207253456,0.0,0.0,0.0,-583725143834.2871,0.0,0.0,0.0,1376378365873.1733,0.0,0.0,0.0,0.0,0.0,0.0,0.0,64321499845.8062,0.0,0.0,0.0,-856974722614.5306,-41801.15309841846,-2.524354896707238e-18,-0.0004180115309841845,-2.5243548967072378e-26,0.0,1.4160304035946096e+24,2.586929218201906e+23,1.3347138245509196e+24,0.0,1416030403594.6094,258692921820.19055,934299677185.6434,0.0,0.0,0.0,0.0,0.0,0.0,0.0,1376378365873.1733,0.0,1416030403594.6077,258692921820.18973,414896033927.001,0.0,0.0,0.0,0.0,0.0,0.0,0.0,-856974722614.5306
0.62,-1,-1,1,0.0,-41778.56695844986,0.0,-0.0004177856695844985,0.0,1.4160303919784623e+24,2.586928793999889e+23,1.3327000226371838e+24,0.0,1416030391978.462,258692879399.98883,932890015846.0283,0.0,0.0,0.0,582742818560.3987,0.0,0.0,0.0,0.0,0.0,1416030391978.459,258692879399.98785,414896028212.16724,0.0,0.0,0.0,-64748830926.5371,0.0,0.0,0.0,0.0,0.0,0.0,0.0,0.0,4.964783404418454e-65,389731.505018329,4269279.510346168,583413207320.3666,0.0,0.0,0.0,0.0,3.79400742400414e-63,29782978.247414134,3.9261405048082416,1391799689312.9663,0.0,0.0,0.0,0.0,62589821.105793364,1416085399913.9749,258706905391.37674,414896845385.7387,0.0,0.0,0.0,0.0,0.0,0.0,0.0,-1038025211590741.8,0.0,0.0,0.0,-726.617648113519,0.0,0.0,0.0,-582742818560.3987,0.0,0.0,0.0,1377927595084.1104,0.0,0.0,0.0,0.0,0.0,0.0,0.0,64748830926.5371,0.0,0.0,0.0,-859933608176.8651,-41778.56695844854,-2.524354896707238e-18,-0.0004177856695844853,-2.5243548967072378e-26,0.0,1.4160303919784623e+24,2.586928793999889e+23,1.332700021599159e+24,0.0,1416030391978.462,258692879399.98883,932890015119.4109,0.0,0.0,0.0,0.0,0.0,0.0,0.0,1377927595084.1104,0.0,1416030391978.459,258692879399.98785,414896028212.16724,0.0,0.0,0.0,0.0,0.0,0.0,0.0,-859933608176.8651
0.64,-1,-1,1,0.0,-41755.601071800156,0.0,-0.0004175560107180015,0.0,1.4160303802008564e+24,2.5869283624365142e+23,1.3306523610693687e+24,0.0,1416030380200.856,258692836243.65137,931456652748.5579,0.0,0.0,0.0,581744802056.349,0.0,0.0,0.0,0.0,0.0,1416030380200.8535,258692836243.6506,414896022392.3733,0.0,0.0,0.0,-65184171700.16398,0.0,0.0,0.0,0.0,0.0,0.0,0.0,0.0,4.9673516956793685e-65,389933.11547610065,4272817.097569167,582419725791.2505,0.0,0.0,0.0,0.0,3.7938790094355394e-63,29781970.228016816,4.083271817527102,1393414261583.622,0.0,0.0,0.0,0.0,62589821.10579336,1416085399913.9756,258706905391.37738,414896845385.7393,0.0,0.0,0.0,0.0,0.0,0.0,0.0,-1033343332654663.8,0.0,0.0,0.0,-723.3403328582644,0.0,0.0,0.0,-581744802056.349,0.0,0.0,0.0,1379493676766.0525,0.0,0.0,0.0,0.0,0.0,0.0,0.0,65184171700.16398,0.0,0.0,0.0,-862933047133.2051,-41755.60107179888,-2.524354896707238e-18,-0.00041755601071798875,-2.5243548967072378e-26,0.0,1.4160303802008564e+24,2.5869283624365142e+23,1.3306523600360245e+24,0.0,1416030380200.856,258692836243.65137,931456652025.2169,0.0,0.0,0.0,0.0,0.0,0.0,0.0,1379493676766.0525,0.0,1416030380200.8535,258692836243.6506,414896022392.3733,0.0,0.0,0.0,0.0,0.0,0.0,0.0,-862933047133.2051
0.66,-1,-1,1,0.0,-41732.237758813746,0.0,-0.00041732237758813743,0.0,1.416030368254099e+24,2.5869279231676153e+23,1.3285692645538134e+24,0.0,1416030368254.0989,258692792316.76147,929998485187.6691,0.0,0.0,0.0,580730364234.8876,0.0,0.0,0.0,0.0,0.0,1416030368254.0972,258692792316.7607,414896016462.73456,0.0,0.0,0.0,-65627895509.95267,0.0,0.0,0.0,0.0,0.0,0.0,0.0,0.0,4.969931269462187e-65,390135.61161784345,4276412.858910245,581409910282.8973,0.0,0.0,0.0,0.0,3.793750030740814e-63,29780957.780342173,4.273389283195437,1395047181695.9324,0.0,0.0,0.0,0.0,62589821.10579332,1416085399913.9749,258706905391.3771,414896845385.7389,0.0,0.0,0.0,0.0,0.0,0.0,0.0,-1028654119819403.0,0.0,0.0,0.0,-720.0578838735819,0.0,0.0,0.0,-580730364234.8876,0.0,0.0,0.0,1381077419773.6794,0.0,0.0,0.0,0.0,0.0,0.0,0.0,65627895509.95267,0.0,0.0,0.0,-865974951768.8016,-41732.237758812335,-3.7865323450608574e-18,-0.0004173223775881233,-3.7865323450608567e-26,0.0,1.416030368254099e+24,2.5869279231676153e+23,1.328569263525159e+24,0.0,1416030368254.0989,258692792316.76147,929998484467.611,0.0,0.0,0.0,0.0,0.0,0.0,0.0,1381077419773.6794,0.0,1416030368254.0972,258692792316.7607,414896016462.73456,0.0,0.0,0.0,0.0,0.0,0.0,0.0,-865974951768.8016
0.68,-1,-1,1,0.0,-41708.45792139112,0.0,-0.0004170845792139111,0.0,1.4160303561298883e+24,2.586927475821398e+23,1.3264490302844577e+24,0.0,1416030356129.888,258692747582.13974,928514321199.12,0.0,0.0,0.0,579698716378.2872,0.0,0.0,0.0,0.0,0.0,1416030356129.8853,258692747582.13885,414896010417.98065,0.0,0.0,0.0,-66080405597.14734,0.0,0.0,0.0,0.0,0.0,0.0,0.0,0.0,4.972523054553833e-65,390339.06635538314,4280069.577067498,580382976277.5851,0.0,0.0,0.0,0.0,3.7936204414806205e-63,29779940.539843824,4.51368466129222,1396699357249.1912,0.0,0.0,0.0,0.0,62589821.10579333,1416085399913.9749,258706905391.37747,414896845385.73944,0.0,0.0,0.0,0.0,0.0,0.0,0.0,-1023857080760811.4,0.0,0.0,0.0,-716.6999565325677,0.0,0.0,0.0,-579698716378.2872,0.0,0.0,0.0,1382679698302.4246,0.0,0.0,0.0,0.0,0.0,0.0,0.0,66080405597.14734,0.0,0.0,0.0,-869061388237.9845,-41708.45792138983,-3.7865323450608574e-18,-0.0004170845792138982,-3.7865323450608567e-26,0.0,1.4160303561298883e+24,2.586927475821398e+23,1.3264490292606006e+24,0.0,1416030356129.888,258692747582.13974,928514320482.4202,0.0,0.0,0.0,0.0,0.0,0.0,0.0,1382679698302.4246,0.0,1416030356129.8853,258692747582.13885,414896010417.98065,0.0,0.0,0.0,0.0,0.0,0.0,0.0,-869061388237.9845
0.7000000000000001,-1,-1,1,0.0,-41684.240878549885,0.0,-0.0004168424087854988,0.0,1.4160303438192251e+24,2.5869270199951605e+23,1.3242898143237657e+24,0.0,1416030343819.2249,258692701999.516,927002870026.6357,0.0,0.0,0.0,578649004340.2249,0.0,0.0,0.0,0.0,0.0,1416030343819.2214,258692701999.51517,414896004252.4007,0.0,0.0,0.0,-66542138565.99065,0.0,0.0,0.0,0.0,0.0,0.0,0.0,0.0,4.9751280577785185e-65,390543.55872687383,4283790.258728744,579338074177.3295,0.0,0.0,0.0,0.0,3.7934901913137496e-63,29778918.111343298,4.832275708635747,1398371771553.098,0.0,0.0,0.0,0.0,62589821.105793335,1416085399913.975,258706905391.37735,414896845385.73914,0.0,0.0,0.0,0.0,0.0,0.0,0.0,-1019011374600232.0,0.0,0.0,0.0,-713.3079622201622,0.0,0.0,0.0,-578649004340.2249,0.0,0.0,0.0,1384301459482.9814,0.0,0.0,0.0,0.0,0.0,0.0,0.0,66542138565.99065,0.0,0.0,0.0,-872194594422.0535,-41684.24087854861,-2.524354896707238e-18,-0.00041684240878548604,-2.5243548967072378e-26,0.0,1.4160303438192251e+24,2.5869270199951605e+23,1.3242898133047536e+24,0.0,1416030343819.2249,258692701999.516,927002869313.3271,0.0,0.0,0.0,0.0,0.0,0.0,0.0,1384301459482.9814,0.0,1416030343819.2214,258692701999.51517,414896004252.4007,0.0,0.0,0.0,0.0,0.0,0.0,0.0,-872194594422.0535
0.72,-1,-1,1,0.0,-41659.56417565221,0.0,-0.0004165956417565221,0.0,1.4160303313123426e+24,2.5869265552516103e+23,1.3220896145932926e+24,0.0,1416030331312.3423,258692655525.16098,925462730215.3044,0.0,0.0,0.0,577580300723.0059,0.0,0.0,0.0,0.0,0.0,1416030331312.3406,258692655525.16013,414895997959.7962,0.0,0.0,0.0,-67013568467.497345,0.0,0.0,0.0,0.0,0.0,0.0,0.0,0.0,4.97774737388031e-65,390749.17467265925,4287578.157239122,578274281523.6609,0.0,0.0,0.0,0.0,3.793359225502989e-63,29777890.065153375,5.275390941248211,1400065492693.1775,0.0,0.0,0.0,0.0,62589821.10579333,1416085399913.9746,258706905391.3773,414896845385.7392,0.0,0.0,0.0,0.0,0.0,0.0,0.0,-1014058998663511.0,0.0,0.0,0.0,-709.8412990644574,0.0,0.0,0.0,-577580300723.0059,0.0,0.0,0.0,1385943732113.0698,0.0,0.0,0.0,0.0,0.0,0.0,0.0,67013568467.497345,0.0,0.0,0.0,-875377000567.4017,-41659.56417565093,-3.7865323450608574e-18,-0.00041659564175650917,-3.7865323450608567e-26,0.0,1.4160303313123426e+24,2.5869265552516103e+23,1.3220896135792345e+24,0.0,1416030331312.3423,258692655525.16098,925462729505.4639,0.0,0.0,0.0,0.0,0.0,0.0,0.0,1385943732113.0698,0.0,1416030331312.3406,258692655525.16013,414895997959.7962,0.0,0.0,0.0,0.0,0.0,0.0,0.0,-875377000567.4017
0.74,-1,-1,1,0.0,-41634.403360900295,0.0,-0.00041634403360900287,0.0,1.4160303185986008e+24,2.586926081114535e+23,1.3198462509458186e+24,0.0,1416030318598.6006,258692608111.45346,923892375662.0728,0.0,0.0,0.0,576491595811.0807,0.0,0.0,0.0,0.0,0.0,1416030318598.5986,258692608111.45273,414895991533.4132,0.0,0.0,0.0,-67495211682.42149,0.0,0.0,0.0,0.0,0.0,0.0,0.0,0.0,4.9803821975269535e-65,390956.0079777343,4291436.796626899,577190593981.8145,0.0,0.0,0.0,0.0,3.7932274843149555e-63,29776855.93236415,5.919312912703935,1401781684036.407,0.0,0.0,0.0,0.0,62589821.10579333,1416085399913.974,258706905391.37735,414896845385.7392,0.0,0.0,0.0,0.0,0.0,0.0,0.0,-1009016532078385.8,0.0,0.0,0.0,-706.3115724548697,0.0,0.0,0.0,-576491595811.0807,0.0,0.0,0.0,1387607636773.683,0.0,0.0,0.0,0.0,0.0,0.0,0.0,67495211682.42149,0.0,0.0,0.0,-878611253351.3345,-41634.403360899,-2.524354896707238e-18,-0.0004163440336089899,-2.5243548967072378e-26,0.0,1.4160303185986008e+24,2.586926081114535e+23,1.319846249936802e+24,0.0,1416030318598.6006,258692608111.45346,923892374955.7612,0.0,0.0,0.0,0.0,0.0,0.0,0.0,1387607636773.683,0.0,1416030318598.5986,258692608111.45273,414895991533.4132,0.0,0.0,0.0,0.0,0.0,0.0,0.0,-878611253351.3345
0.76,-1,-1,1,0.0,-41608.731720296906,0.0,-0.00041608731720296896,0.0,1.416030305666366e+24,2.5869255970637154e+23,1.317557341534133e+24,0.0,1416030305666.3657,258692559706.3715,922290139073.8927,0.0,0.0,0.0,575381786982.541,0.0,0.0,0.0,0.0,0.0,1416030305666.363,258692559706.3708,414895984965.86633,0.0,0.0,0.0,-67987632874.51537,0.0,0.0,0.0,0.0,0.0,0.0,0.0,0.0,4.983033838248267e-65,391164.1614444571,4295369.995871519,576085914813.9368,0.0,0.0,0.0,0.0,3.7930949022731447e-63,29775815.19898049,6.890238405396193,1403521616505.6975,0.0,0.0,0.0,0.0,62589821.105793335,1416085399913.9758,258706905391.3776,414896845385.73944,0.0,0.0,0.0,0.0,0.0,0.0,0.0,-1003868508950940.5,0.0,0.0,0.0,-702.7079562656581,0.0,0.0,0.0,-575381786982.541,0.0,0.0,0.0,1389294397644.6775,0.0,0.0,0.0,0.0,0.0,0.0,0.0,67987632874.51537,0.0,0.0,0.0,-881900244239.3594,-41608.73172029572,-3.7865323450608574e-18,-0.0004160873172029571,-3.7865323450608567e-26,0.0,1.416030305666366e+24,2.5869255970637154e+23,1.3175573405302638e+24,0.0,1416030305666.3657,258692559706.3715,922290138371.1843,0.0,0.0,0.0,0.0,0.0,0.0,0.0,1389294397644.6775,0.0,1416030305666.363,258692559706.3708,414895984965.86633,0.0,0.0,0.0,0.0,0.0,0.0,0.0,-881900244239.3594
0.78,-1,-1,1,0.0,-41582.519958217425,0.0,-0.0004158251995821742,0.0,1.4160302925028515e+24,2.586925102528851e+23,1.31522027433047e+24,0.0,1416030292502.851,258692510252.88504,920654192031.3287,0.0,0.0,0.0,574249666249.6195,0.0,0.0,0.0,0.0,0.0,1416030292502.8489,258692510252.88446,414895978249.0418,0.0,0.0,0.0,-68491452467.33278,0.0,0.0,0.0,0.0,0.0,0.0,0.0,0.0,4.985703739785989e-65,391373.7484114928,4299381.891048116,574959042497.1813,0.0,0.0,0.0,0.0,3.7929614071904797e-63,29774767.298327453,8.397311751334595,1405286683032.9968,0.0,0.0,0.0,0.0,62589821.10579333,1416085399913.9744,258706905391.37753,414896845385.73926,0.0,0.0,0.0,0.0,0.0,0.0,0.0,-998621535977082.9,0.0,0.0,0.0,-699.0350751839578,0.0,0.0,0.0,-574249666249.6195,0.0,0.0,0.0,1391005356410.3608,0.0,0.0,0.0,0.0,0.0,0.0,0.0,68491452467.33278,0.0,0.0,0.0,-885247143327.1082,-41582.51995821622,-2.524354896707238e-18,-0.00041582519958216214,-2.5243548967072378e-26,0.0,1.4160302925028515e+24,2.586925102528851e+23,1.3152202733318482e+24,0.0,1416030292502.851,258692510252.88504,920654191332.2935,0.0,0.0,0.0,0.0,0.0,0.0,0.0,1391005356410.3608,0.0,1416030292502.8489,258692510252.88446,414895978249.0418,0.0,0.0,0.0,0.0,0.0,0.0,0.0,-885247143327.1082
0.8,-1,-1,1,0.0,-41555.73580331657,0.0,-0.00041555735803316566,0.0,1.416030279093925e+24,2.58692459688227e+23,1.3128321719887902e+24,0.0,1416030279093.9246,258692459688.22696,918982520392.1528,0.0,0.0,0.0,573093905492.664,0.0,0.0,0.0,0.0,0.0,1416030279093.922,258692459688.22626,414895971373.97,0.0,0.0,0.0,-69007356474.48059,0.0,0.0,0.0,0.0,0.0,0.0,0.0,0.0,4.988393506633605e-65,391584.8948372447,4303476.950803447,573808656059.9459,0.0,0.0,0.0,0.0,3.7928269188422794e-63,29773711.60063411,10.787577080771097,1407078415697.0469,0.0,0.0,0.0,0.0,62589821.10579335,1416085399913.9739,258706905391.37695,414896845385.7388,0.0,0.0,0.0,0.0,0.0,0.0,0.0,-993261002483112.8,0.0,0.0,0.0,-695.2827017381787,0.0,0.0,0.0,-573093905492.664,0.0,0.0,0.0,1392741988733.0713,0.0,0.0,0.0,0.0,0.0,0.0,0.0,69007356474.48059,0.0,0.0,0.0,-888655440410.1714,-41555.73580331523,-3.7865323450608574e-18,-0.00041555735803315216,-3.7865323450608567e-26,0.0,1.416030279093925e+24,2.58692459688227e+23,1.3128321709955299e+24,0.0,1416030279093.9246,258692459688.22696,918982519696.8706,0.0,0.0,0.0,0.0,0.0,0.0,0.0,1392741988733.0713,0.0,1416030279093.922,258692459688.22626,414895971373.97,0.0,0.0,0.0,0.0,0.0,0.0,0.0,-888655440410.1714
0.8200000000000001,-1,-1,1,0.0,-41528.3435050969,0.0,-0.0004152834350509689,0.0,1.4160302654238257e+24,2.5869240794298253e+23,1.3103898469583335e+24,0.0,1416030265423.8254,258692407942.98245,917272892870.8333,0.0,0.0,0.0,571913038840.7297,0.0,0.0,0.0,0.0,0.0,1416030265423.824,258692407942.9819,414895964330.6543,0.0,0.0,0.0,-69536110300.55159,0.0,0.0,0.0,0.0,0.0,0.0,0.0,0.0,4.991104943299801e-65,391797.74238207494,4307659.976889572,572633297606.3065,0.0,0.0,0.0,0.0,3.792691347003101e-63,29772647.397621132,14.637396200308341,1408898506170.2742,0.0,0.0,0.0,0.0,62589821.10579333,1416085399913.9746,258706905391.37692,414896845385.739,0.0,0.0,0.0,0.0,0.0,0.0,0.0,-987799062845962.8,0.0,0.0,0.0,-691.4593439921737,0.0,0.0,0.0,-571913038840.7297,0.0,0.0,0.0,1394505923874.956,0.0,0.0,0.0,0.0,0.0,0.0,0.0,69536110300.55159,0.0,0.0,0.0,-892128996026.2358,-41528.343505095705,-3.7865323450608574e-18,-0.00041528343505095697,-3.7865323450608567e-26,0.0,1.4160302654238257e+24,2.5869240794298253e+23,1.310389845970534e+24,0.0,1416030265423.8254,258692407942.98245,917272892179.3735,0.0,0.0,0.0,0.0,0.0,0.0,0.0,1394505923874.956,0.0,1416030265423.824,258692407942.9819,414895964330.6543,0.0,0.0,0.0,0.0,0.0,0.0,0.0,-892128996026.2358
0.84,-1,-1,1,0.0,-41500.30315750405,0.0,-0.0004150030315750405,0.0,1.4160302514747482e+24,2.586923549399276e+23,1.3078897411744743e+24,0.0,1416030251474.7478,258692354939.92752,915522818822.1316,0.0,0.0,0.0,570705441500.8696,0.0,0.0,0.0,0.0,0.0,1416030251474.7458,258692354939.92697,414895957107.8024,0.0,0.0,0.0,-70078579786.5407,0.0,0.0,0.0,0.0,0.0,0.0,0.0,0.0,4.993840117653531e-65,392012.45338104066,4311936.075147042,571431351364.8378,0.0,0.0,0.0,0.0,3.7925545882795013e-63,29771573.877639774,20.904517841524513,1410748830252.79,0.0,0.0,0.0,0.0,62589821.10579335,1416085399913.9753,258706905391.3775,414896845385.7396,0.0,0.0,0.0,0.0,0.0,0.0,0.0,-982190979128437.8,0.0,0.0,0.0,-687.5336853899062,0.0,0.0,0.0,-570705441500.8696,0.0,0.0,0.0,1396298968170.306,0.0,0.0,0.0,0.0,0.0,0.0,0.0,70078579786.5407,0.0,0.0,0.0,-895672107143.5089,-41500.30315750279,-2.524354896707238e-18,-0.00041500303157502785,-2.5243548967072378e-26,0.0,1.4160302514747482e+24,2.586923549399276e+23,1.307889740192284e+24,0.0,1416030251474.7478,258692354939.92752,915522818134.5985,0.0,0.0,0.0,0.0,0.0,0.0,0.0,1396298968170.306,0.0,1416030251474.7458,258692354939.92697,414895957107.8024,0.0,0.0,0.0,0.0,0.0,0.0,0.0,-895672107143.5089
0.86,-1,-1,1,0.0,-41471.56972627281,0.0,-0.0004147156972627281,0.0,1.4160302372261496e+24,2.586923005924675e+23,1.3053278393359866e+24,0.0,1416030237226.1494,258692300592.46744,913729487535.1904,0.0,0.0,0.0,569469304123.8828,0.0,0.0,0.0,0.0,0.0,1416030237226.1472,258692300592.46683,414895949692.39734,0.0,0.0,0.0,-70635766281.09052,0.0,0.0,0.0,0.0,0.0,0.0,0.0,0.0,4.99660147211751e-65,392229.21957273927,4316310.571578555,570201018420.2605,0.0,0.0,0.0,0.0,3.792416520550322e-63,29770490.082028307,31.180998099190084,1412631477473.7688,0.0,0.0,0.0,0.0,62589821.10579333,1416085399913.9749,258706905391.37704,414896845385.7388,0.0,0.0,0.0,0.0,0.0,0.0,0.0,-976378346553870.9,0.0,0.0,0.0,-683.4648425877094,0.0,0.0,0.0,-569469304123.8828,0.0,0.0,0.0,1398123133190.7078,0.0,0.0,0.0,0.0,0.0,0.0,0.0,70635766281.09052,0.0,0.0,0.0,-899289596031.3802,-41471.56972627143,-3.7865323450608574e-18,-0.00041471569726271427,-3.7865323450608567e-26,0.0,1.4160302372261496e+24,2.586923005924675e+23,1.3053278383596085e+24,0.0,1416030237226.1494,258692300592.46744,913729486851.7257,0.0,0.0,0.0,0.0,0.0,0.0,0.0,1398123133190.7078,0.0,1416030237226.1472,258692300592.46683,414895949692.39734,0.0,0.0,0.0,0.0,0.0,0.0,0.0,-899289596031.3802
0.88,-1,-1,1,0.0,-41442.09153208605,0.0,-0.0004144209153208604,0.0,1.41603022265351e+24,2.5869224480241135e+23,1.302699533661633e+24,0.0,1416030222653.5098,258692244802.4113,911889673563.1427,0.0,0.0,0.0,568202601482.9618,0.0,0.0,0.0,0.0,0.0,1416030222653.5068,258692244802.4106,414895942068.9307,0.0,0.0,0.0,-71208869988.7507,0.0,0.0,0.0,0.0,0.0,0.0,0.0,0.0,4.999392032866803e-65,392448.27852162544,4320788.829910411,568940286052.845,0.0,0.0,0.0,0.0,3.7922769925068154e-63,29769394.82300305,48.1137743237405,1414548787004.4011,0.0,0.0,0.0,0.0,62589821.10579332,1416085399913.9749,258706905391.37762,414896845385.73944,0.0,0.0,0.0,0.0,0.0,0.0,0.0,-970241824415113.6,0.0,0.0,0.0,-679.1692770905793,0.0,0.0,0.0,-568202601482.9618,0.0,0.0,0.0,1399980669581.0667,0.0,0.0,0.0,0.0,0.0,0.0,0.0,71208869988.7507,0.0,0.0,0.0,-902986938766.0239,-41442.09153208483,-3.7865323450608574e-18,-0.00041442091532084823,-3.7865323450608567e-26,0.0,1.41603022265351e+24,2.5869224480241135e+23,1.3026995326913915e+24,0.0,1416030222653.5098,258692244802.4113,911889672883.9739,0.0,0.0,0.0,0.0,0.0,0.0,0.0,1399980669581.0667,0.0,1416030222653.5068,258692244802.4106,414895942068.9307,0.0,0.0,0.0,0.0,0.0,0.0,0.0,-902986938766.0239
0.9,-1,-1,1,0.0,-41411.80767818219,0.0,-0.0004141180767818218,0.0,1.416030207725963e+24,2.5869218745651357e+23,1.2999993945325887e+24,0.0,1416030207725.9626,258692187456.51352,909999576172.8118,0.0,0.0,0.0,566903053781.9387,0.0,0.0,0.0,0.0,0.0,1416030207725.9604,258692187456.5129,414895934217.9258,0.0,0.0,0.0,-71799411827.05328,0.0,0.0,0.0,0.0,0.0,0.0,0.0,0.0,5.0022158235003005e-65,392669.94609121804,4325375.896080232,567646890317.4917,0.0,0.0,0.0,0.0,3.79213580296903e-63,29768286.52129842,76.1038705534957,1416503391448.436,0.0,0.0,0.0,0.0,62589821.105793364,1416085399913.9749,258706905391.3774,414896845385.73914,0.0,0.0,0.0,0.0,0.0,0.0,0.0,-963444095115576.8,0.0,0.0,0.0,-674.4108665809035,0.0,0.0,0.0,-566903053781.9387,0.0,0.0,0.0,1401874107599.9263,0.0,0.0,0.0,0.0,0.0,0.0,0.0,71799411827.05328,0.0,0.0,0.0,-906770466319.4507,-41411.80767818086,-3.7865323450608574e-18,-0.00041411807678180855,-3.7865323450608567e-26,0.0,1.416030207725963e+24,2.5869218745651357e+23,1.2999993935691451e+24,0.0,1416030207725.9626,258692187456.51352,909999575498.4014,0.0,0.0,0.0,0.0,0.0,0.0,0.0,1401874107599.9263,0.0,1416030207725.9604,258692187456.5129,414895934217.9258,0.0,0.0,0.0,0.0,0.0,0.0,0.0,-906770466319.4507
0.92,-1,-1,1,0.0,-41380.643350541046,0.0,-0.00041380643350541035,0.0,1.4160301924015447e+24,2.586921284206825e+23,1.2972207514513594e+24,0.0,1416030192401.5444,258692128420.68243,908054526015.9513,0.0,0.0,0.0,565568078220.6516,0.0,0.0,0.0,0.0,0.0,1416030192401.541,258692128420.6818,414895926113.0021,0.0,0.0,0.0,-72409478317.70348,0.0,0.0,0.0,0.0,0.0,0.0,0.0,0.0,5.005078710172886e-65,392894.6827866638,4330075.842593695,566318270162.822,0.0,0.0,0.0,0.0,3.791992658629199e-63,29767162.874462847,122.46852436722214,1418498270415.3865,0.0,0.0,0.0,0.0,62589821.10579333,1416085399913.9744,258706905391.37708,414896845385.73895,0.0,0.0,0.0,0.0,0.0,0.0,0.0,-955398392906146.8,0.0,0.0,0.0,-668.7788750343025,0.0,0.0,0.0,-565568078220.6516,0.0,0.0,0.0,1403806305174.652,0.0,0.0,0.0,0.0,0.0,0.0,0.0,72409478317.70348,0.0,0.0,0.0,-910647705940.4807,-41380.64335053975,-3.7865323450608574e-18,-0.00041380643350539745,-3.7865323450608567e-26,0.0,1.4160301924015447e+24,2.586921284206825e+23,1.2972207504959613e+24,0.0,1416030192401.5444,258692128420.68243,908054525347.1726,0.0,0.0,0.0,0.0,0.0,0.0,0.0,1403806305174.652,0.0,1416030192401.541,258692128420.6818,414895926113.0021,0.0,0.0,0.0,0.0,0.0,0.0,0.0,-910647705940.4807
0.9400000000000001,-1,-1,1,0.0,-41348.500720578115,0.0,-0.0004134850072057811,0.0,1.4160301766173683e+24,2.5869206752947425e+23,1.2943548819146189e+24,0.0,1416030176617.368,258692067529.47418,906048417340.2328,0.0,0.0,0.0,564194727386.6733,0.0,0.0,0.0,0.0,0.0,1416030176617.3662,258692067529.47372,414895917714.7955,0.0,0.0,0.0,-73042227761.23618,0.0,0.0,0.0,0.0,0.0,0.0,0.0,0.0,5.007990163319731e-65,393123.2320489874,4334890.596758818,564951511101.0754,0.0,0.0,0.0,0.0,3.791847085965561e-63,29766020.165413126,199.37208448744673,1420536816009.4302,0.0,0.0,0.0,0.0,62589821.10579335,1416085399913.9749,258706905391.37677,414896845385.7388,0.0,0.0,0.0,0.0,0.0,0.0,0.0,-944601686639445.5,0.0,0.0,0.0,-661.2211806476116,0.0,0.0,0.0,-564194727386.6733,0.0,0.0,0.0,1405780503316.7263,0.0,0.0,0.0,0.0,0.0,0.0,0.0,73042227761.23618,0.0,0.0,0.0,-914628004352.5095,-41348.50072057688,-3.7865323450608574e-18,-0.00041348500720576875,-3.7865323450608567e-26,0.0,1.4160301766173683e+24,2.5869206752947425e+23,1.2943548809700176e+24,0.0,1416030176617.368,258692067529.47418,906048416679.0121,0.0,0.0,0.0,0.0,0.0,0.0,0.0,1405780503316.7263,0.0,1416030176617.3662,258692067529.47372,414895917714.7955,0.0,0.0,0.0,0.0,0.0,0.0,0.0,-914628004352.5095
0.96,-1,-1,1,0.0,-41315.240612022026,0.0,-0.0004131524061202202,0.0,1.4160301602689356e+24,2.5869200456588924e+23,1.291389376809302e+24,0.0,1416030160268.9353,258692004565.8892,903972563766.5112,0.0,0.0,0.0,562779609364.0474,0.0,0.0,0.0,0.0,0.0,1416030160268.9324,258692004565.8886,414895908958.1648,0.0,0.0,0.0,-73702954555.70143,0.0,0.0,0.0,0.0,0.0,0.0,0.0,0.0,5.010966974261845e-65,393356.9120062476,4339817.8862533625,563543276414.7563,0.0,0.0,0.0,0.0,3.791698245412007e-63,29764851.803723097,327.0328331343154,1422622912149.7734,0.0,0.0,0.0,0.0,62589821.105793335,1416085399913.9758,258706905391.3773,414896845385.7392,0.0,0.0,0.0,0.0,0.0,0.0,0.0,-927945876334395.0,0.0,0.0,0.0,-649.5621134340763,0.0,0.0,0.0,-562779609364.0474,0.0,0.0,0.0,1407800385978.5972,0.0,0.0,0.0,0.0,0.0,0.0,0.0,73702954555.70143,0.0,0.0,0.0,-918723731819.813,-41315.24061202073,-3.7865323450608574e-18,-0.0004131524061202072,-3.7865323450608567e-26,0.0,1.4160301602689356e+24,2.5869200456588924e+23,1.2913893758813558e+24,0.0,1416030160268.9353,258692004565.8892,903972563116.9487,0.0,0.0,0.0,0.0,0.0,0.0,0.0,1407800385978.5972,0.0,1416030160268.9324,258692004565.8886,414895908958.1648,0.0,0.0,0.0,0.0,0.0,0.0,0.0,-918723731819.813
0.98,-1,-1,1,0.0,-41280.644581992,0.0,-0.0004128064458199199,0.0,1.416030143166087e+24,2.5869193922078554e+23,1.2883047595144873e+24,0.0,1416030143166.0867,258691939220.78546,901813331660.1409,0.0,0.0,0.0,561318781688.0531,0.0,0.0,0.0,0.0,0.0,1416030143166.0852,258691939220.78482,414895899724.9389,0.0,0.0,0.0,-74401349752.85172,0.0,0.0,0.0,0.0,0.0,0.0,0.0,0.0,5.0140411496633486e-65,393598.23518420366,4344847.680771963,562089724682.0574,0.0,0.0,0.0,0.0,3.791544536635282e-63,29763645.22717373,539.0455514190124,1424761028181.0178,0.0,0.0,0.0,0.0,62589821.105793335,1416085399913.975,258706905391.3774,414896845385.73926,0.0,0.0,0.0,0.0,0.0,0.0,0.0,-898390237417604.5,0.0,0.0,0.0,-628.873166192323,0.0,0.0,0.0,-561318781688.0531,0.0,0.0,0.0,1409870134526.6484,0.0,0.0,0.0,0.0,0.0,0.0,0.0,74401349752.85172,0.0,0.0,0.0,-922952703220.319,-41280.644581990804,-3.7865323450608574e-18,-0.00041280644581990795,-3.7865323450608567e-26,0.0,1.416030143166087e+24,2.5869193922078554e+23,1.2883047586160975e+24,0.0,1416030143166.0867,258691939220.78546,901813331031.268,0.0,0.0,0.0,0.0,0.0,0.0,0.0,1409870134526.6484,0.0,1416030143166.0852,258691939220.78482,414895899724.9389,0.0,0.0,0.0,0.0,0.0,0.0,0.0,-922952703220.319
1.0,-1,-1,1,0.0,-41244.33523689264,0.0,-0.0004124433523689264,0.0,1.4160301249385996e+24,2.586918710090095e+23,1.2850673811681876e+24,0.0,1416030124938.599,258691871009.00943,899547166817.7311,0.0,0.0,0.0,559807606571.5823,0.0,0.0,0.0,0.0,0.0,1416030124938.5967,258691871009.00897,414895889785.4641,0.0,0.0,0.0,-75156329539.31604,0.0,0.0,0.0,0.0,0.0,0.0,0.0,0.0,5.017276741149239e-65,393852.2296251545,4349956.078050632,560586415348.0201,0.0,0.0,0.0,0.0,3.791382757053981e-63,29762375.296373103,891.2072922761205,1426956322676.9375,0.0,0.0,0.0,0.0,62589821.10579333,1416085399913.974,258706905391.3772,414896845385.73914,0.0,0.0,0.0,0.0,0.0,0.0,0.0,-840383150130510.5,0.0,0.0,0.0,-588.2682050913572,0.0,0.0,0.0,-559807606571.5823,0.0,0.0,0.0,1411994450776.126,0.0,0.0,0.0,0.0,0.0,0.0,0.0,75156329539.31604,0.0,0.0,0.0,-927343174332.1263,-41244.33523689143,-3.7865323450608574e-18,-0.0004124433523689142,-3.7865323450608567e-26,0.0,1.4160301249385996e+24,2.586918710090095e+23,1.2850673803278043e+24,0.0,1416030124938.599,258691871009.00943,899547166229.4626,0.0,0.0,0.0,0.0,0.0,0.0,0.0,1411994450776.126,0.0,1416030124938.5967,258691871009.00897,414895889785.4641,0.0,0.0,0.0,0.0,0.0,0.0,0.0,-927343174332.1263
1.02,-1,-1,1,0.0,-41205.607248320775,0.0,-0.0004120560724832077,0.0,1.4160301048330875e+24,2.5869179909290807e+23,1.2816143538394492e+24,0.0,1416030104833.0872,258691799092.908,897130047687.6143,0.0,0.0,0.0,558240546591.3494,0.0,0.0,0.0,0.0,0.0,1416030104833.085,258691799092.90747,414895878672.7497,0.0,0.0,0.0,-76006377576.48608,0.0,0.0,0.0,0.0,0.0,0.0,0.0,0.0,5.0208057753174544e-65,394129.2593871337,4355094.8573447615,559028212243.8741,0.0,0.0,0.0,0.0,3.791206305337935e-63,29760990.192719836,1476.128746817046,1429214741476.4878,0.0,0.0,0.0,0.0,62589821.10579333,1416085399913.9753,258706905391.37775,414896845385.7396,0.0,0.0,0.0,0.0,0.0,0.0,0.0,-719473759180733.4,0.0,0.0,0.0,-503.6316314265132,0.0,0.0,0.0,-558240546591.3494,0.0,0.0,0.0,1414178485681.0786,0.0,0.0,0.0,0.0,0.0,0.0,0.0,76006377576.48608,0.0,0.0,0.0,-931944317169.8451,-41205.6072483195,-2.524354896707238e-18,-0.00041205607248319496,-2.5243548967072378e-26,0.0,1.4160301048330875e+24,2.5869179909290807e+23,1.2816143531199748e+24,0.0,1416030104833.0872,258691799092.908,897130047183.9822,0.0,0.0,0.0,0.0,0.0,0.0,0.0,1414178485681.0786,0.0,1416030104833.085,258691799092.90747,414895878672.7497,0.0,0.0,0.0,0.0,0.0,0.0,0.0,-931944317169.8451
1.04,-1,-1,1,0.0,-41163.06736973784,0.0,-0.00041163067369737833,0.0,1.4160300812753538e+24,2.5869172190685065e+23,1.277821453981769e+24,0.0,1416030081275.3533,258691721906.8506,894475017787.2379,0.0,0.0,0.0,556610865326.2736,0.0,0.0,0.0,0.0,0.0,1416030081275.3508,258691721906.85013,414895865410.894,0.0,0.0,0.0,-77031712949.93004,0.0,0.0,0.0,0.0,0.0,0.0,0.0,0.0,5.02490493474255e-65,394451.0439991658,4360173.711644786,557409215352.1554,0.0,0.0,0.0,0.0,3.791001347357803e-63,29759381.322108503,2447.354142566172,1431543065430.5457,0.0,0.0,0.0,0.0,62589821.105793335,1416085399913.9758,258706905391.37793,414896845385.74,0.0,0.0,0.0,0.0,0.0,0.0,0.0,-459515778975827.5,0.0,0.0,0.0,-321.66104528307915,0.0,0.0,0.0,-556610865326.2736,0.0,0.0,0.0,1416427528882.689,0.0,0.0,0.0,0.0,0.0,0.0,0.0,77031712949.93004,0.0,0.0,0.0,-936848376828.0057,-41163.067369736564,-3.7865323450608574e-18,-0.00041163067369736554,-3.7865323450608567e-26,0.0,1.4160300812753538e+24,2.5869172190685065e+23,1.2778214535222536e+24,0.0,1416030081275.3533,258691721906.8506,894475017465.5774,0.0,0.0,0.0,0.0,0.0,0.0,0.0,1416427528882.689,0.0,1416030081275.3508,258691721906.85013,414895865410.894,0.0,0.0,0.0,0.0,0.0,0.0,0.0,-936848376828.0057
1.06,-1,-1,1,0.0,-41113.86689052455,0.0,-0.00041113866890524545,0.0,1.4160300509266153e+24,2.586916363531785e+23,1.2734346871336642e+24,0.0,1416030050926.615,258691636353.17844,891404280993.5647,0.0,0.0,0.0,554910171014.7258,0.0,0.0,0.0,0.0,0.0,1416030050926.6133,258691636353.17786,414895847928.5123,0.0,0.0,0.0,-78401737949.6741,0.0,0.0,0.0,0.0,0.0,0.0,0.0,0.0,5.030158802188449e-65,394863.4731404663,4365030.186818497,555722799154.5212,0.0,0.0,0.0,0.0,3.79073865397414e-63,29757319.243619815,4058.9575924142828,1433948797739.7837,0.0,0.0,0.0,0.0,62589821.10579334,1416085399913.975,258706905391.37732,414896845385.7393,0.0,0.0,0.0,0.0,0.0,0.0,0.0,105659862990890.27,0.0,0.0,0.0,73.96190409362316,0.0,0.0,0.0,-554910171014.7258,0.0,0.0,0.0,1418746135707.6995,0.0,0.0,0.0,0.0,0.0,0.0,0.0,78401737949.6741,0.0,0.0,0.0,-942237702568.6848,-41113.86689052347,-3.7865323450608574e-18,-0.00041113866890523466,-3.7865323450608567e-26,0.0,1.4160300509266153e+24,2.586916363531785e+23,1.2734346872393247e+24,0.0,1416030050926.615,258691636353.17844,891404281067.5271,0.0,0.0,0.0,0.0,0.0,0.0,0.0,1418746135707.6995,0.0,1416030050926.6133,258691636353.17786,414895847928.5123,0.0,0.0,0.0,0.0,0.0,0.0,0.0,-942237702568.6848
1.08,-1,-1,1,0.0,-41052.07021559705,0.0,-0.0004105207021559704,0.0,1.4160300066494613e+24,2.586915360740674e+23,1.267924828625896e+24,0.0,1416030006649.461,258691536074.06732,887547380038.1268,0.0,0.0,0.0,553127694003.4265,0.0,0.0,0.0,0.0,0.0,1416030006649.4587,258691536074.0669,414895821791.6203,0.0,0.0,0.0,-80476135756.92062,0.0,0.0,0.0,0.0,0.0,0.0,0.0,0.0,5.037805295864863e-65,395463.7233406957,4369379.273486773,553961944111.6832,0.0,0.0,0.0,0.0,3.790356329273768e-63,29754318.09043779,6729.828502639857,1436439636090.5073,0.0,0.0,0.0,0.0,62589821.10579334,1416085399913.9756,258706905391.378,414896845385.73975,0.0,0.0,0.0,0.0,0.0,0.0,0.0,1327825780606696.0,0.0,0.0,0.0,929.4780464246869,0.0,0.0,0.0,-553127694003.4265,0.0,0.0,0.0,1421135987771.4631,0.0,0.0,0.0,0.0,0.0,0.0,0.0,80476135756.92062,0.0,0.0,0.0,-948484428595.4781,-41052.07021559587,-3.7865323450608574e-18,-0.00041052070215595864,-3.7865323450608567e-26,0.0,1.4160300066494613e+24,2.586915360740674e+23,1.2679248299537213e+24,0.0,1416030006649.461,258691536074.06732,887547380967.6046,0.0,0.0,0.0,0.0,0.0,0.0,0.0,1421135987771.4631,0.0,1416030006649.4587,258691536074.0669,414895821791.6203,0.0,0.0,0.0,0.0,0.0,0.0,0.0,-948484428595.4781
1.1,-1,-1,1,0.0,-40965.21997078407,0.0,-0.0004096521997078406,0.0,1.416029933133154e+24,2.5869140773118866e+23,1.2601811647320006e+24,0.0,1416029933133.1536,258691407731.1886,882126815312.4001,0.0,0.0,0.0,551249105595.9257,0.0,0.0,0.0,0.0,0.0,1416029933133.1511,258691407731.18823,414895777468.78986,0.0,0.0,0.0,-84018067752.3162,0.0,0.0,0.0,0.0,0.0,0.0,0.0,0.0,5.050457181823034e-65,396456.8967723229,4372730.422142864,552120278255.9014,0.0,0.0,0.0,0.0,3.7897237349484746e-63,29749352.385104842,11145.662900683003,1439021973127.6663,0.0,0.0,0.0,0.0,62589821.10579332,1416085399913.9744,258706905391.37738,414896845385.739,0.0,0.0,0.0,0.0,0.0,0.0,0.0,3903624335351800.5,0.0,0.0,0.0,2732.5370347462595,0.0,0.0,0.0,-551249105595.9257,0.0,0.0,0.0,1423591006576.565,0.0,0.0,0.0,0.0,0.0,0.0,0.0,84018067752.3162,0.0,0.0,0.0,-956359966000.4172,-40965.21997078259,-3.7865323450608574e-18,-0.0004096521997078259,-3.7865323450608567e-26,0.0,1.416029933133154e+24,2.5869140773118866e+23,1.2601811686356242e+24,0.0,1416029933133.1536,258691407731.1886,882126818044.9365,0.0,0.0,0.0,0.0,0.0,0.0,0.0,1423591006576.565,0.0,1416029933133.1511,258691407731.18823,414895777468.78986,0.0,0.0,0.0,0.0,0.0,0.0,0.0,-956359966000.4172
1.12,-1,-1,1,0.0,-40827.25942929494,0.0,-0.0004082725942929494,0.0,1.416029797530297e+24,2.5869122299761587e+23,1.2478804497068893e+24,0.0,1416029797530.2966,258691222997.6158,873516314794.8221,0.0,0.0,0.0,549254542830.00494,0.0,0.0,0.0,0.0,0.0,1416029797530.294,258691222997.61548,414895694443.1196,0.0,0.0,0.0,-90633922478.3027,0.0,0.0,0.0,0.0,0.0,0.0,0.0,0.0,5.073568098312199e-65,398271.10427418444,4374256.39396313,550194686647.3623,0.0,0.0,0.0,0.0,3.788568189073993e-63,29740281.643112935,18412.9629459382,1441697306789.9438,0.0,0.0,0.0,0.0,62589821.10579335,1416085399913.975,258706905391.37717,414896845385.7388,0.0,0.0,0.0,0.0,0.0,0.0,0.0,9026062704867552.0,0.0,0.0,0.0,6318.243893407285,0.0,0.0,0.0,-549254542830.00494,0.0,0.0,0.0,1426086793138.5334,0.0,0.0,0.0,0.0,0.0,0.0,0.0,90633922478.3027,0.0,0.0,0.0,-967466166468.5868,-40827.25942929391,-3.7865323450608574e-18,-0.000408272594292939,-3.7865323450608567e-26,0.0,1.416029797530297e+24,2.5869122299761587e+23,1.2478804587329528e+24,0.0,1416029797530.2966,258691222997.6158,873516321113.0667,0.0,0.0,0.0,0.0,0.0,0.0,0.0,1426086793138.5334,0.0,1416029797530.294,258691222997.61548,414895694443.1196,0.0,0.0,0.0,0.0,0.0,0.0,0.0,-967466166468.5868
1.1400000000000001,-1,-1,1,0.0,-40584.60627271129,0.0,-0.0004058460627271128,0.0,1.4160295296080888e+24,2.5869092135650603e+23,1.2262452336717803e+24,0.0,1416029529608.0884,258690921356.50595,858371663570.246,0.0,0.0,0.0,547115253106.4176,0.0,0.0,0.0,0.0,0.0,1416029529608.086,258690921356.50558,414895528601.1005,0.0,0.0,0.0,-103639118137.27254,0.0,0.0,0.0,0.0,0.0,0.0,0.0,0.0,5.118241839722744e-65,401777.99432614614,4372604.605755957,548190982513.3045,0.0,0.0,0.0,0.0,3.7863345019067775e-63,29722747.763781697,30266.83523493896,1444454672896.022,0.0,0.0,0.0,0.0,62589821.10579334,1416085399913.9753,258706905391.378,414896845385.7402,0.0,0.0,0.0,0.0,0.0,0.0,0.0,1.809157017285803e+16,0.0,0.0,0.0,12664.099121000618,0.0,0.0,0.0,-547115253106.4176,0.0,0.0,0.0,1428559352617.6826,0.0,0.0,0.0,0.0,0.0,0.0,0.0,103639118137.27254,0.0,0.0,0.0,-985083204984.4381,-40584.6062727101,-3.7865323450608574e-18,-0.00040584606272710093,-3.7865323450608567e-26,0.0,1.4160295296080888e+24,2.5869092135650603e+23,1.2262452517633508e+24,0.0,1416029529608.0884,258690921356.50595,858371676234.3453,0.0,0.0,0.0,0.0,0.0,0.0,0.0,1428559352617.6826,0.0,1416029529608.086,258690921356.50558,414895528601.1005,0.0,0.0,0.0,0.0,0.0,0.0,0.0,-985083204984.4381
1.16,-1,-1,1,0.0,-40131.24905313601,0.0,-0.00040131249053136,0.0,1.4160289803684275e+24,2.586903733165061e+23,1.1858234648575603e+24,0.0,1416028980368.427,258690373316.50604,830076425400.292,0.0,0.0,0.0,544787762052.544,0.0,0.0,0.0,0.0,0.0,1416028980368.4253,258690373316.5056,414895185468.6606,0.0,0.0,0.0,-129606522120.9125,0.0,0.0,0.0,0.0,0.0,0.0,0.0,0.0,5.205978272148814e-65,408665.3079109711,4365683.398287234,546134218212.26605,0.0,0.0,0.0,0.0,3.78194768009557e-63,29688312.315932248,49279.46411717078,1447257275996.34,0.0,0.0,0.0,0.0,62589821.10579334,1416085399913.975,258706905391.37787,414896845385.73987,0.0,0.0,0.0,0.0,0.0,0.0,0.0,3.0857374534276988e+16,0.0,0.0,0.0,21600.162173993886,0.0,0.0,0.0,-544787762052.544,0.0,0.0,0.0,1430867209572.2651,0.0,0.0,0.0,0.0,0.0,0.0,0.0,129606522120.9125,0.0,0.0,0.0,-1015685948040.4713,-40131.2490531348,-2.524354896707238e-18,-0.000401312490531348,-2.5243548967072378e-26,0.0,1.4160289803684275e+24,2.586903733165061e+23,1.1858234957149355e+24,0.0,1416028980368.427,258690373316.50604,830076447000.4546,0.0,0.0,0.0,0.0,0.0,0.0,0.0,1430867209572.2651,0.0,1416028980368.4253,258690373316.5056,414895185468.6606,0.0,0.0,0.0,0.0,0.0,0.0,0.0,-1015685948040.4713
1.18,-1,-1,1,0.0,-39272.05379749622,0.0,-0.00039272053797496215,0.0,1.4160278376548457e+24,2.5868930221790474e+23,1.1092169767005837e+24,0.0,1416027837654.8455,258689302217.90466,776451883690.4084,0.0,0.0,0.0,542203192907.10425,0.0,0.0,0.0,0.0,0.0,1416027837654.8438,258689302217.90427,414894464107.8224,0.0,0.0,0.0,-180645773324.51862,0.0,0.0,0.0,0.0,0.0,0.0,0.0,0.0,5.374687007829818e-65,421908.9534820689,4350572.246927592,544081767622.7919,0.0,0.0,0.0,0.0,3.773512242946369e-63,29622096.237428404,78887.33251222078,1450026279068.7888,0.0,0.0,0.0,0.0,62589821.10579333,1416085399913.975,258706905391.37732,414896845385.7393,0.0,0.0,0.0,0.0,0.0,0.0,0.0,4.219729491056875e+16,0.0,0.0,0.0,29538.10643739812,0.0,0.0,0.0,-542203192907.10425,0.0,0.0,0.0,1432739021481.1724,0.0,0.0,0.0,0.0,0.0,0.0,0.0,180645773324.51862,0.0,0.0,0.0,-1071181572360.4785,-39272.05379749507,-2.524354896707238e-18,-0.0003927205379749506,-2.5243548967072378e-26,0.0,1.4160278376548457e+24,2.5868930221790474e+23,1.1092170188978783e+24,0.0,1416027837654.8455,258689302217.90466,776451913228.5145,0.0,0.0,0.0,0.0,0.0,0.0,0.0,1432739021481.1724,0.0,1416027837654.8438,258689302217.90427,414894464107.8224,0.0,0.0,0.0,0.0,0.0,0.0,0.0,-1071181572360.4785
1.2,-1,-1,1,0.0,-37686.174130708336,0.0,-0.0003768617413070833,0.0,1.4160254560979333e+24,2.58687118578365e+23,9.678194518904748e+23,0.0,1416025456097.933,258687118578.36493,677473616323.3322,0.0,0.0,0.0,539246671578.5188,0.0,0.0,0.0,0.0,0.0,1416025456097.9304,258687118578.36465,414892940447.30225,0.0,0.0,0.0,-276665995702.4892,0.0,0.0,0.0,0.0,0.0,0.0,0.0,0.0,5.681611736686963e-65,446002.57073150674,4323836.337368153,542126320887.0462,0.0,0.0,0.0,0.0,3.758166005839203e-63,29501632.046408243,122955.32450341198,1452638965393.5833,0.0,0.0,0.0,0.0,62589821.10579335,1416085399913.9756,258706905391.37723,414896845385.73926,0.0,0.0,0.0,0.0,0.0,0.0,0.0,4.477866633768328e+16,0.0,0.0,0.0,31345.066436378285,0.0,0.0,0.0,-539246671578.5188,0.0,0.0,0.0,1433735443103.683,0.0,0.0,0.0,0.0,0.0,0.0,0.0,276665995702.4892,0.0,0.0,0.0,-1171154735882.586,-37686.17413070725,-1.262177448353619e-18,-0.0003768617413070725,-1.2621774483536189e-26,0.0,1.4160254560979333e+24,2.58687118578365e+23,9.678194966691411e+23,0.0,1416025456097.933,258687118578.36493,677473647668.3986,0.0,0.0,0.0,0.0,0.0,0.0,0.0,1433735443103.683,0.0,1416025456097.9304,258687118578.36465,414892940447.30225,0.0,0.0,0.0,0.0,0.0,0.0,0.0,-1171154735882.586
1.22,-1,-1,1,0.0,-34911.981476011446,0.0,-0.0003491198147601144,0.0,1.416020506806387e+24,2.586825674953443e+23,7.204737354776856e+23,0.0,1416020506806.3865,258682567495.34424,504331614834.37976,0.0,0.0,0.0,535720355932.43555,0.0,0.0,0.0,0.0,0.0,1416020506806.3838,258682567495.34384,414889722659.2917,0.0,0.0,0.0,-446278463757.3479,0.0,0.0,0.0,0.0,0.0,0.0,0.0,0.0,6.196500587811607e-65,486421.4099407258,4282302.652039371,540368324320.7946,0.0,0.0,0.0,0.0,3.732421562168544e-63,29299544.341420956,184931.1264128896,1454966903971.7449,0.0,0.0,0.0,0.0,62589821.105793335,1416085399913.9749,258706905391.37738,414896845385.7394,0.0,0.0,0.0,0.0,0.0,0.0,0.0,4.013906231786791e+16,0.0,0.0,0.0,28097.343622507527,0.0,0.0,0.0,-535720355932.43555,0.0,0.0,0.0,1433271737949.2104,0.0,0.0,0.0,0.0,0.0,0.0,0.0,446278463757.3479,0.0,0.0,0.0,-1343829817676.7786,-34911.98147601049,-2.524354896707238e-18,-0.00034911981476010487,-2.5243548967072378e-26,0.0,1.416020506806387e+24,2.586825674953443e+23,7.204737756167482e+23,0.0,1416020506806.3865,258682567495.34424,504331642931.72363,0.0,0.0,0.0,0.0,0.0,0.0,0.0,1433271737949.2104,0.0,1416020506806.3838,258682567495.34384,414889722659.2917,0.0,0.0,0.0,0.0,0.0,0.0,0.0,-1343829817676.7786
1.24,-1,-1,1,0.0,-30343.410874478777,0.0,-0.00030343410874478775,0.0,1.4160102244375625e+24,2.5867297103093952e+23,3.131481703105287e+23,0.0,1416010224437.562,258672971030.93945,219203719217.37003,0.0,0.0,0.0,531291546085.307,0.0,0.0,0.0,0.0,0.0,1416010224437.5605,258672971030.9392,414882928246.2058,0.0,0.0,0.0,-726970755114.1437,0.0,0.0,0.0,0.0,0.0,0.0,0.0,0.0,6.987198327093783e-65,548491.3236599821,4223650.496676946,538865906898.9217,0.0,0.0,0.0,0.0,3.6928866734930554e-63,28989204.6348702,267372.25004426175,1456940901245.597,0.0,0.0,0.0,0.0,62589821.10579336,1416085399913.9758,258706905391.37756,414896845385.73987,0.0,0.0,0.0,0.0,0.0,0.0,0.0,3.443556793757582e+16,0.0,0.0,0.0,24104.89755630307,0.0,0.0,0.0,-531291546085.307,0.0,0.0,0.0,1430678105616.825,0.0,0.0,0.0,0.0,0.0,0.0,0.0,726970755114.1437,0.0,0.0,0.0,-1626357290540.7627,-30343.410874477864,-3.7865323450608574e-18,-0.0003034341087447786,-3.7865323450608567e-26,0.0,1.4160102244375625e+24,2.5867297103093952e+23,3.1314820474609646e+23,0.0,1416010224437.562,258672971030.93945,219203743322.26746,0.0,0.0,0.0,0.0,0.0,0.0,0.0,1430678105616.825,0.0,1416010224437.5605,258672971030.9392,414882928246.2058,0.0,0.0,0.0,0.0,0.0,0.0,0.0,-1626357290540.7627
1.26,-1,-1,1,0.0,-23181.676716065347,0.0,-0.00023181676716065345,0.0,1.4159887652069876e+24,2.5865259487173732e+23,-3.2536396198260884e+23,0.0,1415988765206.9873,258652594871.73724,-227754773387.8261,0.0,0.0,0.0,525436794434.1993,0.0,0.0,0.0,0.0,0.0,1415988765206.9854,258652594871.7368,414868557289.86414,0.0,0.0,0.0,-1168060125111.89,0.0,0.0,0.0,0.0,0.0,0.0,0.0,0.0,8.110916658084046e-65,636703.4822174954,4146195.335243427,537609781997.1029,0.0,0.0,0.0,0.0,3.6367007545113597e-63,28548157.636737786,372352.60045668174,1458580488860.9746,0.0,0.0,0.0,0.0,62589821.10579334,1416085399913.9749,258706905391.37802,414896845385.73987,0.0,0.0,0.0,0.0,0.0,0.0,0.0,2.8452821709662684e+16,0.0,0.0,0.0,19916.975196763873,0.0,0.0,0.0,-525436794434.1993,0.0,0.0,0.0,1425180829608.4116,0.0,0.0,0.0,0.0,0.0,0.0,0.0,1168060125111.89,0.0,0.0,0.0,-2067804140369.125,-23181.67671606467,-3.7865323450608574e-18,-0.00023181676716064667,-3.7865323450608567e-26,0.0,1.4159887652069876e+24,2.5865259487173732e+23,-3.253639335297872e+23,0.0,1415988765206.9873,258652594871.73724,-227754753470.85095,0.0,0.0,0.0,0.0,0.0,0.0,0.0,1425180829608.4116,0.0,1415988765206.9854,258652594871.7368,414868557289.86414,0.0,0.0,0.0,0.0,0.0,0.0,0.0,-2067804140369.125
1.28,-1,-1,1,0.0,-12311.502698697781,0.0,-0.0001231150269869778,0.0,1.4159436660793402e+24,2.586091381781619e+23,-1.2944702529930023e+24,0.0,1415943666079.3398,258609138178.16183,-906129177095.1013,0.0,0.0,0.0,517380259397.6486,0.0,0.0,0.0,0.0,0.0,1415943666079.3381,258609138178.1615,414838077534.0732,0.0,0.0,0.0,-1838347514026.824,0.0,0.0,0.0,0.0,0.0,0.0,0.0,0.0,9.615007280481644e-65,754775.0497378845,4048344.7318118913,536541399514.3499,0.0,0.0,0.0,0.0,3.561496220136025e-63,27957817.857127246,502023.45455365995,1459967392750.7607,0.0,0.0,0.0,0.0,62589821.10579334,1416085399913.9749,258706905391.37732,414896845385.7392,0.0,0.0,0.0,0.0,0.0,0.0,0.0,2.2243443978726868e+16,0.0,0.0,0.0,15570.410785108805,0.0,0.0,0.0,-517380259397.6486,0.0,0.0,0.0,1415753420216.0828,0.0,0.0,0.0,0.0,0.0,0.0,0.0,1838347514026.824,0.0,0.0,0.0,-2736720659274.847,-12311.50269869742,-3.7865323450608574e-18,-0.00012311502698697418,-3.7865323450608567e-26,0.0,1.4159436660793402e+24,2.586091381781619e+23,-1.2944702307495586e+24,0.0,1415943666079.3398,258609138178.16183,-906129161524.6908,0.0,0.0,0.0,0.0,0.0,0.0,0.0,1415753420216.0828,0.0,1415943666079.3381,258609138178.1615,414838077534.0732,0.0,0.0,0.0,0.0,0.0,0.0,0.0,-2736720659274.847
1.3,-1,-1,1,0.0,3884.0685395852092,0.0,3.884068539585209e-05,0.0,1.4158482786391784e+24,2.5851621986272128e+23,-2.738270017414634e+24,0.0,1415848278639.178,258516219862.72122,-1916789012190.2432,0.0,0.0,0.0,506005719986.5043,0.0,0.0,0.0,0.0,0.0,1415848278639.1758,258516219862.72086,414773282082.403,0.0,0.0,0.0,-2837568014259.151,0.0,0.0,0.0,0.0,0.0,0.0,0.0,0.0,1.1537374871712913e-64,905681.5960812776,3928502.7006124756,535584338917.56573,0.0,0.0,0.0,0.0,3.4653778364136924e-63,27203307.528455283,658517.9041746474,1461203912343.0361,0.0,0.0,0.0,0.0,62589821.10579333,1416085399913.9744,258706905391.37692,414896845385.73895,0.0,0.0,0.0,0.0,0.0,0.0,0.0,1.6530245649325e+16,0.0,0.0,0.0,11571.171954527497,0.0,0.0,0.0,-506005719986.5043,0.0,0.0,0.0,1400892090020.5876,0.0,0.0,0.0,0.0,0.0,0.0,0.0,2837568014259.151,0.0,0.0,0.0,-3732454372722.058,3884.0685395850405,-2.524354896707238e-18,3.88406853958504e-05,-2.5243548967072378e-26,0.0,1.4158482786391784e+24,2.5851621986272128e+23,-2.7382700008843876e+24,0.0,1415848278639.178,258516219862.72122,-1916789000619.0708,0.0,0.0,0.0,0.0,0.0,0.0,0.0,1400892090020.5876,0.0,1415848278639.1758,258516219862.72086,414773282082.403,0.0,0.0,0.0,0.0,0.0,0.0,0.0,-3732454372722.058
1.32,-1,-1,1,0.0,27766.91709352032,0.0,0.00027766917093520314,0.0,1.4156456668645106e+24,2.583173589689916e+23,-4.867196908120465e+24,0.0,1415645666864.5103,258317358968.99155,-3407037835684.324,0.0,0.0,0.0,489721922556.3151,0.0,0.0,0.0,0.0,0.0,1415645666864.509,258317358968.99118,414635399533.5819,0.0,0.0,0.0,-4311395157774.2236,0.0,0.0,0.0,0.0,0.0,0.0,0.0,0.0,1.3898978923977054e-64,1091068.4940246143,3785600.9861535276,534666085300.4662,0.0,0.0,0.0,0.0,3.347297628689023e-63,26276399.521150503,843121.1025305958,1462385107838.6362,0.0,0.0,0.0,0.0,62589821.10579336,1416085399913.974,258706905391.37692,414896845385.73865,0.0,0.0,0.0,0.0,0.0,0.0,0.0,1.1594694717015542e+16,0.0,0.0,0.0,8116.286301910877,0.0,0.0,0.0,-489721922556.3151,0.0,0.0,0.0,1378347539809.181,0.0,0.0,0.0,0.0,0.0,0.0,0.0,4311395157774.2236,0.0,0.0,0.0,-5200020766910.796,27766.91709351921,-3.7865323450608574e-18,0.0002776691709351921,-3.7865323450608567e-26,0.0,1.4156456668645106e+24,2.583173589689916e+23,-4.867196896525772e+24,0.0,1415645666864.5103,258317358968.99155,-3407037827568.0396,0.0,0.0,0.0,0.0,0.0,0.0,0.0,1378347539809.181,0.0,1415645666864.509,258317358968.99118,414635399533.5819,0.0,0.0,0.0,0.0,0.0,0.0,0.0,-5200020766910.796
1.34,-1,-1,1,0.0,62768.19079235826,0.0,0.0006276819079235825,0.0,1.4152145007267494e+24,2.5789200396222573e+23,-7.986841698274616e+24,0.0,1415214500726.749,257892003962.22568,-5590789188792.2295,0.0,0.0,0.0,466266883320.18066,0.0,0.0,0.0,0.0,0.0,1415214500726.7473,257892003962.22537,414342196962.8101,0.0,0.0,0.0,-6471398269075.217,0.0,0.0,0.0,0.0,0.0,0.0,0.0,0.0,1.6687723369785642e-64,1309986.2726002913,3620118.3542849943,533730400252.5752,0.0,0.0,0.0,0.0,3.207860400362634e-63,25181840.424841695,1054917.543534529,1463583490817.9033,0.0,0.0,0.0,0.0,62589821.10579334,1416085399913.9746,258706905391.377,414896845385.7391,0.0,0.0,0.0,0.0,0.0,0.0,0.0,7525762685665065.0,0.0,0.0,0.0,5268.033879965544,0.0,0.0,0.0,-466266883320.18066,0.0,0.0,0.0,1344789282098.0862,0.0,0.0,0.0,0.0,0.0,0.0,0.0,6471398269075.217,0.0,0.0,0.0,-7349920662585.083,62768.19079235651,-3.7865323450608574e-18,0.0006276819079235649,-3.7865323450608567e-26,0.0,1.4152145007267494e+24,2.5789200396222573e+23,-7.986841690748853e+24,0.0,1415214500726.749,257892003962.22568,-5590789183524.195,0.0,0.0,0.0,0.0,0.0,0.0,0.0,1344789282098.0862,0.0,1415214500726.7473,257892003962.22537,414342196962.8101,0.0,0.0,0.0,0.0,0.0,0.0,0.0,-7349920662585.083
1.36,-1,-1,1,0.0,113827.88856104316,0.0,0.0011382788856104313,0.0,1.4142973182323823e+24,2.569840171164403e+23,-1.2536942830389616e+25,0.0,1414297318232.3818,256984017116.44022,-8775859981272.729,0.0,0.0,0.0,432435350996.13824,0.0,0.0,0.0,0.0,0.0,1414297318232.38,256984017116.4399,413720302900.64075,0.0,0.0,0.0,-9622015635169.506,0.0,0.0,0.0,0.0,0.0,0.0,0.0,0.0,1.9837171701714656e-64,1557219.7809766151,3435385.9722648547,532745997341.7156,0.0,0.0,0.0,0.0,3.050387976949516e-63,23945704.61201633,1289191.9256842278,1464838537392.603,0.0,0.0,0.0,0.0,62589821.10579334,1416085399913.975,258706905391.37772,414896845385.7396,0.0,0.0,0.0,0.0,0.0,0.0,0.0,4477460338388171.5,0.0,0.0,0.0,3134.2222368717194,0.0,0.0,0.0,-432435350996.13824,0.0,0.0,0.0,1295361874925.4814,0.0,0.0,0.0,0.0,0.0,0.0,0.0,9622015635169.506,0.0,0.0,0.0,-10484942155964.62,113827.88856103973,-3.7865323450608574e-18,0.001138278885610397,-3.7865323450608567e-26,0.0,1.4142973182323823e+24,2.569840171164403e+23,-1.2536942825912154e+25,0.0,1414297318232.3818,256984017116.44022,-8775859978138.505,0.0,0.0,0.0,0.0,0.0,0.0,0.0,1295361874925.4814,0.0,1414297318232.38,256984017116.4399,413720302900.64075,0.0,0.0,0.0,0.0,0.0,0.0,0.0,-10484942155964.62
1.3800000000000001,-1,-1,1,0.0,187993.36994020003,0.0,0.0018799336994020002,0.0,1.41235085829536e+24,2.55052354095367e+23,-1.914432504757297e+25,0.0,1412350858295.3596,255052354095.36694,-13401027533301.074,0.0,0.0,0.0,383703403344.4835,0.0,0.0,0.0,0.0,0.0,1412350858295.3574,255052354095.3666,412407026941.63074,0.0,0.0,0.0,-14197137963587.193,0.0,0.0,0.0,0.0,0.0,0.0,0.0,0.0,2.3208799969317006e-64,1821895.0573035462,3238735.029880577,531712544737.91516,0.0,0.0,0.0,0.0,2.8818065562718333e-63,22622359.938839093,1536175.51057868,1466149779831.8235,0.0,0.0,0.0,0.0,62589821.10579332,1416085399913.9744,258706905391.3772,414896845385.7391,0.0,0.0,0.0,0.0,0.0,0.0,0.0,2515039155738695.0,0.0,0.0,0.0,1760.527409017086,0.0,0.0,0.0,-383703403344.4835,0.0,0.0,0.0,1223090149271.6973,0.0,0.0,0.0,0.0,0.0,0.0,0.0,14197137963587.193,0.0,0.0,0.0,-15036524707753.861,187993.3699401943,-3.7865323450608574e-18,0.0018799336994019427,-3.7865323450608567e-26,0.0,1.41235085829536e+24,2.55052354095367e+23,-1.9144325045057943e+25,0.0,1412350858295.3596,255052354095.36694,-13401027531540.557,0.0,0.0,0.0,0.0,0.0,0.0,0.0,1223090149271.6973,0.0,1412350858295.3574,255052354095.3666,412407026941.63074,0.0,0.0,0.0,0.0,0.0,0.0,0.0,-15036524707753.861
1.4000000000000001,-1,-1,1,0.0,295262.784887418,0.0,0.002952627848874179,0.0,1.408235567515049e+24,2.5096106403000984e+23,-2.869721690675482e+25,0.0,1408235567515.0486,250961064030.00977,-20088051834728.367,0.0,0.0,0.0,313693214758.0253,0.0,0.0,0.0,0.0,0.0,1408235567515.0474,250961064030.00943,409649701125.9296,0.0,0.0,0.0,-20811394750612.332,0.0,0.0,0.0,0.0,0.0,0.0,0.0,0.0,2.659402913823357e-64,2087638.8107171324,3041571.231620818,530660125610.48596,0.0,0.0,0.0,0.0,2.7125450904990063e-63,21293670.658080958,1781260.1393341685,1467478417836.6184,0.0,0.0,0.0,0.0,62589821.10579336,1416085399913.9758,258706905391.37747,414896845385.73975,0.0,0.0,0.0,0.0,0.0,0.0,0.0,1436190441676549.0,0.0,0.0,0.0,1005.333309173584,0.0,0.0,0.0,-313693214758.0253,0.0,0.0,0.0,1118056362592.2856,0.0,0.0,0.0,0.0,0.0,0.0,0.0,20811394750612.332,0.0,0.0,0.0,-21615757897441.242,295262.7848874082,-2.524354896707238e-18,0.002952627848874082,-2.5243548967072378e-26,0.0,1.408235567515049e+24,2.5096106403000984e+23,-2.8697216905318646e+25,0.0,1408235567515.0486,250961064030.00977,-20088051833723.047,0.0,0.0,0.0,0.0,0.0,0.0,0.0,1118056362592.2856,0.0,1408235567515.0474,250961064030.00943,409649701125.9296,0.0,0.0,0.0,0.0,0.0,0.0,0.0,-21615757897441.242
1.42,-1,-1,1,0.0,449895.5597009467,0.0,0.004498955597009466,0.0,1.3995690865373113e+24,2.4233337996318195e+23,-4.246025318178073e+25,0.0,1399569086537.311,242333379963.1819,-29722177227246.504,0.0,0.0,0.0,213336000651.41797,0.0,0.0,0.0,0.0,0.0,1399569086537.3098,242333379963.18155,403893318447.5215,0.0,0.0,0.0,-30339406546345.426,0.0,0.0,0.0,0.0,0.0,0.0,0.0,0.0,2.9753101654912972e-64,2335630.0842629257,2857323.4239716777,529638436837.11084,0.0,0.0,0.0,0.0,2.5545914578275346e-63,20053739.682710283,2007835.0615178363,1468761835394.7598,0.0,0.0,0.0,0.0,62589821.10579335,1416085399913.9758,258706905391.37738,414896845385.7394,0.0,0.0,0.0,0.0,0.0,0.0,0.0,867288705791746.1,0.0,0.0,0.0,607.1020940542221,0.0,0.0,0.0,-213336000651.41797,0.0,0.0,0.0,966140328891.0546,0.0,0.0,0.0,0.0,0.0,0.0,0.0,30339406546345.426,0.0,0.0,0.0,-31092210873977.95,449895.55970093235,-3.7865323450608574e-18,0.004498955597009323,-3.7865323450608567e-26,0.0,1.3995690865373113e+24,2.4233337996318195e+23,-4.246025318091345e+25,0.0,1399569086537.311,242333379963.1819,-29722177226639.406,0.0,0.0,0.0,0.0,0.0,0.0,0.0,966140328891.0546,0.0,1399569086537.3098,242333379963.18155,403893318447.5215,0.0,0.0,0.0,0.0,0.0,0.0,0.0,-31092210873977.95
1.44,-1,-1,1,0.0,672657.3175850492,0.0,0.00672657317585049,0.0,1.3813571114882115e+24,2.2418320234368226e+23,-6.2270730975698926e+25,0.0,1381357111488.2112,224183202343.6822,-43589511682989.234,0.0,0.0,0.0,69445593802.65097,0.0,0.0,0.0,0.0,0.0,1381357111488.2087,224183202343.68195,391912757214.75836,0.0,0.0,0.0,-44050870034006.6,0.0,0.0,0.0,0.0,0.0,0.0,0.0,0.0,3.2485712502227945e-64,2550144.6488622134,2697444.3716304745,528698711755.1962,0.0,0.0,0.0,0.0,2.417960909547311e-63,18981187.17011118,2202298.231827759,1469936716883.7158,0.0,0.0,0.0,0.0,62589821.10579333,1416085399913.9746,258706905391.37732,414896845385.73914,0.0,0.0,0.0,0.0,0.0,0.0,0.0,510124817064830.4,0.0,0.0,0.0,357.08737194538116,0.0,0.0,0.0,-69445593802.65097,0.0,0.0,0.0,746870378776.5677,0.0,0.0,0.0,0.0,0.0,0.0,0.0,44050870034006.6,0.0,0.0,0.0,-44728294818623.4,672657.3175850299,-2.524354896707238e-18,0.0067265731758502974,-2.5243548967072378e-26,0.0,1.3813571114882115e+24,2.2418320234368226e+23,-6.227073097518876e+25,0.0,1381357111488.2112,224183202343.6822,-43589511682632.12,0.0,0.0,0.0,0.0,0.0,0.0,0.0,746870378776.5677,0.0,1381357111488.2087,224183202343.68195,391912757214.75836,0.0,0.0,0.0,0.0,0.0,0.0,0.0,-44728294818623.4
1.46,-1,-1,1,0.0,994577.0913085697,0.0,0.009945770913085695,0.0,1.343037398070439e+24,1.8595980984755817e+23,-9.086517472857549e+25,0.0,1343037398070.4387,185959809847.55814,-63605622310002.83,0.0,0.0,0.0,-137636127613.68625,0.0,0.0,0.0,0.0,0.0,1343037398070.4363,185959809847.5579,366938338278.8269,0.0,0.0,0.0,-63834924520667.96,0.0,0.0,0.0,0.0,0.0,0.0,0.0,0.0,3.469069573162858e-64,2723240.451023724,2567888.47840093,527878310543.073,0.0,0.0,0.0,0.0,2.3077117433048093e-63,18115723.429479852,2358170.523250925,1470958055795.6018,0.0,0.0,0.0,0.0,62589821.10579335,1416085399913.9744,258706905391.3773,414896845385.7392,0.0,0.0,0.0,0.0,0.0,0.0,0.0,252403277158737.28,0.0,0.0,0.0,176.68229401111603,0.0,0.0,0.0,137636127613.68625,0.0,0.0,0.0,429835134003.5277,0.0,0.0,0.0,0.0,0.0,0.0,0.0,63834924520667.96,0.0,0.0,0.0,-64402395782108.44,994577.0913085376,-1.262177448353619e-18,0.009945770913085374,-1.2621774483536189e-26,0.0,1.343037398070439e+24,1.8595980984755817e+23,-9.086517472832307e+25,0.0,1343037398070.4387,185959809847.55814,-63605622309826.125,0.0,0.0,0.0,0.0,0.0,0.0,0.0,429835134003.5277,0.0,1343037398070.4363,185959809847.5579,366938338278.8269,0.0,0.0,0.0,0.0,0.0,0.0,0.0,-64402395782108.44
1.48,-1,-1,1,0.0,1462540.616154811,0.0,0.014625406161548109,0.0,1.2620603039410564e+24,1.0512965012740848e+23,-1.3235971943489555e+26,0.0,1262060303941.0562,105129650127.40845,-92651803604426.86,0.0,0.0,0.0,-437472325277.128,0.0,0.0,0.0,0.0,0.0,1262060303941.0544,105129650127.40837,314579062236.1878,0.0,0.0,0.0,-92528910341386.02,0.0,0.0,0.0,0.0,0.0,0.0,0.0,0.0,3.6372223838146334e-64,2855244.534990818,2468606.7685732883,527195150657.8527,0.0,0.0,0.0,0.0,2.223635334339419e-63,17455713.98328802,2476369.3060878934,1471805444616.7676,0.0,0.0,0.0,0.0,62589821.10579333,1416085399913.9736,258706905391.37692,414896845385.7384,0.0,0.0,0.0,0.0,0.0,0.0,0.0,83578929475375.61,0.0,0.0,0.0,58.50525063276291,0.0,0.0,0.0,437472325277.128,0.0,0.0,0.0,-30595150062.52237,0.0,0.0,0.0,0.0,0.0,0.0,0.0,92528910341386.02,0.0,0.0,0.0,-92935787516542.0,1462540.6161547694,1.5777218104420239e-19,0.01462540616154769,1.5777218104420236e-27,0.0,1.2620603039410564e+24,1.0512965012740848e+23,-1.3235971943481207e+26,0.0,1262060303941.0562,105129650127.40845,-92651803604368.42,0.0,0.0,0.0,0.0,0.0,0.0,0.0,-30595150062.52237,0.0,1262060303941.0544,105129650127.40837,314579062236.1878,0.0,0.0,0.0,0.0,0.0,0.0,0.0,-92935787516542.0
1.5,-1,-1,1,0.0,2147090.729995292,0.0,0.021470907299952918,0.0,1.090006632170057e+24,-6.67035158460016e+22,-1.9290596880200655e+26,0.0,1090006632170.0568,-66703515846.00158,-135034178161404.55,0.0,0.0,0.0,-874175221141.9983,0.0,0.0,0.0,0.0,0.0,1090006632170.0557,-66703515846.00144,204011065363.91095,0.0,0.0,0.0,-134364014005626.39,0.0,0.0,0.0,0.0,0.0,0.0,0.0,0.0,3.760162737735009e-64,2951756.0953761474,2395639.7240339085,526649821694.89075,0.0,0.0,0.0,0.0,2.1621651547183048e-63,16973163.83675702,2562395.5444677123,1472479853972.9102,0.0,0.0,0.0,0.0,62589821.10579333,1416085399913.9744,258706905391.37726,414896845385.7392,0.0,0.0,0.0,0.0,0.0,0.0,0.0,-4758068493434.362,0.0,0.0,0.0,-3.3306479454040527,0.0,0.0,0.0,874175221141.9983,0.0,0.0,0.0,-702435407099.996,0.0,0.0,0.0,0.0,0.0,0.0,0.0,134364014005626.39,0.0,0.0,0.0,-134535753819671.62,2147090.7299952265,7.573064690121715e-18,0.02147090729995226,7.573064690121713e-26,0.0,1.090006632170057e+24,-6.67035158460016e+22,-1.9290596880201126e+26,0.0,1090006632170.0568,-66703515846.00158,-135034178161407.84,0.0,0.0,0.0,0.0,0.0,0.0,0.0,-702435407099.996,0.0,1090006632170.0557,-66703515846.00144,204011065363.91095,0.0,0.0,0.0,0.0,0.0,0.0,0.0,-134535753819671.62
