sweep_parameter:V,band_info:CB:sign,band_info:IB:sign,band_info:VB:sign,avg:current_CB:p_contact,avg:current_CB:n_contact,tot:current_CB:p_contact,tot:current_CB:n_contact,avg:g_CB:n,avg:g_CB:p,avg:g_CB:fsf,avg:g_CB:I,tot:g_CB:n,tot:g_CB:p,tot:g_CB:fsf,tot:g_CB:I,tot:g_opt_ci_CB:n,tot:g_opt_ci_CB:p,tot:g_opt_ci_CB:fsf,tot:g_opt_ci_CB:I,tot:g_opt_iv_CB:n,tot:g_opt_iv_CB:p,tot:g_opt_iv_CB:fsf,tot:g_opt_iv_CB:I,tot:g_opt_cv_CB:n,tot:g_opt_cv_CB:p,tot:g_opt_cv_CB:fsf,tot:g_opt_cv_CB:I,tot:g_nr_top_CB:n,tot:g_nr_top_CB:p,tot:g_nr_top_CB:fsf,tot:g_nr_top_CB:I,tot:g_nr_bottom_CB:n,tot:g_nr_bottom_CB:p,tot:g_nr_bottom_CB:fsf,tot:g_nr_bottom_CB:I,avg:current_IB:p_contact,avg:current_IB:n_contact,tot:current_IB:p_contact,tot:current_IB:n_contact,avg:g_IB:n,avg:g_IB:p,avg:g_IB:fsf,avg:g_IB:I,tot:g_IB:n,tot:g_IB:p,tot:g_IB:fsf,tot:g_IB:I,tot:g_opt_ci_IB:n,tot:g_opt_ci_IB:p,tot:g_opt_ci_IB:fsf,tot:g_opt_ci_IB:I,tot:g_opt_iv_IB:n,tot:g_opt_iv_IB:p,tot:g_opt_iv_IB:fsf,tot:g_opt_iv_IB:I,tot:g_opt_cv_IB:n,tot:g_opt_cv_IB:p,tot:g_opt_cv_IB:fsf,tot:g_opt_cv_IB:I,tot:g_nr_top_IB:n,tot:g_nr_top_IB:p,tot:g_nr_top_IB:fsf,tot:g_nr_top_IB:I,tot:g_nr_bottom_IB:n,tot:g_nr_bottom_IB:p,tot:g_nr_bottom_IB:fsf,tot:g_nr_bottom_IB:I,avg:current_VB:p_contact,avg:current_VB:n_contact,tot:current_VB:p_contact,tot:current_VB:n_contact,avg:g_VB:n,avg:g_VB:p,avg:g_VB:fsf,avg:g_VB:I,tot:g_VB:n,tot:g_VB:p,tot:g_VB:fsf,tot:g_VB:I,tot:g_opt_ci_VB:n,tot:g_opt_ci_VB:p,tot:g_opt_ci_VB:fsf,tot:g_opt_ci_VB:I,tot:g_opt_iv_VB:n,tot:g_opt_iv_VB:p,tot:g_opt_iv_VB:fsf,tot:g_opt_iv_VB:I,tot:g_opt_cv_VB:n,tot:g_opt_cv_VB:p,tot:g_opt_cv_VB:fsf,tot:g_opt_cv_VB:I,tot:g_nr_top_VB:n,tot:g_nr_top_VB:p,tot:g_nr_top_VB:fsf,tot:g_nr_top_VB:I,tot:g_nr_bottom_VB:n,tot:g_nr_bottom_VB:p,tot:g_nr_bottom_VB:fsf,tot:g_nr_bottom_VB:I,tot:gother_forward_ci:n,tot:gother_forward_ci:p,tot:gother_forward_ci:fsf,tot:gother_forward_ci:I,tot:gabs_forward_ci:n,tot:gabs_forward_ci:p,tot:gabs_forward_ci:fsf,tot:gabs_forward_ci:I,tot:gother_forward_iv:n,tot:gother_forward_iv:p,tot:gother_forward_iv:fsf,tot:gother_forward_iv:I,tot:gabs_forward_iv:n,tot:gabs_forward_iv:p,tot:gabs_forward_iv:fsf,tot:gabs_forward_iv:I,tot:gother_forward_cv:n,tot:gother_forward_cv:p,tot:gother_forward_cv:fsf,tot:gother_forward_cv:I,tot:gabs_forward_cv:n,tot:gabs_forward_cv:p,tot:gabs_forward_cv:fsf,tot:gabs_forward_cv:I
# ,,,,mA/cm^2,mA/cm^2,mA,mA,cm^-3/s,cm^-3/s,cm^-3/s,cm^-3/s,1/s,1/s,1/s,1/s,1/s,1/s,1/s,1/s,1/s,1/s,1/s,1/s,1/s,1/s,1/s,1/s,1/s,1/s,1/s,1/s,1/s,1/s,1/s,1/s,mA/cm^2,mA/cm^2,mA,mA,cm^-3/s,cm^-3/s,cm^-3/s,cm^-3/s,1/s,1/s,1/s,1/s,1/s,1/s,1/s,1/s,1/s,1/s,1/s,1/s,1/s,1/s,1/s,1/s,1/s,1/s,1/s,1/s,1/s,1/s,1/s,1/s,mA/cm^2,mA/cm^2,mA,mA,cm^-3/s,cm^-3/s,cm^-3/s,cm^-3/s,1/s,1/s,1/s,1/s,1/s,1/s,1/s,1/s,1/s,1/s,1/s,1/s,1/s,1/s,1/s,1/s,1/s,1/s,1/s,1/s,1/s,1/s,1/s,1/s,1/s,1/s,1/s,1/s,1/s,1/s,1/s,1/s,1/s,1/s,1/s,1/s,1/s,1/s,1/s,1/s,1/s,1/s,1/s,1/s,1/s,1/s,1/s,1/s
0.0,-1,-1,1,0.0,-26535.686856859968,0.0,-0.0002653568685685996,2.35479945840303e+22,5.213494073650358e+23,0.0,5.298532474008031e+23,23547994584.030293,521349407365.0357,0.0,1111329901192.2625,0.0,0.0,0.0,1093565932056.5275,0.0,0.0,0.0,0.0,23547994584.030254,521349407365.0349,0.0,266211878114.32645,0.0,0.0,0.0,-248447908978.59064,0.0,0.0,0.0,0.0,0.0,0.0,0.0,0.0,0.0,0.0,0.0,-39508172712.94571,0.0,0.0,0.0,-0.08286561211571097,0.0,0.0,0.0,-1093565932056.5275,0.0,0.0,0.0,1994288131723.2666,0.0,0.0,0.0,0.0,0.0,0.0,0.0,248447908978.59064,0.0,0.0,0.0,-1149170108645.414,-26535.686856858483,1.306322170091405e-18,-0.0002653568685685848,1.3063221700914048e-26,2.35479945840303e+22,5.213494073650358e+23,0.0,5.298532474007637e+23,23547994584.030293,521349407365.0357,0.0,1111329901192.18,0.0,0.0,0.0,0.0,0.0,0.0,0.0,1994288131723.2666,23547994584.030254,521349407365.0349,0.0,266211878114.32645,0.0,0.0,0.0,0.0,0.0,0.0,0.0,-1149170108645.414,0.0,0.0,0.0,0.0,15852442.391606785,827793.1115885607,1.0545156088409132e-64,1098921144555.9622,0.0,0.0,0.0,0.0,35500.95194470122,31450964.69534916,4.0064799016804685e-63,2039254784073.2537,0.0,0.0,0.0,0.0,23551238693.383442,521424166644.70215,23046523.403540112,266212620945.36322
0.029333333333333336,-1,-1,1,0.0,-26523.51742326049,0.0,-0.00026523517423260486,2.3547994444978165e+22,5.213494043887988e+23,0.0,5.294911125426814e+23,23547994444.97816,521349404388.7987,0.0,1110570348810.4116,0.0,0.0,0.0,1093549797754.0934,0.0,0.0,0.0,0.0,23547994444.978115,521349404388.7978,0.0,266211876217.42947,0.0,0.0,0.0,-249191325161.1102,0.0,0.0,0.0,0.0,0.0,0.0,0.0,0.0,0.0,0.0,0.0,-958352443803114.1,0.0,0.0,0.0,-2010.0768125960603,0.0,0.0,0.0,-1093549797754.0934,0.0,0.0,0.0,1994259516443.805,0.0,0.0,0.0,0.0,0.0,0.0,0.0,249191325161.1102,0.0,0.0,0.0,-1149901045860.9011,-26523.517423258916,1.306322170091405e-18,-0.00026523517423258914,1.3063221700914048e-26,2.3547994444978165e+22,5.213494043887988e+23,0.0,5.2949111158432903e+23,23547994444.97816,521349404388.7987,0.0,1110570346800.335,0.0,0.0,0.0,0.0,0.0,0.0,0.0,1994259516443.805,23547994444.978115,521349404388.7978,0.0,266211876217.42947,0.0,0.0,0.0,0.0,0.0,0.0,0.0,-1149901045860.9011,0.0,0.0,0.0,0.0,15852448.575525526,827792.3635982465,1.054514656118851e-64,1098921084249.304,0.0,0.0,0.0,0.0,35500.4806918117,31450969.26626662,4.006480483899505e-63,2039254790152.2217,0.0,0.0,0.0,0.0,23551238693.383434,521424166644.7019,23046523.403540116,266212620945.363
0.05866666666666667,-1,-1,1,0.0,-26511.257109579463,0.0,-0.0002651125710957946,2.354799430467845e+22,5.213494013892986e+23,0.0,5.2912627352829555e+23,23547994304.678444,521349401389.2985,0.0,1109805124651.0854,0.0,0.0,0.0,1093533542789.063,0.0,0.0,0.0,0.0,23547994304.67841,521349401389.2978,0.0,266211874300.75314,0.0,0.0,0.0,-249940292438.7319,0.0,0.0,0.0,0.0,0.0,0.0,0.0,0.0,0.0,0.0,0.0,-2458699021828100.0,0.0,0.0,0.0,-5156.94818214979,0.0,0.0,0.0,-1093533542789.063,0.0,0.0,0.0,1994230687462.6746,0.0,0.0,0.0,0.0,0.0,0.0,0.0,249940292438.7319,0.0,0.0,0.0,-1150637442269.294,-26511.257109578117,1.306322170091405e-18,-0.00026511257109578114,1.3063221700914048e-26,2.354799430467845e+22,5.213494013892986e+23,0.0,5.2912627106959636e+23,23547994304.678444,521349401389.2985,0.0,1109805119494.137,0.0,0.0,0.0,0.0,0.0,0.0,0.0,1994230687462.6746,23547994304.67841,521349401389.2978,0.0,266211874300.75314,0.0,0.0,0.0,0.0,0.0,0.0,0.0,-1150637442269.294,0.0,0.0,0.0,0.0,15852454.814913146,827791.609863454,1.0545136960808554e-64,1098921023304.707,0.0,0.0,0.0,0.0,35500.00544855392,31450973.87228819,4.00648107058939e-63,2039254796295.5107,0.0,0.0,0.0,0.0,23551238693.383358,521424166644.7009,23046523.403540093,266212620945.36243
0.08800000000000001,-1,-1,1,0.0,-26498.903797146282,0.0,-0.00026498903797146276,2.354799416310106e+22,5.213493983661042e+23,0.0,5.287586643189099e+23,23547994163.101055,521349398366.1041,0.0,1109034090202.683,0.0,0.0,0.0,1093517164052.5507,0.0,0.0,0.0,0.0,23547994163.101013,521349398366.1036,0.0,266211872363.8818,0.0,0.0,0.0,-250694946213.7491,0.0,0.0,0.0,0.0,0.0,0.0,0.0,0.0,0.0,0.0,0.0,8783568817807475.0,0.0,0.0,0.0,18422.917504600016,0.0,0.0,0.0,-1093517164052.5507,0.0,0.0,0.0,1994201640628.0977,0.0,0.0,0.0,0.0,0.0,0.0,0.0,250694946213.7491,0.0,0.0,0.0,-1151379404366.38,-26498.90379714488,1.306322170091405e-18,-0.0002649890379714488,1.3063221700914048e-26,2.354799416310106e+22,5.213493983661042e+23,0.0,5.2875867310247916e+23,23547994163.101055,521349398366.1041,0.0,1109034108625.6016,0.0,0.0,0.0,0.0,0.0,0.0,0.0,1994201640628.0977,23547994163.101013,521349398366.1036,0.0,266211872363.8818,0.0,0.0,0.0,0.0,0.0,0.0,0.0,-1151379404366.38,0.0,0.0,0.0,0.0,15852461.11476599,827790.85026875,1.0545127285798705e-64,1098920961540.9222,0.0,0.0,0.0,0.0,35499.52615650595,31450978.514119502,4.0064816618399953e-63,2039254802521.4043,0.0,0.0,0.0,0.0,23551238693.38338,521424166644.7014,23046523.40354011,266212620945.36255
0.11733333333333335,-1,-1,1,0.0,-26486.455106267826,0.0,-0.0002648645510626782,2.3547994020218248e+22,5.213493953184286e+23,0.0,5.283882190443507e+23,23547994020.218243,521349395318.42847,0.0,1108257107307.1501,0.0,0.0,0.0,1093500658884.0652,0.0,0.0,0.0,0.0,23547994020.218193,521349395318.4276,0.0,266211870406.16418,0.0,0.0,0.0,-251455421983.07874,0.0,0.0,0.0,0.0,0.0,0.0,0.0,0.0,0.0,0.0,0.0,8485531721850745.0,0.0,0.0,0.0,17797.805668396293,0.0,0.0,0.0,-1093500658884.0652,0.0,0.0,0.0,1994172368788.7385,0.0,0.0,0.0,0.0,0.0,0.0,0.0,251455421983.07874,0.0,0.0,0.0,-1152127114089.9468,-26486.455106266458,1.4640943511356074e-18,-0.00026486455106266454,1.4640943511356072e-26,2.3547994020218248e+22,5.213493953184286e+23,0.0,5.2838822752988224e+23,23547994020.218243,521349395318.42847,0.0,1108257125104.9553,0.0,0.0,0.0,0.0,0.0,0.0,0.0,1994172368788.7385,23547994020.218193,521349395318.4276,0.0,266211870406.16418,0.0,0.0,0.0,0.0,0.0,0.0,0.0,-1152127114089.9468,0.0,0.0,0.0,0.0,15852467.46978207,827790.0846327317,1.0545117533848785e-64,1098920899227.1514,0.0,0.0,0.0,0.0,35499.04269112623,31450983.19286857,4.0064822577924883e-63,2039254808802.7139,0.0,0.0,0.0,0.0,23551238693.383408,521424166644.70123,23046523.403540097,266212620945.3627
0.14666666666666667,-1,-1,1,0.0,-26473.90884504439,0.0,-0.00026473908845044386,2.3547993875999386e+22,5.2134939224580314e+23,0.0,5.280148702935254e+23,23547993875.999382,521349392245.80304,0.0,1107474034574.4636,0.0,0.0,0.0,1093484024145.0184,0.0,0.0,0.0,0.0,23547993875.99934,521349392245.8024,0.0,266211868427.1465,0.0,0.0,0.0,-252221857997.6993,0.0,0.0,0.0,0.0,0.0,0.0,0.0,0.0,0.0,0.0,0.0,8192503885639708.0,0.0,0.0,0.0,17183.200402012677,0.0,0.0,0.0,-1093484024145.0184,0.0,0.0,0.0,1994142867543.8223,0.0,0.0,0.0,0.0,0.0,0.0,0.0,252221857997.6993,0.0,0.0,0.0,-1152880684213.305,-26473.908845042894,1.1485499890472026e-18,-0.0002647390884504289,1.1485499890472025e-26,2.3547993875999386e+22,5.2134939224580314e+23,0.0,5.280148784860302e+23,23547993875.999382,521349392245.80304,0.0,1107474051757.666,0.0,0.0,0.0,0.0,0.0,0.0,0.0,1994142867543.8223,23547993875.99934,521349392245.8024,0.0,266211868427.1465,0.0,0.0,0.0,0.0,0.0,0.0,0.0,-1152880684213.305,0.0,0.0,0.0,0.0,15852473.884519843,827789.3128339135,1.0545107703411138e-64,1098920836214.0397,0.0,0.0,0.0,0.0,35498.55495991136,31450987.909278393,4.0064828585414553e-63,2039254815154.5461,0.0,0.0,0.0,0.0,23551238693.383427,521424166644.7018,23046523.4035401,266212620945.36304
0.17600000000000002,-1,-1,1,0.0,-26461.262603100327,0.0,-0.00026461262603100325,2.354799373041273e+22,5.2134938914761855e+23,0.0,5.276385463390378e+23,23547993730.412724,521349389147.6184,0.0,1106684721561.4575,0.0,0.0,0.0,1093467256633.168,0.0,0.0,0.0,0.0,23547993730.412678,521349389147.6176,0.0,266211866426.27725,0.0,0.0,0.0,-252994401497.98727,0.0,0.0,0.0,0.0,0.0,0.0,0.0,0.0,0.0,0.0,0.0,7904521539974396.0,0.0,0.0,0.0,16579.177697002713,0.0,0.0,0.0,-1093467256633.168,0.0,0.0,0.0,1994113131226.2068,0.0,0.0,0.0,0.0,0.0,0.0,0.0,252994401497.98727,0.0,0.0,0.0,-1153640259511.849,-26461.262603099025,1.4640943511356074e-18,-0.00026461262603099024,1.4640943511356072e-26,2.354799373041273e+22,5.2134938914761855e+23,0.0,5.276385542435597e+23,23547993730.412724,521349389147.6184,0.0,1106684738140.636,0.0,0.0,0.0,0.0,0.0,0.0,0.0,1994113131226.2068,23547993730.412678,521349389147.6176,0.0,266211866426.27725,0.0,0.0,0.0,0.0,0.0,0.0,0.0,-1153640259511.849,0.0,0.0,0.0,0.0,15852480.36045355,827788.5347214568,1.0545097792564728e-64,1098920772482.9478,0.0,0.0,0.0,0.0,35498.062860898724,31450992.664270055,4.006483464204294e-63,2039254821578.7317,0.0,0.0,0.0,0.0,23551238693.383408,521424166644.7012,23046523.403540112,266212620945.3625
0.20533333333333337,-1,-1,1,0.0,-26448.513865419107,0.0,-0.000264485138654191,2.3547993583425367e+22,5.2134938602324e+23,0.0,5.272591723395977e+23,23547993583.42536,521349386023.2399,0.0,1105889011293.7922,0.0,0.0,0.0,1093450353007.2472,0.0,0.0,0.0,0.0,23547993583.425316,521349386023.2392,0.0,266211864402.98334,0.0,0.0,0.0,-253773206116.43976,0.0,0.0,0.0,0.0,0.0,0.0,0.0,0.0,0.0,0.0,0.0,7621605825808569.0,0.0,0.0,0.0,15985.781895029242,0.0,0.0,0.0,-1093450353007.2472,0.0,0.0,0.0,1994083153922.8088,0.0,0.0,0.0,0.0,0.0,0.0,0.0,253773206116.43976,0.0,0.0,0.0,-1154405991046.2197,-26448.513865417677,1.1485499890472026e-18,-0.00026448513865417675,1.1485499890472025e-26,2.3547993583425367e+22,5.2134938602324e+23,0.0,5.272591799612029e+23,23547993583.42536,521349386023.2399,0.0,1105889027279.5728,0.0,0.0,0.0,0.0,0.0,0.0,0.0,1994083153922.8088,23547993583.425316,521349386023.2392,0.0,266211864402.98334,0.0,0.0,0.0,0.0,0.0,0.0,0.0,-1154405991046.2197,0.0,0.0,0.0,0.0,15852486.899120586,827787.7501380644,1.054508779930602e-64,1098920708014.4156,0.0,0.0,0.0,0.0,35497.56628781303,31450997.458805323,4.0064840749034327e-63,2039254828077.28,0.0,0.0,0.0,0.0,23551238693.383442,521424166644.702,23046523.403540105,266212620945.36288
0.2346666666666667,-1,-1,1,0.0,-26435.660005776423,0.0,-0.00026435660005776415,2.3547993435002697e+22,5.213493828720027e+23,0.0,5.2687667014463486e+23,23547993435.002693,521349382872.0026,0.0,1105086739856.1458,0.0,0.0,0.0,1093433309778.2505,0.0,0.0,0.0,0.0,23547993435.002647,521349382872.0019,0.0,266211862356.663,0.0,0.0,0.0,-254558432278.76895,0.0,0.0,0.0,0.0,0.0,0.0,0.0,0.0,0.0,0.0,0.0,7343747568152724.0,0.0,0.0,0.0,15402.99375219742,0.0,0.0,0.0,-1093433309778.2505,0.0,0.0,0.0,1994052929459.005,0.0,0.0,0.0,0.0,0.0,0.0,0.0,254558432278.76895,0.0,0.0,0.0,-1155178036556.5308,-26435.660005775004,1.4640943511356074e-18,-0.00026435660005775,1.4640943511356072e-26,2.3547993435002697e+22,5.213493828720027e+23,0.0,5.268766774883819e+23,23547993435.002693,521349382872.0026,0.0,1105086755259.1382,0.0,0.0,0.0,0.0,0.0,0.0,0.0,1994052929459.005,23547993435.002647,521349382872.0019,0.0,266211862356.663,0.0,0.0,0.0,0.0,0.0,0.0,0.0,-1155178036556.5308,0.0,0.0,0.0,0.0,15852493.502124716,827786.9589194244,1.0545077721542167e-64,1098920642788.1317,0.0,0.0,0.0,0.0,35497.06512987015,31451002.293888196,4.006484690766788e-63,2039254834652.2063,0.0,0.0,0.0,0.0,23551238693.383392,521424166644.7018,23046523.403540112,266212620945.36267
0.264,-1,-1,1,0.0,-26422.698279628825,0.0,-0.0002642269827962882,2.354799328510895e+22,5.2134937969321536e+23,0.0,5.2649095808266086e+23,23547993285.108944,521349379693.2152,0.0,1104277735948.3184,0.0,0.0,0.0,1093416123299.9788,0.0,0.0,0.0,0.0,23547993285.10891,521349379693.2146,0.0,266211860286.6901,0.0,0.0,0.0,-255350247638.35083,0.0,0.0,0.0,0.0,0.0,0.0,0.0,0.0,0.0,0.0,0.0,7070972182714945.0,0.0,0.0,0.0,14830.866576166474,0.0,0.0,0.0,-1093416123299.9788,0.0,0.0,0.0,1994022451382.042,0.0,0.0,0.0,0.0,0.0,0.0,0.0,255350247638.35083,0.0,0.0,0.0,-1155956560889.5486,-26422.698279627384,1.4640943511356074e-18,-0.0002642269827962738,1.4640943511356072e-26,2.354799328510895e+22,5.2134937969321536e+23,0.0,5.2649096515363295e+23,23547993285.108944,521349379693.2152,0.0,1104277750779.1848,0.0,0.0,0.0,0.0,0.0,0.0,0.0,1994022451382.042,23547993285.10891,521349379693.2146,0.0,266211860286.6901,0.0,0.0,0.0,0.0,0.0,0.0,0.0,-1155956560889.5486,0.0,0.0,0.0,0.0,15852500.171140077,827786.1608939704,1.0545067557088074e-64,1098920576782.8658,0.0,0.0,0.0,0.0,35496.559271483246,31451007.17056709,4.006485311927869e-63,2039254841305.6775,0.0,0.0,0.0,0.0,23551238693.38338,521424166644.70184,23046523.403540112,266212620945.36264
0.29333333333333333,-1,-1,1,0.0,-26409.625816401058,0.0,-0.00026409625816401053,2.354799313370661e+22,5.213493764861521e+23,0.0,5.261019507317616e+23,23547993133.706604,521349376486.1519,0.0,1103461820403.8564,0.0,0.0,0.0,1093398789758.8041,0.0,0.0,0.0,0.0,23547993133.706566,521349376486.151,0.0,266211858192.40744,0.0,0.0,0.0,-256148827547.35486,0.0,0.0,0.0,0.0,0.0,0.0,0.0,0.0,0.0,0.0,0.0,6803260986724556.0,0.0,0.0,0.0,14269.361181139597,0.0,0.0,0.0,-1093398789758.8041,0.0,0.0,0.0,1993991712942.797,0.0,0.0,0.0,0.0,0.0,0.0,0.0,256148827547.35486,0.0,0.0,0.0,-1156741736461.9888,-26409.62581639959,1.4640943511356074e-18,-0.0002640962581639959,1.4640943511356072e-26,2.354799313370661e+22,5.213493764861521e+23,0.0,5.261019575350229e+23,23547993133.706604,521349376486.1519,0.0,1103461834673.2183,0.0,0.0,0.0,0.0,0.0,0.0,0.0,1993991712942.797,23547993133.706566,521349376486.151,0.0,266211858192.40744,0.0,0.0,0.0,0.0,0.0,0.0,0.0,-1156741736461.9888,0.0,0.0,0.0,0.0,15852506.907914707,827785.3558822925,1.054505730365881e-64,1098920509976.4163,0.0,0.0,0.0,0.0,35496.04859200164,31451012.08993817,4.006485938526323e-63,2039254848039.906,0.0,0.0,0.0,0.0,23551238693.383316,521424166644.7017,23046523.40354011,266212620945.36237
0.3226666666666667,-1,-1,1,0.0,-26396.439611111407,0.0,-0.00026396439611111407,2.3547992980756713e+22,5.213493732500553e+23,0.0,5.257095586703846e+23,23547992980.756706,521349373250.0551,0.0,1102638805667.3462,0.0,0.0,0.0,1093381305162.5244,0.0,0.0,0.0,0.0,23547992980.756664,521349373250.05457,0.0,266211856073.12863,0.0,0.0,0.0,-256954355568.3074,0.0,0.0,0.0,0.0,0.0,0.0,0.0,0.0,0.0,0.0,0.0,6540632744025444.0,0.0,0.0,0.0,13718.516922958952,0.0,0.0,0.0,-1093381305162.5244,0.0,0.0,0.0,1993960707076.2012,0.0,0.0,0.0,0.0,0.0,0.0,0.0,256954355568.3074,0.0,0.0,0.0,-1157533743763.469,-26396.439611109858,1.306322170091405e-18,-0.00026396439611109856,1.3063221700914048e-26,2.3547992980756713e+22,5.213493732500553e+23,0.0,5.257095652110166e+23,23547992980.756706,521349373250.0551,0.0,1102638819385.8613,0.0,0.0,0.0,0.0,0.0,0.0,0.0,1993960707076.2012,23547992980.756664,521349373250.05457,0.0,266211856073.12863,0.0,0.0,0.0,0.0,0.0,0.0,0.0,-1157533743763.469,0.0,0.0,0.0,0.0,15852513.714275641,827784.5436965493,1.0545046958861897e-64,1098920442345.5361,0.0,0.0,0.0,0.0,35495.53296534379,31451017.053149633,4.006486570708354e-63,2039254854857.2576,0.0,0.0,0.0,0.0,23551238693.38344,521424166644.70197,23046523.40354011,266212620945.36295
0.35200000000000004,-1,-1,1,0.0,-26383.136515264203,0.0,-0.00026383136515264197,2.354799282621802e+22,5.213493699841291e+23,0.0,5.253136882063249e+23,23547992826.218014,521349369984.129,0.0,1101808495225.9805,0.0,0.0,0.0,1093363665328.2955,0.0,0.0,0.0,0.0,23547992826.217983,521349369984.1283,0.0,266211853928.13116,0.0,0.0,0.0,-257767024030.44623,0.0,0.0,0.0,0.0,0.0,0.0,0.0,0.0,0.0,0.0,0.0,6283097799918293.0,0.0,0.0,0.0,13178.355500164733,0.0,0.0,0.0,-1093363665328.2955,0.0,0.0,0.0,1993929426379.719,0.0,0.0,0.0,0.0,0.0,0.0,0.0,257767024030.44623,0.0,0.0,0.0,-1158332771903.5132,-26383.136515262773,1.4640943511356074e-18,-0.0002638313651526277,1.4640943511356072e-26,2.354799282621802e+22,5.213493699841291e+23,0.0,5.253136944894224e+23,23547992826.218014,521349369984.129,0.0,1101808508404.3352,0.0,0.0,0.0,0.0,0.0,0.0,0.0,1993929426379.719,23547992826.217983,521349369984.1283,0.0,266211853928.13116,0.0,0.0,0.0,0.0,0.0,0.0,0.0,-1158332771903.5132,0.0,0.0,0.0,0.0,15852520.592134511,827783.724140065,1.0545036520192146e-64,1098920373865.8844,0.0,0.0,0.0,0.0,35495.01225967931,31451022.061403222,4.006487208627058e-63,2039254861760.1794,0.0,0.0,0.0,0.0,23551238693.383327,521424166644.7012,23046523.40354011,266212620945.3623
0.38133333333333336,-1,-1,1,0.0,-26369.713226927244,0.0,-0.0002636971322692724,2.354799267004799e+22,5.213493666875429e+23,0.0,5.249142410814474e+23,23547992670.047985,521349366687.5427,0.0,1100970682990.2354,0.0,0.0,0.0,1093345865869.4197,0.0,0.0,0.0,0.0,23547992670.047947,521349366687.5422,0.0,266211851756.66122,0.0,0.0,0.0,-258587034635.84525,0.0,0.0,0.0,0.0,0.0,0.0,0.0,0.0,0.0,0.0,0.0,6030652568887266.0,0.0,0.0,0.0,12648.86939238978,0.0,0.0,0.0,-1093345865869.4197,0.0,0.0,0.0,1993897863090.0642,0.0,0.0,0.0,0.0,0.0,0.0,0.0,258587034635.84525,0.0,0.0,0.0,-1159139019207.6226,-26369.7132269258,1.1485499890472026e-18,-0.00026369713226925796,1.1485499890472025e-26,2.354799267004799e+22,5.213493666875429e+23,0.0,5.2491424711210016e+23,23547992670.047985,521349366687.5427,0.0,1100970695639.1052,0.0,0.0,0.0,0.0,0.0,0.0,0.0,1993897863090.0642,23547992670.047947,521349366687.5422,0.0,266211851756.66122,0.0,0.0,0.0,0.0,0.0,0.0,0.0,-1159139019207.6226,0.0,0.0,0.0,0.0,15852527.54349423,827782.8970066045,1.0545025985023285e-64,1098920304511.9241,0.0,0.0,0.0,0.0,35494.48633693723,31451027.11595902,4.006487852442944e-63,2039254868751.2305,0.0,0.0,0.0,0.0,23551238693.383312,521424166644.70135,23046523.403540105,266212620945.36224
0.41066666666666674,-1,-1,1,0.0,-26356.166279900797,0.0,-0.00026356166279900794,2.354799251220176e+22,5.213493633594218e+23,0.0,5.2451111414938056e+23,23547992512.201756,521349363359.42163,0.0,1100125152617.855,0.0,0.0,0.0,1093327902180.9822,0.0,0.0,0.0,0.0,23547992512.20171,521349363359.42096,0.0,266211849557.92453,0.0,0.0,0.0,-259414599121.05173,0.0,0.0,0.0,0.0,0.0,0.0,0.0,0.0,0.0,0.0,0.0,5783294947673373.0,0.0,0.0,0.0,12130.054188196373,0.0,0.0,0.0,-1093327902180.9822,0.0,0.0,0.0,1993866009057.77,0.0,0.0,0.0,0.0,0.0,0.0,0.0,259414599121.05173,0.0,0.0,0.0,-1159952693867.7847,-26356.166279899324,1.306322170091405e-18,-0.0002635616627989932,1.3063221700914048e-26,2.354799251220176e+22,5.213493633594218e+23,0.0,5.2451111993267516e+23,23547992512.201756,521349363359.42163,0.0,1100125164747.9084,0.0,0.0,0.0,0.0,0.0,0.0,0.0,1993866009057.77,23547992512.20171,521349363359.42096,0.0,266211849557.92453,0.0,0.0,0.0,0.0,0.0,0.0,0.0,-1159952693867.7847,0.0,0.0,0.0,0.0,15852534.570455285,827782.0620797828,1.0545015350598789e-64,1098920234256.866,0.0,0.0,0.0,0.0,35493.95505244226,31451032.21813941,4.006488502324438e-63,2039254875833.123,0.0,0.0,0.0,0.0,23551238693.383392,521424166644.7011,23046523.403540112,266212620945.36267
0.44000000000000006,-1,-1,1,0.0,-26342.49203187262,0.0,-0.0002634249203187262,2.354799235263225e+22,5.213493599988487e+23,0.0,5.2410419902304246e+23,23547992352.632244,521349359998.8486,0.0,1099271676774.5619,0.0,0.0,0.0,1093309769424.0902,0.0,0.0,0.0,0.0,23547992352.632217,521349359998.84766,0.0,266211847331.08646,0.0,0.0,0.0,-260249939980.61496,0.0,0.0,0.0,0.0,0.0,0.0,0.0,0.0,0.0,0.0,0.0,5541057370180960.0,0.0,0.0,0.0,11621.97791541653,0.0,0.0,0.0,-1093309769424.0902,0.0,0.0,0.0,1993833855719.2805,0.0,0.0,0.0,0.0,0.0,0.0,0.0,260249939980.61496,0.0,0.0,0.0,-1160774014653.8286,-26342.49203187118,1.306322170091405e-18,-0.00026342492031871176,1.3063221700914048e-26,2.354799235263225e+22,5.213493599988487e+23,0.0,5.2410420456410016e+23,23547992352.632244,521349359998.8486,0.0,1099271688396.5405,0.0,0.0,0.0,0.0,0.0,0.0,0.0,1993833855719.2805,23547992352.632217,521349359998.84766,0.0,266211847331.08646,0.0,0.0,0.0,0.0,0.0,0.0,0.0,-1160774014653.8286,0.0,0.0,0.0,0.0,15852541.675222564,827781.219132202,1.0545004614022729e-64,1098920163072.5479,0.0,0.0,0.0,0.0,35493.41825439811,31451037.36933426,4.00648915844853e-63,2039254883008.6987,0.0,0.0,0.0,0.0,23551238693.383423,521424166644.7018,23046523.403540105,266212620945.36282
0.4693333333333334,-1,-1,1,0.0,-26328.68665144422,0.0,-0.0002632868665144422,2.3547992191290155e+22,5.213493566048576e+23,0.0,5.236933816885553e+23,23547992191.29015,521349356604.8574,0.0,1098410016324.2706,0.0,0.0,0.0,1093291462508.6592,0.0,0.0,0.0,0.0,23547992191.290108,521349356604.8564,0.0,266211845075.26938,0.0,0.0,0.0,-261093291259.65805,0.0,0.0,0.0,0.0,0.0,0.0,0.0,0.0,0.0,0.0,0.0,5303921780044148.0,0.0,0.0,0.0,11124.602702093427,0.0,0.0,0.0,-1093291462508.6592,0.0,0.0,0.0,1993801394066.4941,0.0,0.0,0.0,0.0,0.0,0.0,0.0,261093291259.65805,0.0,0.0,0.0,-1161603211692.888,-26328.686651442782,1.4640943511356074e-18,-0.00026328686651442776,1.4640943511356072e-26,2.3547992191290155e+22,5.213493566048576e+23,0.0,5.2369338699247745e+23,23547992191.29015,521349356604.8574,0.0,1098410027448.874,0.0,0.0,0.0,0.0,0.0,0.0,0.0,1993801394066.4941,23547992191.290108,521349356604.8564,0.0,266211845075.26938,0.0,0.0,0.0,0.0,0.0,0.0,0.0,-1161603211692.888,0.0,0.0,0.0,0.0,15852548.860111509,827780.367924832,1.054499377225043e-64,1098920090929.3627,0.0,0.0,0.0,0.0,35492.87578347977,31451042.571004197,4.006489821001277e-63,2039254890280.9478,0.0,0.0,0.0,0.0,23551238693.383442,521424166644.70197,23046523.403540112,266212620945.363
0.4986666666666667,-1,-1,1,0.0,-26314.74610389051,0.0,-0.00026314746103890506,2.354799202812365e+22,5.2134935317643255e+23,0.0,5.232785420815097e+23,23547992028.123646,521349353176.43243,0.0,1097539919440.3312,0.0,0.0,0.0,1093272976074.4873,0.0,0.0,0.0,0.0,23547992028.1236,521349353176.4316,0.0,266211842789.54755,0.0,0.0,0.0,-261944899423.70444,0.0,0.0,0.0,0.0,0.0,0.0,0.0,0.0,0.0,0.0,0.0,5071900826015526.0,0.0,0.0,0.0,10637.955078095547,0.0,0.0,0.0,-1093272976074.4873,0.0,0.0,0.0,1993768614613.222,0.0,0.0,0.0,0.0,0.0,0.0,0.0,261944899423.70444,0.0,0.0,0.0,-1162440527324.4841,-26314.746103889152,1.306322170091405e-18,-0.0002631474610388915,1.3063221700914048e-26,2.354799202812365e+22,5.2134935317643255e+23,0.0,5.2327854715341006e+23,23547992028.123646,521349353176.43243,0.0,1097539930078.2853,0.0,0.0,0.0,0.0,0.0,0.0,0.0,1993768614613.222,23547992028.1236,521349353176.4316,0.0,266211842789.54755,0.0,0.0,0.0,0.0,0.0,0.0,0.0,-1162440527324.4841,0.0,0.0,0.0,0.0,15852556.127556494,827779.5082059102,1.0544982822075356e-64,1098920017796.1378,0.0,0.0,0.0,0.0,35492.32747224545,31451047.824687477,4.0064904901786413e-63,2039254897652.9995,0.0,0.0,0.0,0.0,23551238693.383427,521424166644.7019,23046523.403540112,266212620945.36295
0.528,-1,-1,1,0.0,-26300.66613550373,0.0,-0.00026300666135503723,2.3547991863078234e+22,5.213493497125025e+23,0.0,5.2285955362104476e+23,23547991863.078228,521349349712.5024,0.0,1096661120628.2953,0.0,0.0,0.0,1093254304470.4657,0.0,0.0,0.0,0.0,23547991863.078194,521349349712.5016,0.0,266211840472.94644,0.0,0.0,0.0,-262805024315.11807,0.0,0.0,0.0,0.0,0.0,0.0,0.0,0.0,0.0,0.0,0.0,4844997514532372.0,0.0,0.0,0.0,10162.041349213512,0.0,0.0,0.0,-1093254304470.4657,0.0,0.0,0.0,1993735507358.4648,0.0,0.0,0.0,0.0,0.0,0.0,0.0,262805024315.11807,0.0,0.0,0.0,-1163286217041.0754,-26300.666135502357,1.1485499890472026e-18,-0.0002630066613550235,1.1485499890472025e-26,2.3547991863078234e+22,5.213493497125025e+23,0.0,5.2285955846604215e+23,23547991863.078228,521349349712.5024,0.0,1096661130790.3363,0.0,0.0,0.0,0.0,0.0,0.0,0.0,1993735507358.4648,23547991863.078194,521349349712.5016,0.0,266211840472.94644,0.0,0.0,0.0,0.0,0.0,0.0,0.0,-1163286217041.0754,0.0,0.0,0.0,0.0,15852563.480119703,827778.6397101792,1.0544971760118913e-64,1098919943640.0214,0.0,0.0,0.0,0.0,35491.77314454413,31451053.132005386,4.0064911661870895e-63,2039254905128.1794,0.0,0.0,0.0,0.0,23551238693.383358,521424166644.70135,23046523.403540112,266212620945.36255
0.5573333333333333,-1,-1,1,0.0,-26286.442256337585,0.0,-0.0002628644225633758,2.3547991696096683e+22,5.213493462119392e+23,0.0,5.224362826963794e+23,23547991696.096676,521349346211.9391,0.0,1095773339648.9515,0.0,0.0,0.0,1093235441731.639,0.0,0.0,0.0,0.0,23547991696.096622,521349346211.93805,0.0,266211838124.4367,0.0,0.0,0.0,-263673940207.12436,0.0,0.0,0.0,0.0,0.0,0.0,0.0,0.0,0.0,0.0,0.0,4623223075814732.0,0.0,0.0,0.0,9696.885070043616,0.0,0.0,0.0,-1093235441731.639,0.0,0.0,0.0,1993702061745.7483,0.0,0.0,0.0,0.0,0.0,0.0,0.0,263673940207.12436,0.0,0.0,0.0,-1164140550524.352,-26286.44225633614,1.6218665321798097e-18,-0.0002628644225633614,1.6218665321798095e-26,2.3547991696096683e+22,5.213493462119392e+23,0.0,5.224362873196022e+23,23547991696.096676,521349346211.9391,0.0,1095773349345.8362,0.0,0.0,0.0,0.0,0.0,0.0,0.0,1993702061745.7483,23547991696.096622,521349346211.93805,0.0,266211838124.4367,0.0,0.0,0.0,0.0,0.0,0.0,0.0,-1164140550524.352,0.0,0.0,0.0,0.0,15852570.92050114,827777.7621577311,1.0544960582815999e-64,1098919868426.3378,0.0,0.0,0.0,0.0,35491.2126148346,31451058.494668,4.0064918492444935e-63,2039254912709.9617,0.0,0.0,0.0,0.0,23551238693.383335,521424166644.7018,23046523.403540116,266212620945.36273
0.5866666666666667,-1,-1,1,0.0,-26272.06972114933,0.0,-0.00026272069721149327,2.3547991527118606e+22,5.213493426735475e+23,0.0,5.22008588099677e+23,23547991527.118603,521349342673.54736,0.0,1094876280328.7996,0.0,0.0,0.0,1093216381553.9108,0.0,0.0,0.0,0.0,23547991527.118572,521349342673.54645,0.0,266211835742.92966,0.0,0.0,0.0,-264551936968.04123,0.0,0.0,0.0,0.0,0.0,0.0,0.0,0.0,0.0,0.0,0.0,4406581266185044.5,0.0,0.0,0.0,9242.49411920784,0.0,0.0,0.0,-1093216381553.9108,0.0,0.0,0.0,1993668266618.4272,0.0,0.0,0.0,0.0,0.0,0.0,0.0,264551936968.04123,0.0,0.0,0.0,-1165003812790.0632,-26272.069721147775,1.1485499890472026e-18,-0.0002627206972114777,1.1485499890472025e-26,2.3547991527118606e+22,5.213493426735475e+23,0.0,5.220085925062582e+23,23547991527.118603,521349342673.54736,0.0,1094876289571.2935,0.0,0.0,0.0,0.0,0.0,0.0,0.0,1993668266618.4272,23547991527.118572,521349342673.54645,0.0,266211835742.92966,0.0,0.0,0.0,0.0,0.0,0.0,0.0,-1165003812790.0632,0.0,0.0,0.0,0.0,15852578.451550422,827776.8752528289,1.0544949286400133e-64,1098919792118.4683,0.0,0.0,0.0,0.0,35490.64568743298,31451063.91448334,4.0064925395810146e-63,2039254920402.079,0.0,0.0,0.0,0.0,23551238693.383442,521424166644.70135,23046523.403540112,266212620945.36273
0.6160000000000001,-1,-1,1,0.0,-26257.543508299008,0.0,-0.00026257543508299006,2.354799135607999e+22,5.213493390960667e+23,0.0,5.21576320398137e+23,23547991356.079983,521349339096.0666,0.0,1093969629243.0553,0.0,0.0,0.0,1093197117265.998,0.0,0.0,0.0,0.0,23547991356.079952,521349339096.06555,0.0,266211833327.27237,0.0,0.0,0.0,-265439321350.21497,0.0,0.0,0.0,0.0,0.0,0.0,0.0,0.0,0.0,0.0,0.0,4195070777819538.5,0.0,0.0,0.0,8798.86575363786,0.0,0.0,0.0,-1093197117265.998,0.0,0.0,0.0,1993634110169.9277,0.0,0.0,0.0,0.0,0.0,0.0,0.0,265439321350.21497,0.0,0.0,0.0,-1165876305455.2798,-26257.54350829764,1.6218665321798097e-18,-0.0002625754350829764,1.6218665321798095e-26,2.354799135607999e+22,5.213493390960667e+23,0.0,5.215763245932077e+23,23547991356.079983,521349339096.0666,0.0,1093969638041.9209,0.0,0.0,0.0,0.0,0.0,0.0,0.0,1993634110169.9277,23547991356.079952,521349339096.06555,0.0,266211833327.27237,0.0,0.0,0.0,0.0,0.0,0.0,0.0,-1165876305455.2798,0.0,0.0,0.0,0.0,15852586.076278208,827775.9786825101,1.0544937866885187e-64,1098919714677.665,0.0,0.0,0.0,0.0,35490.072155673064,31451069.3933631,4.0064932374402674e-63,2039254928208.4072,0.0,0.0,0.0,0.0,23551238693.38343,521424166644.7019,23046523.40354011,266212620945.36285
0.6453333333333334,-1,-1,1,0.0,-26242.858296333732,0.0,-0.0002624285829633373,2.3547991182913464e+22,5.213493354781564e+23,0.0,5.21139321237184e+23,23547991182.91346,521349335478.15625,0.0,1093053054254.1403,0.0,0.0,0.0,1093177641798.3287,0.0,0.0,0.0,0.0,23547991182.913414,521349335478.15546,0.0,266211830876.24323,0.0,0.0,0.0,-266336418420.43286,0.0,0.0,0.0,0.0,0.0,0.0,0.0,0.0,0.0,0.0,0.0,3988710407669261.5,0.0,0.0,0.0,8366.039398615772,0.0,0.0,0.0,-1093177641798.3287,0.0,0.0,0.0,1993599579888.8274,0.0,0.0,0.0,0.0,0.0,0.0,0.0,266336418420.43286,0.0,0.0,0.0,-1166758348144.891,-26242.858296332335,1.306322170091405e-18,-0.00026242858296332333,1.3063221700914048e-26,2.3547991182913464e+22,5.213493354781564e+23,0.0,5.2113932522589396e+23,23547991182.91346,521349335478.15625,0.0,1093053062620.1787,0.0,0.0,0.0,0.0,0.0,0.0,0.0,1993599579888.8274,23547991182.913414,521349335478.15546,0.0,266211830876.24323,0.0,0.0,0.0,0.0,0.0,0.0,0.0,-1166758348144.891,0.0,0.0,0.0,0.0,15852593.797869248,827775.072115338,1.0544926320049724e-64,1098919636062.8832,0.0,0.0,0.0,0.0,35489.49180107928,31451074.933332935,4.006493943080212e-63,2039254936133.0842,0.0,0.0,0.0,0.0,23551238693.3834,521424166644.7018,23046523.403540112,266212620945.36273
0.6746666666666667,-1,-1,1,0.0,-26228.008437937642,0.0,-0.0002622800843793764,2.354799100754793e+22,5.213493318184006e+23,0.0,5.2069742256530434e+23,23547991007.547928,521349331818.40045,0.0,1092126202885.83,0.0,0.0,0.0,1093157947648.4486,0.0,0.0,0.0,0.0,23547991007.54788,521349331818.3998,0.0,266211828388.54608,0.0,0.0,0.0,-267243573151.16556,0.0,0.0,0.0,0.0,0.0,0.0,0.0,0.0,0.0,0.0,0.0,3787478536116099.5,0.0,0.0,0.0,7943.969708513934,0.0,0.0,0.0,-1093157947648.4486,0.0,0.0,0.0,1993564662497.518,0.0,0.0,0.0,0.0,0.0,0.0,0.0,267243573151.16556,0.0,0.0,0.0,-1167650280056.2676,-26228.008437936234,1.4640943511356074e-18,-0.0002622800843793623,1.4640943511356072e-26,2.354799100754793e+22,5.213493318184006e+23,0.0,5.2069742635278287e+23,23547991007.547928,521349331818.40045,0.0,1092126210829.7997,0.0,0.0,0.0,0.0,0.0,0.0,0.0,1993564662497.518,23547991007.54788,521349331818.3998,0.0,266211828388.54608,0.0,0.0,0.0,0.0,0.0,0.0,0.0,-1167650280056.2676,0.0,0.0,0.0,0.0,15852601.619697258,827774.1551996685,1.0544914641415351e-64,1098919556230.5961,0.0,0.0,0.0,0.0,35488.90439233256,31451080.536541495,4.006494656774534e-63,2039254944180.4897,0.0,0.0,0.0,0.0,23551238693.38346,521424166644.70184,23046523.403540112,266212620945.36295
0.7040000000000001,-1,-1,1,0.0,-26212.987930875966,0.0,-0.00026212987930875965,2.3547990829907468e+22,5.213493281152901e+23,0.0,5.2025044576937384e+23,23547990829.907463,521349328115.29,0.0,1091188700509.6656,0.0,0.0,0.0,1093138026842.4081,0.0,0.0,0.0,0.0,23547990829.907433,521349328115.28925,0.0,266211825862.80133,0.0,0.0,0.0,-268161152195.54346,0.0,0.0,0.0,0.0,0.0,0.0,0.0,0.0,0.0,0.0,0.0,3591415507181885.0,0.0,0.0,0.0,7532.741302079172,0.0,0.0,0.0,-1093138026842.4081,0.0,0.0,0.0,1993529343883.9968,0.0,0.0,0.0,0.0,0.0,0.0,0.0,268161152195.54346,0.0,0.0,0.0,-1168552461704.3923,-26212.98793087454,1.306322170091405e-18,-0.0002621298793087454,1.3063221700914048e-26,2.3547990829907468e+22,5.213493281152901e+23,0.0,5.202504493607896e+23,23547990829.907463,521349328115.29,0.0,1091188708042.4073,0.0,0.0,0.0,0.0,0.0,0.0,0.0,1993529343883.9968,23547990829.907433,521349328115.28925,0.0,266211825862.80133,0.0,0.0,0.0,0.0,0.0,0.0,0.0,-1168552461704.3923,0.0,0.0,0.0,0.0,15852609.545341725,827773.2275618614,1.054490282622287e-64,1098919475134.5536,0.0,0.0,0.0,0.0,35488.30968411221,31451086.205272723,4.006495378814076e-63,2039254952355.3174,0.0,0.0,0.0,0.0,23551238693.383408,521424166644.7013,23046523.4035401,266212620945.3627
0.7333333333333334,-1,-1,1,0.0,-26197.790385492404,0.0,-0.000261977903854924,2.3547990649912145e+22,5.2134932436722175e+23,0.0,5.19798200707473e+23,23547990649.91214,521349324367.2216,0.0,1090240148316.3508,0.0,0.0,0.0,1093117870891.5989,0.0,0.0,0.0,0.0,23547990649.91211,521349324367.221,0.0,266211823297.54156,0.0,0.0,0.0,-269089545872.78876,0.0,0.0,0.0,0.0,0.0,0.0,0.0,0.0,0.0,0.0,0.0,3400506952152315.0,0.0,0.0,0.0,7132.324041944346,0.0,0.0,0.0,-1093117870891.5989,0.0,0.0,0.0,1993493609025.303,0.0,0.0,0.0,0.0,0.0,0.0,0.0,269089545872.78876,0.0,0.0,0.0,-1169465276874.171,-26197.790385490942,1.4640943511356074e-18,-0.00026197790385490936,1.4640943511356072e-26,2.3547990649912145e+22,5.2134932436722175e+23,0.0,5.197982041079805e+23,23547990649.91214,521349324367.2216,0.0,1090240155448.676,0.0,0.0,0.0,0.0,0.0,0.0,0.0,1993493609025.303,23547990649.91211,521349324367.221,0.0,266211823297.54156,0.0,0.0,0.0,0.0,0.0,0.0,0.0,-1169465276874.171,0.0,0.0,0.0,0.0,15852617.578606403,827772.2888043197,1.0544890869407957e-64,1098919392725.5485,0.0,0.0,0.0,0.0,35487.70741591622,31451091.94195563,4.0064961095083207e-63,2039254960662.5085,0.0,0.0,0.0,0.0,23551238693.3834,521424166644.70135,23046523.403540097,266212620945.36264
0.7626666666666667,-1,-1,1,0.0,-26182.408988242325,0.0,-0.0002618240898824232,2.354799046747654e+22,5.2134932057248674e+23,0.0,5.1934048462372e+23,23547990467.476532,521349320572.48663,0.0,1089280121039.6917,0.0,0.0,0.0,1093097470744.3085,0.0,0.0,0.0,0.0,23547990467.4765,521349320572.48584,0.0,266211820691.20053,0.0,0.0,0.0,-270029170395.8177,0.0,0.0,0.0,0.0,0.0,0.0,0.0,0.0,0.0,0.0,0.0,3214758762499690.5,0.0,0.0,0.0,6742.730285058031,0.0,0.0,0.0,-1093097470744.3085,0.0,0.0,0.0,1993457441901.8906,0.0,0.0,0.0,0.0,0.0,0.0,0.0,270029170395.8177,0.0,0.0,0.0,-1170389134810.669,-26182.40898824087,1.4640943511356074e-18,-0.00026182408988240866,1.4640943511356072e-26,2.354799046747654e+22,5.2134932057248674e+23,0.0,5.1934048783847894e+23,23547990467.476532,521349320572.48663,0.0,1089280127782.4222,0.0,0.0,0.0,0.0,0.0,0.0,0.0,1993457441901.8906,23547990467.4765,521349320572.48584,0.0,266211820691.20053,0.0,0.0,0.0,0.0,0.0,0.0,0.0,-1170389134810.669,0.0,0.0,0.0,0.0,15852625.723540092,827771.3385030876,1.0544878765571304e-64,1098919308951.1433,0.0,0.0,0.0,0.0,35487.09731060436,31451097.749181185,4.006496849187219e-63,2039254969107.3499,0.0,0.0,0.0,0.0,23551238693.38336,521424166644.70154,23046523.40354011,266212620945.36264
0.792,-1,-1,1,0.0,-26166.83647801413,0.0,-0.00026166836478014126,2.3547990282511785e+22,5.2134931672920324e+23,0.0,5.188770832683187e+23,23547990282.51178,521349316729.2031,0.0,1088308169305.8167,0.0,0.0,0.0,1093076816929.0511,0.0,0.0,0.0,0.0,23547990282.51173,521349316729.2024,0.0,266211818042.06482,0.0,0.0,0.0,-270980465665.3002,0.0,0.0,0.0,0.0,0.0,0.0,0.0,0.0,0.0,0.0,0.0,-4103751789518427.5,0.0,0.0,0.0,-8607.330601700058,0.0,0.0,0.0,-1093076816929.0511,0.0,0.0,0.0,1993420825012.6858,0.0,0.0,0.0,0.0,0.0,0.0,0.0,270980465665.3002,0.0,0.0,0.0,-1171324482356.2632,-26166.836478012563,1.306322170091405e-18,-0.0002616683647801256,1.3063221700914048e-26,2.3547990282511785e+22,5.2134931672920324e+23,0.0,5.188770791645667e+23,23547990282.51178,521349316729.2031,0.0,1088308160698.4856,0.0,0.0,0.0,0.0,0.0,0.0,0.0,1993420825012.6858,23547990282.51173,521349316729.2024,0.0,266211818042.06482,0.0,0.0,0.0,0.0,0.0,0.0,0.0,-1171324482356.2632,0.0,0.0,0.0,0.0,15852633.982424535,827770.3761980961,1.0544866508852989e-64,1098919223851.298,0.0,0.0,0.0,0.0,35486.479042729574,31451103.629760895,4.006497598208898e-63,2039254977685.803,0.0,0.0,0.0,0.0,23551238693.383373,521424166644.70135,23046523.403540105,266212620945.36252
0.8213333333333335,-1,-1,1,0.0,-26151.065027785993,0.0,-0.0002615106502778599,2.3547990094917294e+22,5.213493128355304e+23,0.0,5.1840776000252703e+23,23547990094.91729,521349312835.5303,0.0,1087323796781.6166,0.0,0.0,0.0,1093055898691.1578,0.0,0.0,0.0,0.0,23547990094.917263,521349312835.52924,0.0,266211815348.42523,0.0,0.0,0.0,-271943917257.96692,0.0,0.0,0.0,0.0,0.0,0.0,0.0,0.0,0.0,0.0,0.0,-3986776517474964.5,0.0,0.0,0.0,-8361.983200019109,0.0,0.0,0.0,-1093055898691.1578,0.0,0.0,0.0,1993383740831.356,0.0,0.0,0.0,0.0,0.0,0.0,0.0,271943917257.96692,0.0,0.0,0.0,-1172271767760.149,-26151.065027784538,1.306322170091405e-18,-0.0002615106502778453,1.3063221700914048e-26,2.3547990094917294e+22,5.213493128355304e+23,0.0,5.184077560157504e+23,23547990094.91729,521349312835.5303,0.0,1087323788419.6332,0.0,0.0,0.0,0.0,0.0,0.0,0.0,1993383740831.356,23547990094.917263,521349312835.52924,0.0,266211815348.42523,0.0,0.0,0.0,0.0,0.0,0.0,0.0,-1172271767760.149,0.0,0.0,0.0,0.0,15852642.364020804,827769.4014202688,1.0544854093278628e-64,1098919137170.3772,0.0,0.0,0.0,0.0,35485.85235857795,31451109.58656139,4.0064983569384416e-63,2039254986423.6658,0.0,0.0,0.0,0.0,23551238693.3834,521424166644.70154,23046523.40354011,266212620945.36282
0.8506666666666668,-1,-1,1,0.0,-26135.0863040284,0.0,-0.0002613508630402839,2.3547989904591442e+22,5.213493088893181e+23,0.0,5.179322687394189e+23,23547989904.59144,521349308889.318,0.0,1086326487317.0809,0.0,0.0,0.0,1093034705141.6991,0.0,0.0,0.0,0.0,23547989904.5914,521349308889.31714,0.0,266211812608.3173,0.0,0.0,0.0,-272920030432.9355,0.0,0.0,0.0,0.0,0.0,0.0,0.0,0.0,0.0,0.0,0.0,-3869284274029292.5,0.0,0.0,0.0,-8115.551487200777,0.0,0.0,0.0,-1093034705141.6991,0.0,0.0,0.0,1993346169317.5493,0.0,0.0,0.0,0.0,0.0,0.0,0.0,272920030432.9355,0.0,0.0,0.0,-1173231502724.3367,-26135.08630402696,1.4640943511356074e-18,-0.0002613508630402696,1.4640943511356072e-26,2.3547989904591442e+22,5.213493088893181e+23,0.0,5.179322648701353e+23,23547989904.59144,521349308889.318,0.0,1086326479201.531,0.0,0.0,0.0,0.0,0.0,0.0,0.0,1993346169317.5493,23547989904.5914,521349308889.31714,0.0,266211812608.3173,0.0,0.0,0.0,0.0,0.0,0.0,0.0,-1173231502724.3367,0.0,0.0,0.0,0.0,15852650.871143714,827768.4136427989,1.0544841512138461e-64,1098919048944.0696,0.0,0.0,0.0,0.0,35485.21688973133,31451115.622801803,4.006499125785899e-63,2039254995317.3306,0.0,0.0,0.0,0.0,23551238693.383404,521424166644.70184,23046523.403540112,266212620945.36288
0.8800000000000001,-1,-1,1,0.0,-26118.89132976953,0.0,-0.0002611889132976952,2.354798971142333e+22,5.2134930488831704e+23,0.0,5.174503423443451e+23,23547989711.423325,521349304888.3169,0.0,1085315680616.081,0.0,0.0,0.0,1093013224355.055,0.0,0.0,0.0,0.0,23547989711.423286,521349304888.31604,0.0,266211809819.67538,0.0,0.0,0.0,-273909353558.6496,0.0,0.0,0.0,0.0,0.0,0.0,0.0,0.0,0.0,0.0,0.0,-3751304700228089.5,0.0,0.0,0.0,-7868.097633254656,0.0,0.0,0.0,-1093013224355.055,0.0,0.0,0.0,1993308089365.1748,0.0,0.0,0.0,0.0,0.0,0.0,0.0,273909353558.6496,0.0,0.0,0.0,-1174204226436.8682,-26118.89132976807,1.306322170091405e-18,-0.0002611889132976807,1.3063221700914048e-26,2.354798971142333e+22,5.2134930488831704e+23,0.0,5.1745033859304014e+23,23547989711.423325,521349304888.3169,0.0,1085315672747.9829,0.0,0.0,0.0,0.0,0.0,0.0,0.0,1993308089365.1748,23547989711.423286,521349304888.31604,0.0,266211809819.67538,0.0,0.0,0.0,0.0,0.0,0.0,0.0,-1174204226436.8682,0.0,0.0,0.0,0.0,15852659.509082913,827767.4123079125,1.0544828758328146e-64,1098918959103.4623,0.0,0.0,0.0,0.0,35484.572274939004,31451121.741890464,4.006499905185414e-63,2039255004373.7324,0.0,0.0,0.0,0.0,23551238693.38336,521424166644.7014,23046523.40354011,266212620945.36255
0.9093333333333334,-1,-1,1,0.0,-26102.47043641496,0.0,-0.0002610247043641495,2.354798951529417e+22,5.2134930083010686e+23,0.0,5.169616931015247e+23,23547989515.294163,521349300830.10675,0.0,1084290773215.0125,0.0,0.0,0.0,1092991443486.8586,0.0,0.0,0.0,0.0,23547989515.294125,521349300830.1061,0.0,266211806980.2751,0.0,0.0,0.0,-274912477252.1214,0.0,0.0,0.0,0.0,0.0,0.0,0.0,0.0,0.0,0.0,0.0,-3632854405719555.0,0.0,0.0,0.0,-7619.656475749041,0.0,0.0,0.0,-1092991443486.8586,0.0,0.0,0.0,1993269478242.0886,0.0,0.0,0.0,0.0,0.0,0.0,0.0,274912477252.1214,0.0,0.0,0.0,-1175190519627.008,-26102.470436413565,1.306322170091405e-18,-0.0002610247043641356,1.3063221700914048e-26,2.354798951529417e+22,5.2134930083010686e+23,0.0,5.1696168946867013e+23,23547989515.294163,521349300830.10675,0.0,1084290765595.3557,0.0,0.0,0.0,0.0,0.0,0.0,0.0,1993269478242.0886,23547989515.294125,521349300830.1061,0.0,266211806980.2751,0.0,0.0,0.0,0.0,0.0,0.0,0.0,-1175190519627.008,0.0,0.0,0.0,0.0,15852668.283524068,827766.3968150972,1.0544815824199865e-64,1098918867574.3945,0.0,0.0,0.0,0.0,35483.918126147095,31451127.9474976,4.0065006956043684e-63,2039255013600.3843,0.0,0.0,0.0,0.0,23551238693.383415,521424166644.7018,23046523.403540112,266212620945.36273
0.9386666666666668,-1,-1,1,0.0,-26085.813185616997,0.0,-0.0002608581318561699,2.3547989316075843e+22,5.2134929671207504e+23,0.0,5.164660103890109e+23,23547989316.075836,521349296712.0749,0.0,1083251113606.2003,0.0,0.0,0.0,1092969348670.205,0.0,0.0,0.0,0.0,23547989316.07578,521349296712.07385,0.0,266211804087.7126,0.0,0.0,0.0,-275930039151.7171,0.0,0.0,0.0,0.0,0.0,0.0,0.0,0.0,0.0,0.0,0.0,-3513969997351925.0,0.0,0.0,0.0,-7370.304794972122,0.0,0.0,0.0,-1092969348670.205,0.0,0.0,0.0,1993230311406.2666,0.0,0.0,0.0,0.0,0.0,0.0,0.0,275930039151.7171,0.0,0.0,0.0,-1176191009258.085,-26085.813185615592,1.4640943511356074e-18,-0.00026085813185615586,1.4640943511356072e-26,2.3547989316075843e+22,5.2134929671207504e+23,0.0,5.164660068750406e+23,23547989316.075836,521349296712.0749,0.0,1083251106235.8948,0.0,0.0,0.0,0.0,0.0,0.0,0.0,1993230311406.2666,23547989316.07578,521349296712.07385,0.0,266211804087.7126,0.0,0.0,0.0,0.0,0.0,0.0,0.0,-1176191009258.085,0.0,0.0,0.0,0.0,15852677.200591596,827765.3665162887,1.054480270149873e-64,1098918774276.8475,0.0,0.0,0.0,0.0,35483.254025612245,31451134.243582927,4.0065014975472137e-63,2039255023005.3052,0.0,0.0,0.0,0.0,23551238693.38339,521424166644.7014,23046523.40354011,266212620945.3627
0.9680000000000001,-1,-1,1,0.0,-26068.90827931497,0.0,-0.00026068908279314965,2.3547989113630496e+22,5.21349292531395e+23,0.0,5.159629580017343e+23,23547989113.63049,521349292531.3949,0.0,1082195996623.1694,0.0,0.0,0.0,1092946924896.1729,0.0,0.0,0.0,0.0,23547989113.630447,521349292531.39417,0.0,266211801139.38467,0.0,0.0,0.0,-276962729412.38934,0.0,0.0,0.0,0.0,0.0,0.0,0.0,0.0,0.0,0.0,0.0,-3394665939772276.0,0.0,0.0,0.0,-7120.07292950328,0.0,0.0,0.0,-1092946924896.1729,0.0,0.0,0.0,1993190562294.4568,0.0,0.0,0.0,0.0,0.0,0.0,0.0,276962729412.38934,0.0,0.0,0.0,-1177206373930.7454,-26068.908279313648,1.306322170091405e-18,-0.0002606890827931364,1.3063221700914048e-26,2.3547989113630496e+22,5.21349292531395e+23,0.0,5.159629546070685e+23,23547989113.63049,521349292531.3949,0.0,1082195989503.0967,0.0,0.0,0.0,0.0,0.0,0.0,0.0,1993190562294.4568,23547989113.630447,521349292531.39417,0.0,266211801139.38467,0.0,0.0,0.0,0.0,0.0,0.0,0.0,-1177206373930.7454,0.0,0.0,0.0,0.0,15852686.266898962,827764.320710378,1.0544789381295664e-64,1098918679124.2915,0.0,0.0,0.0,0.0,35482.57952251698,31451140.634431276,4.006502311559625e-63,2039255032597.2568,0.0,0.0,0.0,0.0,23551238693.38341,521424166644.70135,23046523.403540105,266212620945.3627
0.9973333333333334,-1,-1,1,0.0,-26051.743455670934,0.0,-0.0002605174345567093,2.354798890780893e+22,5.21349288285001e+23,0.0,5.1545217105476075e+23,23547988907.808926,521349288285.00085,0.0,1081124656945.4471,0.0,0.0,0.0,1092924155875.5851,0.0,0.0,0.0,0.0,23547988907.8089,521349288285.0001,0.0,266211798132.46704,0.0,0.0,0.0,-278011297062.605,0.0,0.0,0.0,0.0,0.0,0.0,0.0,0.0,0.0,0.0,0.0,-3274987944226693.5,0.0,0.0,0.0,-6869.056755464524,0.0,0.0,0.0,-1092924155875.5851,0.0,0.0,0.0,1993150202077.357,0.0,0.0,0.0,0.0,0.0,0.0,0.0,278011297062.605,0.0,0.0,0.0,-1178237350133.4338,-26051.743455669526,1.1485499890472026e-18,-0.0002605174345566952,1.1485499890472025e-26,2.354798890780893e+22,5.21349288285001e+23,0.0,5.1545216777977276e+23,23547988907.808926,521349288285.00085,0.0,1081124650076.3904,0.0,0.0,0.0,0.0,0.0,0.0,0.0,1993150202077.357,23547988907.8089,521349288285.0001,0.0,266211798132.46704,0.0,0.0,0.0,0.0,0.0,0.0,0.0,-1178237350133.4338,0.0,0.0,0.0,0.0,15852695.48960704,827763.2586365053,1.054477585389905e-64,1098918582022.891,0.0,0.0,0.0,0.0,35481.894129044034,31451147.124691702,4.006503138233862e-63,2039255042385.6646,0.0,0.0,0.0,0.0,23551238693.383423,521424166644.70197,23046523.403540116,266212620945.36282
1.0266666666666668,-1,-1,1,0.0,-26034.305368078793,0.0,-0.00026034305368078785,2.3547988698449412e+22,5.213492839695559e+23,0.0,5.14933252382874e+23,23547988698.449406,521349283969.5557,0.0,1080036261546.9407,0.0,0.0,0.0,1092901023878.2822,0.0,0.0,0.0,0.0,23547988698.449352,521349283969.5551,0.0,266211795063.8834,0.0,0.0,0.0,-279076557395.22534,0.0,0.0,0.0,0.0,0.0,0.0,0.0,0.0,0.0,0.0,0.0,-3154951856050252.0,0.0,0.0,0.0,-6617.289507331152,0.0,0.0,0.0,-1092901023878.2822,0.0,0.0,0.0,1993109199375.2932,0.0,0.0,0.0,0.0,0.0,0.0,0.0,279076557395.22534,0.0,0.0,0.0,-1179284739509.526,-26034.305368077385,1.4640943511356074e-18,-0.0002603430536807738,1.4640943511356072e-26,2.3547988698449412e+22,5.213492839695559e+23,0.0,5.1493324922792214e+23,23547988698.449406,521349283969.5557,0.0,1080036254929.6512,0.0,0.0,0.0,0.0,0.0,0.0,0.0,1993109199375.2932,23547988698.449352,521349283969.5551,0.0,266211795063.8834,0.0,0.0,0.0,0.0,0.0,0.0,0.0,-1179284739509.526,0.0,0.0,0.0,0.0,15852704.876491297,827762.1794670869,1.0544762108769017e-64,1098918482870.587,0.0,0.0,0.0,0.0,35481.1973158498,31451153.71942211,4.0065039782140306e-63,2039255052380.856,0.0,0.0,0.0,0.0,23551238693.38341,521424166644.7018,23046523.4035401,266212620945.36276
1.056,-1,-1,1,0.0,-26016.579443733917,0.0,-0.00026016579443733913,2.3547988485376173e+22,5.213492795814205e+23,0.0,5.1440576833191907e+23,23547988485.376167,521349279581.42035,0.0,1078929900868.5758,0.0,0.0,0.0,1092877509545.2728,0.0,0.0,0.0,0.0,23547988485.376125,521349279581.4198,0.0,266211791930.2736,0.0,0.0,0.0,-280159400606.97235,0.0,0.0,0.0,0.0,0.0,0.0,0.0,0.0,0.0,0.0,0.0,-3034585366142876.0,0.0,0.0,0.0,-6364.829264817177,0.0,0.0,0.0,-1092877509545.2728,0.0,0.0,0.0,1993067519925.5454,0.0,0.0,0.0,0.0,0.0,0.0,0.0,280159400606.97235,0.0,0.0,0.0,-1180349417352.0715,-26016.579443732557,1.306322170091405e-18,-0.0002601657944373255,1.3063221700914048e-26,2.3547988485376173e+22,5.213492795814205e+23,0.0,5.1440576529733334e+23,23547988485.376167,521349279581.42035,0.0,1078929894503.7457,0.0,0.0,0.0,0.0,0.0,0.0,0.0,1993067519925.5454,23547988485.376125,521349279581.4198,0.0,266211791930.2736,0.0,0.0,0.0,0.0,0.0,0.0,0.0,-1180349417352.0715,0.0,0.0,0.0,0.0,15852714.436020626,827761.082298381,1.0544748134394089e-64,1098918381556.0408,0.0,0.0,0.0,0.0,35480.488506786314,31451160.424144797,4.006504832203611e-63,2039255062594.022,0.0,0.0,0.0,0.0,23551238693.383476,521424166644.7024,23046523.403540116,266212620945.36328
1.0853333333333335,-1,-1,1,0.0,-25998.549717349724,0.0,-0.0002599854971734972,2.3547988268397114e+22,5.2134927511660514e+23,0.0,5.138692438105856e+23,23547988268.39711,521349275116.605,0.0,1077804578439.7604,0.0,0.0,0.0,1092853591667.843,0.0,0.0,0.0,0.0,23547988268.397083,521349275116.6042,0.0,266211788727.95407,0.0,0.0,0.0,-281260801956.03735,0.0,0.0,0.0,0.0,0.0,0.0,0.0,0.0,0.0,0.0,0.0,-2913904312626697.5,0.0,0.0,0.0,-6111.70924726926,0.0,0.0,0.0,-1092853591667.843,0.0,0.0,0.0,1993025126191.526,0.0,0.0,0.0,0.0,0.0,0.0,0.0,281260801956.03735,0.0,0.0,0.0,-1181432342591.427,-25998.549717348316,1.4640919437231769e-18,-0.0002599854971734831,1.4640919437231767e-26,2.3547988268397114e+22,5.2134927511660514e+23,0.0,5.1386924089668114e+23,23547988268.39711,521349275116.605,0.0,1077804572328.0509,0.0,0.0,0.0,0.0,0.0,0.0,0.0,1993025126191.526,23547988268.397083,521349275116.6042,0.0,266211788727.95407,0.0,0.0,0.0,0.0,0.0,0.0,0.0,-1181432342591.427,0.0,0.0,0.0,0.0,15852724.177450199,827759.966141019,1.0544733918173743e-64,1098918277957.3721,0.0,0.0,0.0,0.0,35479.767072633455,31451167.24490598,4.006505700972626e-63,2039255073037.4785,0.0,0.0,0.0,0.0,23551238693.38337,521424166644.7008,23046523.4035401,266212620945.36246
1.1146666666666667,-1,-1,1,0.0,-25980.198634432723,0.0,-0.0002598019863443272,2.354798804730251e+22,5.213492705707313e+23,0.0,5.133231564363162e+23,23547988047.302505,521349270570.73114,0.0,1076659198599.8403,0.0,0.0,0.0,1092829246926.2512,0.0,0.0,0.0,0.0,23547988047.302456,521349270570.7306,0.0,266211785452.87622,0.0,0.0,0.0,-282381833779.28784,0.0,0.0,0.0,0.0,0.0,0.0,0.0,0.0,0.0,0.0,0.0,-2792972361774617.0,0.0,0.0,0.0,-5858.062990214676,0.0,0.0,0.0,-1092829246926.2512,0.0,0.0,0.0,1992981976900.1296,0.0,0.0,0.0,0.0,0.0,0.0,0.0,282381833779.28784,0.0,0.0,0.0,-1182534569611.2295,-25980.198634431377,1.3063197626789745e-18,-0.0002598019863443137,1.3063197626789743e-26,2.354798804730251e+22,5.213492705707313e+23,0.0,5.133231536433434e+23,23547988047.302505,521349270570.73114,0.0,1076659192741.7764,0.0,0.0,0.0,0.0,0.0,0.0,0.0,1992981976900.1296,23547988047.302456,521349270570.7306,0.0,266211785452.87622,0.0,0.0,0.0,0.0,0.0,0.0,0.0,-1182534569611.2295,0.0,0.0,0.0,0.0,15852734.110930588,827758.82990731,1.0544719446253823e-64,1098918171940.6942,0.0,0.0,0.0,0.0,35479.032323813044,31451174.18835208,4.0065065853677365e-63,2039255083724.6946,0.0,0.0,0.0,0.0,23551238693.383396,521424166644.7015,23046523.40354011,266212620945.36276
1.1440000000000001,-1,-1,1,0.0,-25961.50681696626,0.0,-0.00025961506816966256,2.3547987821861225e+22,5.2134926593896286e+23,0.0,5.127669295625561e+23,23547987821.86122,521349265938.9627,0.0,1075492551873.2446,0.0,0.0,0.0,1092804449578.4617,0.0,0.0,0.0,0.0,23547987821.861183,521349265938.9616,0.0,266211782100.5658,0.0,0.0,0.0,-283523679805.7831,0.0,0.0,0.0,0.0,0.0,0.0,0.0,0.0,0.0,0.0,0.0,-2671768079336125.5,0.0,0.0,0.0,-5603.845536821289,0.0,0.0,0.0,-1092804449578.4617,0.0,0.0,0.0,1992938026490.9624,0.0,0.0,0.0,0.0,0.0,0.0,0.0,283523679805.7831,0.0,0.0,0.0,-1183657262322.1277,-25961.506816964935,1.4640919437231769e-18,-0.00025961506816964933,1.4640919437231767e-26,2.3547987821861225e+22,5.2134926593896286e+23,0.0,5.12766926890788e+23,23547987821.86122,521349265938.9627,0.0,1075492546269.3988,0.0,0.0,0.0,0.0,0.0,0.0,0.0,1992938026490.9624,23547987821.861183,521349265938.9616,0.0,266211782100.5658,0.0,0.0,0.0,0.0,0.0,0.0,0.0,-1183657262322.1277,0.0,0.0,0.0,0.0,15852744.247637976,827757.6723971394,1.0544704703348929e-64,1098918063358.3231,0.0,0.0,0.0,0.0,35478.283501633974,31451181.261817407,4.0065074863230354e-63,2039255094670.599,0.0,0.0,0.0,0.0,23551238693.38338,521424166644.702,23046523.403540116,266212620945.36285
1.1733333333333333,-1,-1,1,0.0,-25942.45278226878,0.0,-0.00025942452782268775,2.3547987591818587e+22,5.2134926121594046e+23,0.0,5.121999239126231e+23,23547987591.81858,521349261215.94037,0.0,1074303297422.1174,0.0,0.0,0.0,1092779171086.6925,0.0,0.0,0.0,0.0,23547987591.81854,521349261215.9397,0.0,266211778666.06155,0.0,0.0,0.0,-284687652330.6367,0.0,0.0,0.0,0.0,0.0,0.0,0.0,0.0,0.0,0.0,0.0,-2550345978073371.0,0.0,0.0,0.0,-5349.1712237717,0.0,0.0,0.0,-1092779171086.6925,0.0,0.0,0.0,1992893224455.167,0.0,0.0,0.0,0.0,0.0,0.0,0.0,284687652330.6367,0.0,0.0,0.0,-1184801711048.2837,-25942.452782267395,1.1485475816347722e-18,-0.00025942452782267393,1.148547581634772e-26,2.3547987591818587e+22,5.2134926121594046e+23,0.0,5.1219992136227685e+23,23547987591.81858,521349261215.94037,0.0,1074303292072.9457,0.0,0.0,0.0,0.0,0.0,0.0,0.0,1992893224455.167,23547987591.81854,521349261215.9397,0.0,266211778666.06155,0.0,0.0,0.0,0.0,0.0,0.0,0.0,-1184801711048.2837,0.0,0.0,0.0,0.0,15852754.599930327,827756.4922803522,1.0544689672516725e-64,1098917952046.655,0.0,0.0,0.0,0.0,35477.5197678214,31451188.4734302,4.0065084048738936e-63,2039255105891.6482,0.0,0.0,0.0,0.0,23551238693.383434,521424166644.7018,23046523.40354012,266212620945.3628
1.2026666666666668,-1,-1,1,0.0,-25923.012602971015,0.0,-0.0002592301260297101,2.3547987356891858e+22,5.213492563957011e+23,0.0,5.1162142746138824e+23,23547987356.891853,521349256395.7009,0.0,1073089941823.8558,0.0,0.0,0.0,1092753379665.7635,0.0,0.0,0.0,0.0,23547987356.891804,521349256395.70013,0.0,266211775143.83505,0.0,0.0,0.0,-285875212985.74347,0.0,0.0,0.0,0.0,0.0,0.0,0.0,0.0,0.0,0.0,0.0,-2428739151973011.0,0.0,0.0,0.0,-5094.10946337413,0.0,0.0,0.0,-1092753379665.7635,0.0,0.0,0.0,1992847514536.1323,0.0,0.0,0.0,0.0,0.0,0.0,0.0,285875212985.74347,0.0,0.0,0.0,-1185969352950.2212,-25923.01260296967,1.3063197626789745e-18,-0.00025923012602969666,1.3063197626789743e-26,2.3547987356891858e+22,5.213492563957011e+23,0.0,5.116214250326489e+23,23547987356.891853,521349256395.7009,0.0,1073089936729.746,0.0,0.0,0.0,0.0,0.0,0.0,0.0,1992847514536.1323,23547987356.891804,521349256395.70013,0.0,266211775143.83505,0.0,0.0,0.0,0.0,0.0,0.0,0.0,-1185969352950.2212,0.0,0.0,0.0,0.0,15852765.181535862,827755.2880760081,1.0544674334894885e-64,1098917837823.6226,0.0,0.0,0.0,0.0,35476.74019189469,31451195.832240473,4.006509342173004e-63,2039255117406.2253,0.0,0.0,0.0,0.0,23551238693.38341,521424166644.7014,23046523.403540112,266212620945.3626
1.2320000000000002,-1,-1,1,0.0,-25903.15949218555,0.0,-0.0002590315949218555,2.3547987116766146e+22,5.2134925147156967e+23,0.0,5.1103064309081994e+23,23547987116.76614,521349251471.5695,0.0,1071850813179.4805,0.0,0.0,0.0,1092727039732.0334,0.0,0.0,0.0,0.0,23547987116.7661,521349251471.5687,0.0,266211771527.694,0.0,0.0,0.0,-287087998080.2469,0.0,0.0,0.0,0.0,0.0,0.0,0.0,0.0,0.0,0.0,0.0,-2306949507830633.0,0.0,0.0,0.0,-4838.664254998148,0.0,0.0,0.0,-1092727039732.0334,0.0,0.0,0.0,1992800833754.044,0.0,0.0,0.0,0.0,0.0,0.0,0.0,287087998080.2469,0.0,0.0,0.0,-1187161796940.9219,-25903.159492184215,1.3063197626789745e-18,-0.0002590315949218421,1.3063197626789743e-26,2.3547987116766146e+22,5.2134925147156967e+23,0.0,5.110306407838706e+23,23547987116.76614,521349251471.5695,0.0,1071850808340.8165,0.0,0.0,0.0,0.0,0.0,0.0,0.0,1992800833754.044,23547987116.7661,521349251471.5687,0.0,266211771527.694,0.0,0.0,0.0,0.0,0.0,0.0,0.0,-1187161796940.9219,0.0,0.0,0.0,0.0,15852776.007783342,827754.0581267439,1.0544658669373361e-64,1098917720485.5282,0.0,0.0,0.0,0.0,35475.94373576418,31451203.34837577,4.0065102995104374e-63,2039255129234.8276,0.0,0.0,0.0,0.0,23551238693.383385,521424166644.70184,23046523.403540116,266212620945.36264
1.2613333333333334,-1,-1,1,0.0,-25882.863292548747,0.0,-0.0002588286329254874,2.3547986871088702e+22,5.2134924643603445e+23,0.0,5.104266733850323e+23,23547986871.088696,521349246436.0343,0.0,1070584029222.3213,0.0,0.0,0.0,1092700111224.6426,0.0,0.0,0.0,0.0,23547986871.08866,521349246436.03345,0.0,266211767810.66345,0.0,0.0,0.0,-288327849812.9859,0.0,0.0,0.0,0.0,0.0,0.0,0.0,0.0,0.0,0.0,0.0,-2185003467824685.8,0.0,0.0,0.0,-4582.891017303744,0.0,0.0,0.0,-1092700111224.6426,0.0,0.0,0.0,1992753111204.6877,0.0,0.0,0.0,0.0,0.0,0.0,0.0,288327849812.9859,0.0,0.0,0.0,-1188380854375.9226,-25882.86329254736,1.3063197626789745e-18,-0.00025882863292547354,1.3063197626789743e-26,2.3547986871088702e+22,5.2134924643603445e+23,0.0,5.104266712000284e+23,23547986871.088696,521349246436.0343,0.0,1070584024639.4292,0.0,0.0,0.0,0.0,0.0,0.0,0.0,1992753111204.6877,23547986871.08866,521349246436.03345,0.0,266211767810.66345,0.0,0.0,0.0,0.0,0.0,0.0,0.0,-1188380854375.9226,0.0,0.0,0.0,0.0,15852787.095885597,827752.8005672406,1.0544642652193187e-64,1098917599803.1683,0.0,0.0,0.0,0.0,35475.12923474337,31451211.033235714,4.006511278338107e-63,2039255141400.618,0.0,0.0,0.0,0.0,23551238693.383457,521424166644.7021,23046523.403540112,266212620945.36304
1.2906666666666669,-1,-1,1,0.0,-25862.08984018992,0.0,-0.0002586208984018992,2.354798661946127e+22,5.2134924128058783e+23,0.0,5.098085017034379e+23,23547986619.46126,521349241280.5877,0.0,1069287457620.2858,0.0,0.0,0.0,1092672548760.6414,0.0,0.0,0.0,0.0,23547986619.461212,521349241280.5872,0.0,266211763984.83447,0.0,0.0,0.0,-289596855125.19104,0.0,0.0,0.0,0.0,0.0,0.0,0.0,0.0,0.0,0.0,0.0,-2062925073761093.2,0.0,0.0,0.0,-4326.840176287049,0.0,0.0,0.0,-1092672548760.6414,0.0,0.0,0.0,1992704266563.8965,0.0,0.0,0.0,0.0,0.0,0.0,0.0,289596855125.19104,0.0,0.0,0.0,-1189628577255.2854,-25862.089840188513,1.3063197626789745e-18,-0.0002586208984018851,1.3063197626789743e-26,2.354798661946127e+22,5.2134924128058783e+23,0.0,5.098084996405126e+23,23547986619.46126,521349241280.5877,0.0,1069287453293.445,0.0,0.0,0.0,0.0,0.0,0.0,0.0,1992704266563.8965,23547986619.461212,521349241280.5872,0.0,266211763984.83447,0.0,0.0,0.0,0.0,0.0,0.0,0.0,-1189628577255.2854,0.0,0.0,0.0,0.0,15852798.465292983,827751.5132848875,1.0544626256445853e-64,1098917475517.0154,0.0,0.0,0.0,0.0,35474.295373970446,31451218.89973006,4.006512280300442e-63,2039255153929.727,0.0,0.0,0.0,0.0,23551238693.383434,521424166644.7018,23046523.403540105,266212620945.36295
1.32,-1,-1,1,0.0,-25840.800163698495,0.0,-0.00025840800163698494,2.3547986361432003e+22,5.2134923599553266e+23,0.0,5.091749683437566e+23,23547986361.432,521349235995.53253,0.0,1067958665979.4485,0.0,0.0,0.0,1092644300570.8518,0.0,0.0,0.0,0.0,23547986361.43197,521349235995.53156,0.0,266211760041.18073,0.0,0.0,0.0,-290897394632.585,0.0,0.0,0.0,0.0,0.0,0.0,0.0,0.0,0.0,0.0,0.0,-1940710746128225.8,0.0,0.0,0.0,-4070.5042241743067,0.0,0.0,0.0,-1092644300570.8518,0.0,0.0,0.0,1992654208204.303,0.0,0.0,0.0,0.0,0.0,0.0,0.0,290897394632.585,0.0,0.0,0.0,-1190907306336.5393,-25840.80016369718,1.4640919437231769e-18,-0.00025840800163697176,1.4640919437231767e-26,2.3547986361432003e+22,5.2134923599553266e+23,0.0,5.091749664030453e+23,23547986361.432,521349235995.53253,0.0,1067958661908.9431,0.0,0.0,0.0,0.0,0.0,0.0,0.0,1992654208204.303,23547986361.43197,521349235995.53156,0.0,266211760041.18073,0.0,0.0,0.0,0.0,0.0,0.0,0.0,-1190907306336.5393,0.0,0.0,0.0,0.0,15852810.13813863,827750.1938703782,1.0544609451441491e-64,1098917347331.0837,0.0,0.0,0.0,0.0,35473.440658612824,31451226.962581545,4.0065133072729293e-63,2039255166851.9988,0.0,0.0,0.0,0.0,23551238693.383408,521424166644.70135,23046523.40354011,266212620945.3626
1.3493333333333335,-1,-1,1,0.0,-25818.949462015375,0.0,-0.00025818949462015373,2.3547986096483654e+22,5.213492305697206e+23,0.0,5.08524740126377e+23,23547986096.48365,521349230569.72046,0.0,1066594858049.3893,0.0,0.0,0.0,1092615307142.0712,0.0,0.0,0.0,0.0,23547986096.483604,521349230569.7197,0.0,266211755969.31662,0.0,0.0,0.0,-292232205061.9985,0.0,0.0,0.0,0.0,0.0,0.0,0.0,0.0,0.0,0.0,0.0,-1818375689925822.2,0.0,0.0,0.0,-3813.9150523825083,0.0,0.0,0.0,-1092615307142.0712,0.0,0.0,0.0,1992602830792.2222,0.0,0.0,0.0,0.0,0.0,0.0,0.0,292232205061.9985,0.0,0.0,0.0,-1192219732526.0674,-25818.949462013974,1.3063197626789745e-18,-0.0002581894946201397,1.3063197626789743e-26,2.3547986096483654e+22,5.213492305697206e+23,0.0,5.0852473830800126e+23,23547986096.48365,521349230569.72046,0.0,1066594854235.4741,0.0,0.0,0.0,0.0,0.0,0.0,0.0,1992602830792.2222,23547986096.483604,521349230569.7197,0.0,266211755969.31662,0.0,0.0,0.0,0.0,0.0,0.0,0.0,-1192219732526.0674,0.0,0.0,0.0,0.0,15852822.139807478,827748.8395551721,1.0544592201917421e-64,1098917214905.1273,0.0,0.0,0.0,0.0,35472.563375956335,31451235.238709096,4.006514361410517e-63,2039255180201.7568,0.0,0.0,0.0,0.0,23551238693.383392,521424166644.7014,23046523.403540105,266212620945.3627
1.3786666666666667,-1,-1,1,0.0,-25796.48578092412,0.0,-0.00025796485780924113,2.3547985824018898e+22,5.213492249902302e+23,0.0,5.078562710096757e+23,23547985824.01889,521349224990.2301,0.0,1065192791116.5961,0.0,0.0,0.0,1092585499458.8026,0.0,0.0,0.0,0.0,23547985824.018856,521349224990.2293,0.0,266211751757.18588,0.0,0.0,0.0,-293604460099.39404,0.0,0.0,0.0,0.0,0.0,0.0,0.0,0.0,0.0,0.0,0.0,-1695923921175617.8,0.0,0.0,0.0,-3557.08108423464,0.0,0.0,0.0,-1092585499458.8026,0.0,0.0,0.0,1992550012175.8574,0.0,0.0,0.0,0.0,0.0,0.0,0.0,293604460099.39404,0.0,0.0,0.0,-1193568976373.5308,-25796.485780922772,1.3063197626789745e-18,-0.0002579648578092277,1.3063197626789743e-26,2.3547985824018898e+22,5.213492249902302e+23,0.0,5.0785626931375095e+23,23547985824.01889,521349224990.2301,0.0,1065192787559.5133,0.0,0.0,0.0,0.0,0.0,0.0,0.0,1992550012175.8574,23547985824.018856,521349224990.2293,0.0,266211751757.18588,0.0,0.0,0.0,0.0,0.0,0.0,0.0,-1193568976373.5308,0.0,0.0,0.0,0.0,15852834.499675749,827747.4471289094,1.0544574466979578e-64,1098917077844.4512,0.0,0.0,0.0,0.0,35471.66154602646,31451243.747730434,4.006515445212275e-63,2039255194018.7654,0.0,0.0,0.0,0.0,23551238693.383373,521424166644.7022,23046523.40354011,266212620945.36288
1.4080000000000001,-1,-1,1,0.0,-25773.34827040973,0.0,-0.00025773348270409724,2.3547985543341036e+22,5.213492192419283e+23,0.0,5.071677502328878e+23,23547985543.34103,521349219241.92816,0.0,1063748667237.786,0.0,0.0,0.0,1092554796688.1177,0.0,0.0,0.0,0.0,23547985543.34098,521349219241.9276,0.0,266211747390.65076,0.0,0.0,0.0,-295017876840.9831,0.0,0.0,0.0,0.0,0.0,0.0,0.0,0.0,0.0,0.0,0.0,-1573345733209797.2,0.0,0.0,0.0,-3299.9819606780075,0.0,0.0,0.0,-1092554796688.1177,0.0,0.0,0.0,1992495609288.1685,0.0,0.0,0.0,0.0,0.0,0.0,0.0,295017876840.9831,0.0,0.0,0.0,-1194958692741.0173,-25773.34827040838,1.3063197626789745e-18,-0.00025773348270408374,1.3063197626789743e-26,2.3547985543341036e+22,5.213492192419283e+23,0.0,5.071677486595416e+23,23547985543.34103,521349219241.92816,0.0,1063748663937.8032,0.0,0.0,0.0,0.0,0.0,0.0,0.0,1992495609288.1685,23547985543.34098,521349219241.9276,0.0,266211747390.65076,0.0,0.0,0.0,0.0,0.0,0.0,0.0,-1194958692741.0173,0.0,0.0,0.0,0.0,15852847.252087682,827746.0128323783,1.0544556198743653e-64,1098916935686.4313,0.0,0.0,0.0,0.0,35470.73285651477,31451252.512618218,4.006516561604477e-63,2039255208349.6814,0.0,0.0,0.0,0.0,23551238693.38343,521424166644.7023,23046523.403540112,266212620945.3631
1.4373333333333336,-1,-1,1,0.0,-25749.464845715855,0.0,-0.0002574946484571585,2.354798525362715e+22,5.213492133068922e+23,0.0,5.064570327143817e+23,23547985253.627144,521349213306.8921,0.0,1062257987255.1842,0.0,0.0,0.0,1092523103072.145,0.0,0.0,0.0,0.0,23547985253.627094,521349213306.8914,0.0,266211742852.9396,0.0,0.0,0.0,-296476858669.9008,0.0,0.0,0.0,0.0,0.0,0.0,0.0,0.0,0.0,0.0,0.0,-1450610822777489.0,0.0,0.0,0.0,-3042.554122776317,0.0,0.0,0.0,-1092523103072.145,0.0,0.0,0.0,1992439452647.7053,0.0,0.0,0.0,0.0,0.0,0.0,0.0,296476858669.9008,0.0,0.0,0.0,-1196393211288.0146,-25749.46484571454,1.4640919437231769e-18,-0.0002574946484571454,1.4640919437231767e-26,2.354798525362715e+22,5.213492133068922e+23,0.0,5.064570312637713e+23,23547985253.627144,521349213306.8921,0.0,1062257984212.6309,0.0,0.0,0.0,0.0,0.0,0.0,0.0,1992439452647.7053,23547985253.627094,521349213306.8914,0.0,266211742852.9396,0.0,0.0,0.0,0.0,0.0,0.0,0.0,-1196393211288.0146,0.0,0.0,0.0,0.0,15852860.437675463,827744.5322128736,1.054453734049138e-64,1098916787882.2605,0.0,0.0,0.0,0.0,35469.77457479517,31451261.560582075,4.006517714053215e-63,2039255223249.8174,0.0,0.0,0.0,0.0,23551238693.383446,521424166644.7015,23046523.403540116,266212620945.36298
1.4666666666666668,-1,-1,1,0.0,-25724.748977126445,0.0,-0.0002572474897712644,2.3547984953892028e+22,5.213492071636099e+23,0.0,5.0572154352275565e+23,23547984953.89202,521349207163.60974,0.0,1060715350431.3704,0.0,0.0,0.0,1092490303662.719,0.0,0.0,0.0,0.0,23547984953.891987,521349207163.6091,0.0,266211738123.88416,0.0,0.0,0.0,-297986691355.23303,0.0,0.0,0.0,0.0,0.0,0.0,0.0,0.0,0.0,0.0,0.0,-1327684665167778.0,0.0,0.0,0.0,-2784.725157377892,0.0,0.0,0.0,-1092490303662.719,0.0,0.0,0.0,1992381338811.0583,0.0,0.0,0.0,0.0,0.0,0.0,0.0,297986691355.23303,0.0,0.0,0.0,-1197877729288.2983,-25724.74897712509,1.3063197626789745e-18,-0.00025724748977125084,1.3063197626789743e-26,2.3547984953892028e+22,5.213492071636099e+23,0.0,5.057215421950708e+23,23547984953.89202,521349207163.60974,0.0,1060715347646.6449,0.0,0.0,0.0,0.0,0.0,0.0,0.0,1992381338811.0583,23547984953.891987,521349207163.6091,0.0,266211738123.88416,0.0,0.0,0.0,0.0,0.0,0.0,0.0,-1197877729288.2983,0.0,0.0,0.0,0.0,15852874.105190542,827742.9999249371,1.0544517824131635e-64,1098916633771.6066,0.0,0.0,0.0,0.0,35468.783425923655,31451270.924288593,4.0065189067196507e-63,2039255238785.7727,0.0,0.0,0.0,0.0,23551238693.38337,521424166644.7017,23046523.403540116,266212620945.36267
1.4960000000000002,-1,-1,1,0.0,-25699.095165802693,0.0,-0.0002569909516580269,2.35479846429353e+22,5.213492007858467e+23,0.0,5.049581432477861e+23,23547984642.935295,521349200785.84656,0.0,1059114172074.3181,0.0,0.0,0.0,1092456258309.4752,0.0,0.0,0.0,0.0,23547984642.935265,521349200785.8456,0.0,266211733178.83588,0.0,0.0,0.0,-299553819413.99274,0.0,0.0,0.0,0.0,0.0,0.0,0.0,0.0,0.0,0.0,0.0,-1204480885614343.2,0.0,0.0,0.0,-2526.3138994884794,0.0,0.0,0.0,-1092456258309.4752,0.0,0.0,0.0,1992321019736.059,0.0,0.0,0.0,0.0,0.0,0.0,0.0,299553819413.99274,0.0,0.0,0.0,-1199418583366.891,-25699.095165801285,1.4640919437231769e-18,-0.00025699095165801283,1.4640919437231767e-26,2.35479846429353e+22,5.213492007858467e+23,0.0,5.049581420433052e+23,23547984642.935295,521349200785.84656,0.0,1059114169548.0042,0.0,0.0,0.0,0.0,0.0,0.0,0.0,1992321019736.059,23547984642.935265,521349200785.8456,0.0,266211733178.83588,0.0,0.0,0.0,0.0,0.0,0.0,0.0,-1199418583366.891,0.0,0.0,0.0,0.0,15852888.314131858,827741.409450569,1.0544497566637458e-64,1098916472546.1593,0.0,0.0,0.0,0.0,35467.75541742115,31451280.643568493,4.00652014467763e-63,2039255255039.0354,0.0,0.0,0.0,0.0,23551238693.38344,521424166644.7018,23046523.403540112,266212620945.36282
1.5253333333333334,-1,-1,1,0.0,-25672.3723613065,0.0,-0.00025672372361306496,2.354798431926064e+22,5.213491941409985e+23,0.0,5.041629321206524e+23,23547984319.26063,521349194140.9984,0.0,1057446272693.3486,0.0,0.0,0.0,1092420792911.0962,0.0,0.0,0.0,0.0,23547984319.26059,521349194140.9975,0.0,266211727987.0721,0.0,0.0,0.0,-301186248204.821,0.0,0.0,0.0,0.0,0.0,0.0,0.0,0.0,0.0,0.0,0.0,-1080932486944515.6,0.0,0.0,0.0,-2267.1798272529268,0.0,0.0,0.0,-1092420792911.0962,0.0,0.0,0.0,1992258187305.9297,0.0,0.0,0.0,0.0,0.0,0.0,0.0,301186248204.821,0.0,0.0,0.0,-1201023644866.8337,-25672.37236130526,1.4640919437231769e-18,-0.0002567237236130526,1.4640919437231767e-26,2.354798431926064e+22,5.213491941409985e+23,0.0,5.041629310397199e+23,23547984319.26063,521349194140.9984,0.0,1057446270426.1688,0.0,0.0,0.0,0.0,0.0,0.0,0.0,1992258187305.9297,23547984319.26059,521349194140.9975,0.0,266211727987.0721,0.0,0.0,0.0,0.0,0.0,0.0,0.0,-1201023644866.8337,0.0,0.0,0.0,0.0,15852903.138695253,827739.7526889174,1.0544476464822538e-64,1098916303194.8524,0.0,0.0,0.0,0.0,35466.68557589617,31451290.767925344,4.006521434232982e-63,2039255272111.5452,0.0,0.0,0.0,0.0,23551238693.38341,521424166644.70197,23046523.403540105,266212620945.36282
1.5546666666666669,-1,-1,1,0.0,-25644.414003007776,0.0,-0.00025644414003007774,2.3547983980946707e+22,5.2134918718758236e+23,0.0,5.033309536683943e+23,23547983980.9467,521349187187.5822,0.0,1055701256435.2097,0.0,0.0,0.0,1092383686174.7997,0.0,0.0,0.0,0.0,23547983980.946663,521349187187.5817,0.0,266211722509.34625,0.0,0.0,0.0,-302894152248.9376,0.0,0.0,0.0,0.0,0.0,0.0,0.0,0.0,0.0,0.0,0.0,-956879849670845.9,0.0,0.0,0.0,-2006.98815002857,0.0,0.0,0.0,-1092383686174.7997,0.0,0.0,0.0,1992192449916.3457,0.0,0.0,0.0,0.0,0.0,0.0,0.0,302894152248.9376,0.0,0.0,0.0,-1202702917997.473,-25644.414003006466,1.1485475816347722e-18,-0.0002564441400300646,1.148547581634772e-26,2.3547983980946707e+22,5.2134918718758236e+23,0.0,5.0333095271151406e+23,23547983980.9467,521349187187.5822,0.0,1055701254428.2207,0.0,0.0,0.0,0.0,0.0,0.0,0.0,1992192449916.3457,23547983980.946663,521349187187.5817,0.0,266211722509.34625,0.0,0.0,0.0,0.0,0.0,0.0,0.0,-1202702917997.473,0.0,0.0,0.0,0.0,15852918.674088841,827738.0193345656,1.0544454387423689e-64,1098916124416.3531,0.0,0.0,0.0,0.0,35465.56752529306,31451301.360334847,4.0065227834073536e-63,2039255290134.4868,0.0,0.0,0.0,0.0,23551238693.383415,521424166644.70154,23046523.403540105,266212620945.3627
1.584,-1,-1,1,0.0,-25615.00220971054,0.0,-0.00025615002209710536,2.354798362541625e+22,5.213491798712157e+23,0.0,5.02455724232577e+23,23547983625.416245,521349179871.2156,0.0,1053865524282.5829,0.0,0.0,0.0,1092344648583.0786,0.0,0.0,0.0,0.0,23547983625.416203,521349179871.2151,0.0,266211716693.88657,0.0,0.0,0.0,-304690840994.3821,0.0,0.0,0.0,0.0,0.0,0.0,0.0,0.0,0.0,0.0,0.0,-832155409588241.2,0.0,0.0,0.0,-1745.3874136865488,0.0,0.0,0.0,-1092344648583.0786,0.0,0.0,0.0,1992123295306.135,0.0,0.0,0.0,0.0,0.0,0.0,0.0,304690840994.3821,0.0,0.0,0.0,-1204469489462.8257,-25615.00220970931,1.306322170091405e-18,-0.00025615002209709305,1.3063221700914048e-26,2.354798362541625e+22,5.213491798712157e+23,0.0,5.0245572340042186e+23,23547983625.416245,521349179871.2156,0.0,1053865522537.196,0.0,0.0,0.0,0.0,0.0,0.0,0.0,1992123295306.135,23547983625.416203,521349179871.2151,0.0,266211716693.88657,0.0,0.0,0.0,0.0,0.0,0.0,0.0,-1204469489462.8257,0.0,0.0,0.0,0.0,15852935.047501663,827736.1958806011,1.05444311624079e-64,1098915934467.3577,0.0,0.0,0.0,0.0,35464.392753276064,31451312.50333714,4.006524202713889e-63,2039255309283.6465,0.0,0.0,0.0,0.0,23551238693.383415,521424166644.70166,23046523.403540112,266212620945.3628
1.6133333333333335,-1,-1,1,0.0,-25583.84115293258,0.0,-0.00025583841152932574,2.354798324898127e+22,5.213491721177409e+23,0.0,5.015284406175808e+23,23547983248.981266,521349172117.7408,0.0,1051920612152.1277,0.0,0.0,0.0,1092303286936.2001,0.0,0.0,0.0,0.0,23547983248.981236,521349172117.7397,0.0,266211710469.37933,0.0,0.0,0.0,-306594385253.4516,0.0,0.0,0.0,0.0,0.0,0.0,0.0,0.0,0.0,0.0,0.0,-706566167998652.9,0.0,0.0,0.0,-1481.9728170388262,0.0,0.0,0.0,-1092303286936.2001,0.0,0.0,0.0,1992050027962.628,0.0,0.0,0.0,0.0,0.0,0.0,0.0,306594385253.4516,0.0,0.0,0.0,-1206341127761.8513,-25583.841152931192,1.306322170091405e-18,-0.0002558384115293119,1.3063221700914048e-26,2.354798324898127e+22,5.213491721177409e+23,0.0,5.0152843991101515e+23,23547983248.981266,521349172117.7408,0.0,1051920610670.1559,0.0,0.0,0.0,0.0,0.0,0.0,0.0,1992050027962.628,23547983248.981236,521349172117.7397,0.0,266211710469.37933,0.0,0.0,0.0,0.0,0.0,0.0,0.0,-1206341127761.8513,0.0,0.0,0.0,0.0,15852952.439204248,827734.2639215867,1.0544406555364322e-64,1098915730871.584,0.0,0.0,0.0,0.0,35463.14919753473,31451324.309406154,4.006525706477652e-63,2039255329808.6792,0.0,0.0,0.0,0.0,23551238693.383377,521424166644.7016,23046523.403540105,266212620945.36255
1.642666666666667,-1,-1,1,0.0,-25550.50896763463,0.0,-0.00025550508967634626,2.3547982845837383e+22,5.213491638205506e+23,0.0,5.0053654906174305e+23,23547982845.83738,521349163820.5505,0.0,1049840189412.1519,0.0,0.0,0.0,1092259040217.7913,0.0,0.0,0.0,0.0,23547982845.837353,521349163820.5499,0.0,266211703731.5464,0.0,0.0,0.0,-308630554537.1861,0.0,0.0,0.0,0.0,0.0,0.0,0.0,0.0,0.0,0.0,0.0,-579909862798637.0,0.0,0.0,0.0,-1216.3201295564068,0.0,0.0,0.0,-1092259040217.7913,0.0,0.0,0.0,1991971656082.2043,0.0,0.0,0.0,0.0,0.0,0.0,0.0,308630554537.1861,0.0,0.0,0.0,-1208343171617.919,-25550.508967633188,1.306322170091405e-18,-0.00025550508967633185,1.3063221700914048e-26,2.3547982845837383e+22,5.213491638205506e+23,0.0,5.0053654848183294e+23,23547982845.83738,521349163820.5505,0.0,1049840188195.8313,0.0,0.0,0.0,0.0,0.0,0.0,0.0,1991971656082.2043,23547982845.837353,521349163820.5499,0.0,266211703731.5464,0.0,0.0,0.0,0.0,0.0,0.0,0.0,-1208343171617.919,0.0,0.0,0.0,0.0,15852971.12790576,827732.1970309904,1.0544380229749687e-64,1098915509795.8047,0.0,0.0,0.0,0.0,35461.818203270086,31451336.940032713,4.0065273152652083e-63,2039255352096.0881,0.0,0.0,0.0,0.0,23551238693.383354,521424166644.7009,23046523.403540105,266212620945.3623
1.6720000000000002,-1,-1,1,0.0,-25514.363884348775,0.0,-0.0002551436388434877,2.3547982405603185e+22,5.213491548151379e+23,0.0,4.9946095194042015e+23,23547982405.60318,521349154815.1378,0.0,1047584200138.8462,0.0,0.0,0.0,1092211054145.5361,0.0,0.0,0.0,0.0,23547982405.603153,521349154815.13727,0.0,266211696314.97977,0.0,0.0,0.0,-310838550321.67096,0.0,0.0,0.0,0.0,0.0,0.0,0.0,0.0,0.0,0.0,0.0,-452169390064277.25,0.0,0.0,0.0,-948.3934769624611,0.0,0.0,0.0,-1092211054145.5361,0.0,0.0,0.0,1991886670948.884,0.0,0.0,0.0,0.0,0.0,0.0,0.0,310838550321.67096,0.0,0.0,0.0,-1210514168073.4128,-25514.363884347324,1.1485499890472026e-18,-0.0002551436388434732,1.1485499890472025e-26,2.3547982405603185e+22,5.213491548151379e+23,0.0,4.994609514882501e+23,23547982405.60318,521349154815.1378,0.0,1047584199190.4512,0.0,0.0,0.0,0.0,0.0,0.0,0.0,1991886670948.884,23547982405.603153,521349154815.13727,0.0,266211696314.97977,0.0,0.0,0.0,0.0,0.0,0.0,0.0,-1210514168073.4128,0.0,0.0,0.0,0.0,15852991.598889183,827729.9545246968,1.0544351667465335e-64,1098915264564.0079,0.0,0.0,0.0,0.0,35460.367265975634,31451350.64383494,4.006529060738144e-63,2039255376819.0586,0.0,0.0,0.0,0.0,23551238693.38344,521424166644.70166,23046523.403540112,266212620945.36295
1.7013333333333336,-1,-1,1,0.0,-25474.346024563227,0.0,-0.0002547434602456322,2.3547981906816293e+22,5.213491448234908e+23,0.0,4.98270109643582e+23,23547981906.816288,521349144823.49066,0.0,1045086492219.5823,0.0,0.0,0.0,1092157915584.1754,0.0,0.0,0.0,0.0,23547981906.81625,521349144823.4901,0.0,266211687928.5847,0.0,0.0,0.0,-313283111293.1781,0.0,0.0,0.0,0.0,0.0,0.0,0.0,0.0,0.0,0.0,0.0,-323927632292813.2,0.0,0.0,0.0,-679.4154142781044,0.0,0.0,0.0,-1092157915584.1754,0.0,0.0,0.0,1991792581155.5479,0.0,0.0,0.0,0.0,0.0,0.0,0.0,313283111293.1781,0.0,0.0,0.0,-1212917777543.9656,-25474.346024561837,1.4640943511356074e-18,-0.00025474346024561835,1.4640943511356072e-26,2.3547981906816293e+22,5.213491448234908e+23,0.0,4.98270109319654e+23,23547981906.816288,521349144823.49066,0.0,1045086491540.1661,0.0,0.0,0.0,0.0,0.0,0.0,0.0,1991792581155.5479,23547981906.81625,521349144823.4901,0.0,266211687928.5847,0.0,0.0,0.0,0.0,0.0,0.0,0.0,-1212917777543.9656,0.0,0.0,0.0,0.0,15853014.82406371,827727.467911194,1.0544319996286603e-64,1098914981807.4089,0.0,0.0,0.0,0.0,35458.731242784575,31451365.839359444,4.0065309961990694e-63,2039255405325.7214,0.0,0.0,0.0,0.0,23551238693.383442,521424166644.7018,23046523.403540112,266212620945.36298
1.7306666666666668,-1,-1,1,0.0,-25428.52852803484,0.0,-0.00025428528528034837,2.3547981298804067e+22,5.213491333233617e+23,0.0,4.969066831406649e+23,23547981298.80406,521349133323.3616,0.0,1042226801072.6415,0.0,0.0,0.0,1092097049245.3777,0.0,0.0,0.0,0.0,23547981298.80402,521349133323.3604,0.0,266211677996.42712,0.0,0.0,0.0,-316081926169.16315,0.0,0.0,0.0,0.0,0.0,0.0,0.0,0.0,0.0,0.0,0.0,-197496230185187.72,0.0,0.0,0.0,-414.2344452057732,0.0,0.0,0.0,-1092097049245.3777,0.0,0.0,0.0,1991684857939.9233,0.0,0.0,0.0,0.0,0.0,0.0,0.0,316081926169.16315,0.0,0.0,0.0,-1215669735277.9436,-25428.528528033505,1.306322170091405e-18,-0.000254285285280335,1.3063221700914048e-26,2.3547981298804067e+22,5.213491333233617e+23,0.0,4.969066829431686e+23,23547981298.80406,521349133323.3616,0.0,1042226800658.407,0.0,0.0,0.0,0.0,0.0,0.0,0.0,1991684857939.9233,23547981298.80402,521349133323.3604,0.0,266211677996.42712,0.0,0.0,0.0,0.0,0.0,0.0,0.0,-1215669735277.9436,0.0,0.0,0.0,0.0,15853043.03056243,827724.6092249706,1.0544283586522824e-64,1098914630878.3125,0.0,0.0,0.0,0.0,35456.760834782945,31451383.308595035,4.006533221240186e-63,2039255440706.8293,0.0,0.0,0.0,0.0,23551238693.3834,521424166644.7015,23046523.403540112,266212620945.3628
1.7600000000000002,-1,-1,1,0.0,-25373.047276706377,0.0,-0.0002537304727670637,2.3547980449473806e+22,5.213491192236652e+23,0.0,4.952556849970435e+23,23547980449.4738,521349119223.66504,0.0,1038763948645.4458,0.0,0.0,0.0,1092023274361.1194,0.0,0.0,0.0,0.0,23547980449.473755,521349119223.6644,0.0,266211665244.63718,0.0,0.0,0.0,-319470990960.31067,0.0,0.0,0.0,0.0,0.0,0.0,0.0,0.0,0.0,0.0,0.0,-79181104080817.98,0.0,0.0,0.0,-166.07679391623242,0.0,0.0,0.0,-1092023274361.1194,0.0,0.0,0.0,1991554420963.1184,0.0,0.0,0.0,0.0,0.0,0.0,0.0,319470990960.31067,0.0,0.0,0.0,-1219002137728.389,-25373.04727670503,1.306322170091405e-18,-0.00025373047276705025,1.3063221700914048e-26,2.3547980449473806e+22,5.213491192236652e+23,0.0,4.952556849178628e+23,23547980449.4738,521349119223.66504,0.0,1038763948479.37,0.0,0.0,0.0,0.0,0.0,0.0,0.0,1991554420963.1184,23547980449.473755,521349119223.6644,0.0,266211665244.63718,0.0,0.0,0.0,0.0,0.0,0.0,0.0,-1219002137728.389,0.0,0.0,0.0,0.0,15853081.886538697,827721.1129113908,1.0544239056030755e-64,1098914133663.4843,0.0,0.0,0.0,0.0,35454.07625880283,31451404.674327366,4.0065359425480403e-63,2039255490840.2117,0.0,0.0,0.0,0.0,23551238693.38347,521424166644.702,23046523.403540112,266212620945.36346
1.7893333333333334,-1,-1,1,0.0,-25299.491547939626,0.0,-0.0002529949154793962,2.354797899244669e+22,5.2134910003615724e+23,0.0,4.9306683117455294e+23,23547978992.446682,521349100036.1571,0.0,1034172981780.176,0.0,0.0,0.0,1091925272221.6532,0.0,0.0,0.0,0.0,23547978992.446636,521349100036.1565,0.0,266211646601.40967,0.0,0.0,0.0,-323963937042.8872,0.0,0.0,0.0,0.0,0.0,0.0,0.0,0.0,0.0,0.0,0.0,17229353002548.469,0.0,0.0,0.0,36.137355510902125,0.0,0.0,0.0,-1091925272221.6532,0.0,0.0,0.0,1991381509962.011,0.0,0.0,0.0,0.0,0.0,0.0,0.0,323963937042.8872,0.0,0.0,0.0,-1223420174747.107,-25299.491547938207,1.1485499890472026e-18,-0.000252994915479382,1.1485499890472025e-26,2.354797899244669e+22,5.2134910003615724e+23,0.0,4.9306683119178226e+23,23547978992.446682,521349100036.1571,0.0,1034172981816.3134,0.0,0.0,0.0,0.0,0.0,0.0,0.0,1991381509962.011,23547978992.446636,521349100036.1565,0.0,266211646601.40967,0.0,0.0,0.0,0.0,0.0,0.0,0.0,-1223420174747.107,0.0,0.0,0.0,0.0,15853146.819439169,827716.3779526742,1.0544178749888782e-64,1098913277076.8336,0.0,0.0,0.0,0.0,35449.644822143666,31451433.609335475,4.006539627923384e-63,2039255577216.431,0.0,0.0,0.0,0.0,23551238693.383347,521424166644.7012,23046523.4035401,266212620945.3624
1.8186666666666669,-1,-1,1,0.0,-25188.68572774362,0.0,-0.00025188685727743615,2.354797587825729e+22,5.2134906978077894e+23,0.0,4.89769499118028e+23,23547975878.257282,521349069780.7788,0.0,1027257059821.4983,0.0,0.0,0.0,1091777124850.929,0.0,0.0,0.0,0.0,23547975878.257236,521349069780.77826,0.0,266211614285.33844,0.0,0.0,0.0,-330731679314.76984,0.0,0.0,0.0,0.0,0.0,0.0,0.0,0.0,0.0,0.0,0.0,69076254162713.88,0.0,0.0,0.0,144.88258228095947,0.0,0.0,0.0,-1091777124850.929,0.0,0.0,0.0,1991121084696.4055,0.0,0.0,0.0,0.0,0.0,0.0,0.0,330731679314.76984,0.0,0.0,0.0,-1230075639015.3645,-25188.68572774226,1.4640943511356074e-18,-0.00025188685727742255,1.4640943511356072e-26,2.354797587825729e+22,5.2134906978077894e+23,0.0,4.8976949918710445e+23,23547975878.257282,521349069780.7788,0.0,1027257059966.3812,0.0,0.0,0.0,0.0,0.0,0.0,0.0,1991121084696.4055,23547975878.257236,521349069780.77826,0.0,266211614285.33844,0.0,0.0,0.0,0.0,0.0,0.0,0.0,-1230075639015.3645,0.0,0.0,0.0,0.0,15853281.214009803,827708.9723225228,1.0544084428898828e-64,1098911460396.2789,0.0,0.0,0.0,0.0,35440.56565323562,31451478.864633452,4.006545391983881e-63,2039255760420.5413,0.0,0.0,0.0,0.0,23551238693.383434,521424166644.70197,23046523.40354011,266212620945.36282
1.848,-1,-1,1,0.0,-24997.223913339494,0.0,-0.0002499722391333949,2.354796807126632e+22,5.21349013999921e+23,0.0,4.8407202886881034e+23,23547968071.26631,521349013999.92084,0.0,1015307016898.9166,0.0,0.0,0.0,1091519835887.9048,0.0,0.0,0.0,0.0,23547968071.266266,521349013999.9199,0.0,266211548462.18637,0.0,0.0,0.0,-342424367451.1755,0.0,0.0,0.0,0.0,0.0,0.0,0.0,0.0,0.0,0.0,0.0,55727827912513.81,0.0,0.0,0.0,116.88519753626315,0.0,0.0,0.0,-1091519835887.9048,0.0,0.0,0.0,1990671224834.5728,0.0,0.0,0.0,0.0,0.0,0.0,0.0,342424367451.1755,0.0,0.0,0.0,-1241575756280.957,-24997.22391333819,1.4640943511356074e-18,-0.0002499722391333819,1.4640943511356072e-26,2.354796807126632e+22,5.21349013999921e+23,0.0,4.8407202892453814e+23,23547968071.26631,521349013999.92084,0.0,1015307017015.8016,0.0,0.0,0.0,0.0,0.0,0.0,0.0,1990671224834.5728,23547968071.266266,521349013999.9199,0.0,266211548462.18637,0.0,0.0,0.0,0.0,0.0,0.0,0.0,-1241575756280.957,0.0,0.0,0.0,0.0,15853607.224668879,827695.4718732139,1.0543912481543646e-64,1098906988166.8213,0.0,0.0,0.0,0.0,35418.680626353045,31451561.364953116,4.006555899877806e-63,2039256211439.196,0.0,0.0,0.0,0.0,23551238693.383404,521424166644.70166,23046523.40354011,266212620945.36267
1.8773333333333335,-1,-1,1,0.0,-24633.90325132947,0.0,-0.00024633903251329467,2.3547946849926463e+22,5.2134889927451356e+23,0.0,4.732604355798791e+23,23547946849.926456,521348899274.5134,0.0,992630460776.1415,0.0,0.0,0.0,1091028398183.7416,0.0,0.0,0.0,0.0,23547946849.926426,521348899274.5126,0.0,266211400488.64996,0.0,0.0,0.0,-364609337896.2502,0.0,0.0,0.0,0.0,0.0,0.0,0.0,0.0,0.0,0.0,0.0,-13997613417054.475,0.0,0.0,0.0,-29.359009144536685,0.0,0.0,0.0,-1091028398183.7416,0.0,0.0,0.0,1989817883372.3481,0.0,0.0,0.0,0.0,0.0,0.0,0.0,364609337896.2502,0.0,0.0,0.0,-1263398823114.2134,-24633.903251328135,1.4640967585480379e-18,-0.00024633903251328133,1.4640967585480377e-26,2.3547946849926463e+22,5.2134889927451356e+23,0.0,4.732604355658812e+23,23547946849.926456,521348899274.5134,0.0,992630460746.782,0.0,0.0,0.0,0.0,0.0,0.0,0.0,1989817883372.3481,23547946849.926426,521348899274.5126,0.0,266211400488.64996,0.0,0.0,0.0,0.0,0.0,0.0,0.0,-1263398823114.2134,0.0,0.0,0.0,0.0,15854457.181028254,827668.0914346229,1.0543563753917105e-64,1098895228789.1172,0.0,0.0,0.0,0.0,35361.845958139835,31451728.68493543,4.0065772110105377e-63,2039257397306.2065,0.0,0.0,0.0,0.0,23551238693.383358,521424166644.70105,23046523.403540105,266212620945.3624
1.906666666666667,-1,-1,1,0.0,-23931.709612587394,0.0,-0.00023931709612587393,2.354788752304596e+22,5.213486542743442e+23,0.0,4.523647761098941e+23,23547887523.045956,521348654274.3441,0.0,948803285444.0264,0.0,0.0,0.0,1090070710434.4951,0.0,0.0,0.0,0.0,23547887523.04592,521348654274.3432,0.0,266211059233.11517,0.0,0.0,0.0,-407478484223.5829,0.0,0.0,0.0,0.0,0.0,0.0,0.0,0.0,0.0,0.0,0.0,-96800637288879.94,0.0,0.0,0.0,-203.03252495161723,0.0,0.0,0.0,-1090070710434.4951,0.0,0.0,0.0,1988169406078.2092,0.0,0.0,0.0,0.0,0.0,0.0,0.0,407478484223.5829,0.0,0.0,0.0,-1305577180070.3325,-23931.709612586135,1.3063305960349117e-18,-0.00023931709612586133,1.3063305960349115e-26,2.354788752304596e+22,5.213486542743442e+23,0.0,4.523647760130936e+23,23547887523.045956,521348654274.3441,0.0,948803285240.994,0.0,0.0,0.0,0.0,0.0,0.0,0.0,1988169406078.2092,23547887523.04592,521348654274.3432,0.0,266211059233.11517,0.0,0.0,0.0,0.0,0.0,0.0,0.0,-1305577180070.3325,0.0,0.0,0.0,0.0,15856660.508294558,827610.6649491597,1.054283235351852e-64,1098864447301.6742,0.0,0.0,0.0,0.0,35215.27022711511,31452079.614249263,4.0066219077015625e-63,2039260500846.1084,0.0,0.0,0.0,0.0,23551238693.383358,521424166644.7012,23046523.4035401,266212620945.36264
1.9360000000000002,-1,-1,1,0.0,-22627.845610049895,0.0,-0.00022627845610049893,2.3547720931742977e+22,5.213481353467413e+23,0.0,4.1356485486495765e+23,23547720931.74297,521348135346.74115,0.0,867423180943.5337,0.0,0.0,0.0,1088274386138.4897,0.0,0.0,0.0,0.0,23547720931.742935,521348135346.7404,0.0,266210285222.23068,0.0,0.0,0.0,-487061490417.1874,0.0,0.0,0.0,0.0,0.0,0.0,0.0,0.0,0.0,0.0,0.0,-160107304089999.34,0.0,0.0,0.0,-335.813803741592,0.0,0.0,0.0,-1088274386138.4897,0.0,0.0,0.0,1985110236526.8752,0.0,0.0,0.0,0.0,0.0,0.0,0.0,487061490417.1874,0.0,0.0,0.0,-1383897341141.3833,-22627.84561004871,1.4641148141412665e-18,-0.00022627845610048705,1.4641148141412663e-26,2.3547720931742977e+22,5.213481353467413e+23,0.0,4.1356485470485026e+23,23547720931.74297,521348135346.74115,0.0,867423180607.7197,0.0,0.0,0.0,0.0,0.0,0.0,0.0,1985110236526.8752,23547720931.742935,521348135346.7404,0.0,266210285222.23068,0.0,0.0,0.0,0.0,0.0,0.0,0.0,-1383897341141.3833,0.0,0.0,0.0,0.0,15861943.38513128,827492.0974354731,1.0541322254845627e-64,1098788846240.9395,0.0,0.0,0.0,0.0,34868.5735008991,31452804.17219282,4.006714191509361e-63,2039268119248.2656,0.0,0.0,0.0,0.0,23551238693.38339,521424166644.70123,23046523.403540105,266212620945.36264
1.9653333333333336,-1,-1,1,0.0,-20330.49755904465,0.0,-0.00020330497559044647,2.35472532822009e+22,5.2134704111766794e+23,0.0,3.452013574204916e+23,23547253282.200893,521347041117.6678,0.0,724035555723.138,0.0,0.0,0.0,1085078599510.0116,0.0,0.0,0.0,0.0,23547253282.20086,521347041117.66705,0.0,266208551651.71564,0.0,0.0,0.0,-627251595438.5897,0.0,0.0,0.0,0.0,0.0,0.0,0.0,0.0,0.0,0.0,0.0,-148916554002157.56,0.0,0.0,0.0,-312.3419929139782,0.0,0.0,0.0,-1085078599510.0116,0.0,0.0,0.0,1979723176672.3604,0.0,0.0,0.0,0.0,0.0,0.0,0.0,627251595438.5897,0.0,0.0,0.0,-1521896172913.2817,-20330.49755904349,1.6219197961798342e-18,-0.00020330497559043487,1.621919796179834e-26,2.35472532822009e+22,5.2134704111766794e+23,0.0,3.4520135727157494e+23,23547253282.200893,521347041117.6678,0.0,724035555410.7958,0.0,0.0,0.0,0.0,0.0,0.0,0.0,1979723176672.3604,23547253282.20086,521347041117.66705,0.0,266208551651.71564,0.0,0.0,0.0,0.0,0.0,0.0,0.0,-1521896172913.2817,0.0,0.0,0.0,0.0,15872765.584592426,827251.5677935915,1.0538258843796952e-64,1098624212423.4325,0.0,0.0,0.0,0.0,34183.977455055094,31454274.03233446,4.0069013999623273e-63,2039284689056.0188,0.0,0.0,0.0,0.0,23551238693.38341,521424166644.70123,23046523.403540112,266212620945.36246
1.9946666666666668,-1,-1,1,0.0,-16395.31869238663,0.0,-0.00016395318692386627,2.3545937437516536e+22,5.2134465936220827e+23,0.0,2.2810048071628157e+23,23545937437.51653,521344659362.2081,0.0,478424707104.94415,0.0,0.0,0.0,1079581372293.5446,0.0,0.0,0.0,0.0,23545937437.516506,521344659362.2073,0.0,266204587117.12228,0.0,0.0,0.0,-867361252305.7233,0.0,0.0,0.0,0.0,0.0,0.0,0.0,0.0,0.0,0.0,0.0,138389124489818.6,0.0,0.0,0.0,290.2614503162913,0.0,0.0,0.0,-1079581372293.5446,0.0,0.0,0.0,1970497854865.2722,0.0,0.0,0.0,0.0,0.0,0.0,0.0,867361252305.7233,0.0,0.0,0.0,-1758277734587.1885,-16395.318692385805,1.6220097732194235e-18,-0.00016395318692385803,1.6220097732194233e-26,2.3545937437516536e+22,5.2134465936220827e+23,0.0,2.281004808546707e+23,23545937437.51653,521344659362.2081,0.0,478424707395.2057,0.0,0.0,0.0,0.0,0.0,0.0,0.0,1970497854865.2722,23545937437.516506,521344659362.2073,0.0,266204587117.12228,0.0,0.0,0.0,0.0,0.0,0.0,0.0,-1758277734587.1885,0.0,0.0,0.0,0.0,15890303.49168088,826759.5481705554,1.053199245695157e-64,1098318572818.228,0.0,0.0,0.0,0.0,33174.98702969118,31457280.730491802,4.007284345825123e-63,2039315375519.5337,0.0,0.0,0.0,0.0,23551238693.383434,521424166644.7025,23046523.40354013,266212620945.36322
2.024,-1,-1,1,0.0,-9665.238953589085,0.0,-9.665238953589084e-05,2.354221662967468e+22,5.213391505516894e+23,0.0,2.783187468331844e+22,23542216629.674675,521339150551.6893,0.0,58375398647.714,0.0,0.0,0.0,1070218558136.2325,0.0,0.0,0.0,0.0,23542216629.674637,521339150551.6885,0.0,266195084382.20746,0.0,0.0,0.0,-1278038243870.726,0.0,0.0,0.0,0.0,0.0,0.0,0.0,0.0,0.0,0.0,0.0,1123846709719521.5,0.0,0.0,0.0,2357.1893896935508,0.0,0.0,0.0,-1070218558136.2325,0.0,0.0,0.0,1954716598540.255,0.0,0.0,0.0,0.0,0.0,0.0,0.0,1278038243870.726,0.0,0.0,0.0,-2162536281917.5598,-9665.2389535886,1.3067085597864977e-18,-9.665238953588598e-05,1.3067085597864975e-26,2.354221662967468e+22,5.213391505516894e+23,0.0,2.7831875807165528e+22,23542216629.674675,521339150551.6893,0.0,58375401004.904175,0.0,0.0,0.0,0.0,0.0,0.0,0.0,1954716598540.255,23542216629.674637,521339150551.6885,0.0,266195084382.20746,0.0,0.0,0.0,0.0,0.0,0.0,0.0,-2162536281917.5598,0.0,0.0,0.0,0.0,15911068.272453971,825739.5630160882,1.0519001864267507e-64,1097835317562.8599,0.0,0.0,0.0,0.0,32286.917737494492,31463513.789754443,4.0080782153780525e-63,2039363695643.6619,0.0,0.0,0.0,0.0,23551238693.383415,521424166644.7019,23046523.403540112,266212620945.36276
2.0533333333333337,-1,-1,1,0.0,1937.8104895184645,0.0,1.9378104895184644e-05,2.3531625887449855e+22,5.2132554226440305e+23,0.0,-3.174389153502286e+23,23531625887.44985,521325542264.40295,0.0,-665805787095.4058,0.0,0.0,0.0,1054237577217.3514,0.0,0.0,0.0,0.0,23531625887.449787,521325542264.4022,0.0,266171106750.54483,0.0,0.0,0.0,-1986214471063.3013,0.0,0.0,0.0,0.0,0.0,0.0,0.0,0.0,0.0,0.0,0.0,3171451371750573.0,0.0,0.0,0.0,6651.896080458537,0.0,0.0,0.0,-1054237577217.3514,0.0,0.0,0.0,1927493208274.448,0.0,0.0,0.0,0.0,0.0,0.0,0.0,1986214471063.3013,0.0,0.0,0.0,-2859470095468.503,1937.810489518361,1.3074103205099838e-18,1.9378104895183607e-05,1.3074103205099836e-26,2.3531625887449855e+22,5.2132554226440305e+23,0.0,-3.174389121787771e+23,23531625887.44985,521325542264.40295,0.0,-665805780443.5094,0.0,0.0,0.0,0.0,0.0,0.0,0.0,1927493208274.448,23531625887.449787,521325542264.4022,0.0,266171106750.54483,0.0,0.0,0.0,0.0,0.0,0.0,0.0,-2859470095468.503,0.0,0.0,0.0,0.0,15924504.515029214,823711.0717521971,1.0493166664278215e-64,1097166374935.2975,0.0,0.0,0.0,0.0,32587.70950187455,31475909.760496013,4.009657033155211e-63,2039430181490.0107,0.0,0.0,0.0,0.0,23551238693.383427,521424166644.70197,23046523.403540116,266212620945.3629
2.082666666666667,-1,-1,1,0.0,22065.78942271902,0.0,0.00022065789422719015,2.3501216135441575e+22,5.212899417109439e+23,0.0,-9.163737276467653e+23,23501216135.44157,521289941710.9438,0.0,-1922029409457.4255,0.0,0.0,0.0,1026833522745.6232,0.0,0.0,0.0,0.0,23501216135.441544,521289941710.94293,0.0,266107825766.37454,0.0,0.0,0.0,-3214970757969.4263,0.0,0.0,0.0,0.0,0.0,0.0,0.0,0.0,0.0,0.0,0.0,5675989020186533.0,0.0,0.0,0.0,11904.987556301057,0.0,0.0,0.0,-1026833522745.6232,0.0,0.0,0.0,1880238477880.203,0.0,0.0,0.0,0.0,0.0,0.0,0.0,3214970757969.4263,0.0,0.0,0.0,-4068375701199.0166,22065.789422717935,1.3094168987707923e-18,0.0002206578942271793,1.309416898770792e-26,2.3501216135441575e+22,5.212899417109439e+23,0.0,-9.163737219707766e+23,23501216135.44157,521289941710.9438,0.0,-1922029397552.4387,0.0,0.0,0.0,0.0,0.0,0.0,0.0,1880238477880.203,23501216135.441544,521289941710.94293,0.0,266107825766.37454,0.0,0.0,0.0,0.0,0.0,0.0,0.0,-4068375701199.0166,0.0,0.0,0.0,0.0,15911053.00608851,820425.4821873291,1.0451320608194512e-64,1096330268473.5618,0.0,0.0,0.0,0.0,35926.99010759382,31495987.7722391,4.012214292138172e-63,2039512633765.2007,0.0,0.0,0.0,0.0,23551238693.383415,521424166644.7018,23046523.403540105,266212620945.36282
2.112,-1,-1,1,0.0,57050.43992540104,0.0,0.0005705043992540103,2.34129382927955e+22,5.211924645888942e+23,0.0,-1.9573547214156856e+24,23412938292.795498,521192464588.8941,0.0,-4105413791120.241,0.0,0.0,0.0,979681067378.8492,0.0,0.0,0.0,0.0,23412938292.79548,521192464588.8935,0.0,265934538001.1418,0.0,0.0,0.0,-5351029396500.23,0.0,0.0,0.0,0.0,0.0,0.0,0.0,0.0,0.0,0.0,0.0,7251241327985607.0,0.0,0.0,0.0,15208.96842301637,0.0,0.0,0.0,-979681067378.8492,0.0,0.0,0.0,1798062590749.8276,0.0,0.0,0.0,0.0,0.0,0.0,0.0,5351029396500.23,0.0,0.0,0.0,-6169410904662.248,57050.43992539767,1.6308016434155513e-18,0.0005705043992539767,1.630801643415551e-26,2.34129382927955e+22,5.211924645888942e+23,0.0,-1.9573547141644459e+24,23412938292.795498,521192464588.8941,0.0,-4105413775911.276,0.0,0.0,0.0,0.0,0.0,0.0,0.0,1798062590749.8276,23412938292.79548,521192464588.8935,0.0,265934538001.1418,0.0,0.0,0.0,0.0,0.0,0.0,0.0,-6169410904662.248,0.0,0.0,0.0,0.0,15837788.52208224,818371.0290823525,1.0425158986451225e-64,1095363336026.7703,0.0,0.0,0.0,0.0,45327.150770009044,31508542.39374158,4.0138130579114134e-63,2039607115312.985,0.0,0.0,0.0,0.0,23551238693.383335,521424166644.7008,23046523.4035401,266212620945.36237
2.1413333333333338,-1,-1,1,0.0,117752.57352604988,0.0,0.0011775257352604985,2.3154002029616315e+22,5.209166373131343e+23,0.0,-3.763467478574535e+24,23154002029.61631,520916637313.13416,0.0,-7893608204954.056,0.0,0.0,0.0,898477083748.8156,0.0,0.0,0.0,0.0,23154002029.616276,520916637313.13354,0.0,265446783497.52173,0.0,0.0,0.0,-9057532072200.396,0.0,0.0,0.0,0.0,0.0,0.0,0.0,0.0,0.0,0.0,0.0,7362933148798595.0,0.0,0.0,0.0,15443.234157532454,0.0,0.0,0.0,-898477083748.8156,0.0,0.0,0.0,1655434746026.1968,0.0,0.0,0.0,0.0,0.0,0.0,0.0,9057532072200.396,0.0,0.0,0.0,-9814489719034.547,117752.57352604374,1.1746944880422594e-18,0.0011775257352604372,1.1746944880422592e-26,2.3154002029616315e+22,5.209166373131343e+23,0.0,-3.7634674712116053e+24,23154002029.61631,520916637313.13416,0.0,-7893608189510.83,0.0,0.0,0.0,0.0,0.0,0.0,0.0,1655434746026.1968,23154002029.616276,520916637313.13354,0.0,265446783497.52173,0.0,0.0,0.0,0.0,0.0,0.0,0.0,-9814489719034.547,0.0,0.0,0.0,0.0,15651213.39982975,829265.7214739822,1.0563952282363256e-64,1094300813538.0508,0.0,0.0,0.0,0.0,65641.86363934928,31441965.678318933,4.005331245383247e-63,2039709937191.2563,0.0,0.0,0.0,0.0,23551238693.383415,521424166644.7017,23046523.403540105,266212620945.3627
2.170666666666667,-1,-1,1,0.0,222450.965872743,0.0,0.0022245096587274293,2.2390586137601383e+22,5.201211675331639e+23,0.0,-6.878328008845503e+24,22390586137.601376,520121167533.16376,0.0,-14426808977648.74,0.0,0.0,0.0,759113484771.0814,0.0,0.0,0.0,0.0,22390586137.601353,520121167533.16315,0.0,264053474567.12927,0.0,0.0,0.0,-15449975936986.955,0.0,0.0,0.0,0.0,0.0,0.0,0.0,0.0,0.0,0.0,0.0,5759904674201609.0,0.0,0.0,0.0,12080.99473553896,0.0,0.0,0.0,-759113484771.0814,0.0,0.0,0.0,1409411542675.7227,0.0,0.0,0.0,0.0,0.0,0.0,0.0,15449975936986.955,0.0,0.0,0.0,-16100273982810.613,222450.96587273083,1.2258146872973728e-18,0.002224509658727308,1.2258146872973726e-26,2.2390586137601383e+22,5.201211675331639e+23,0.0,-6.878328003085605e+24,22390586137.601376,520121167533.16376,0.0,-14426808965567.758,0.0,0.0,0.0,0.0,0.0,0.0,0.0,1409411542675.7227,22390586137.601353,520121167533.16315,0.0,264053474567.12927,0.0,0.0,0.0,0.0,0.0,0.0,0.0,-16100273982810.613,0.0,0.0,0.0,0.0,15273087.618950384,881564.8106291355,1.1230186984506019e-64,1093153727824.068,0.0,0.0,0.0,0.0,103872.26956059544,31122369.47060713,3.9646169024735205e-63,2039819933856.8037,0.0,0.0,0.0,0.0,23551238693.38339,521424166644.7016,23046523.403540116,266212620945.36252
2.2,-1,-1,1,0.0,400935.7742765202,0.0,0.004009357742765202,2.014857980846953e+22,5.178170408586635e+23,0.0,-1.2187492719090662e+25,20148579808.46953,517817040858.6634,0.0,-25562408356899.15,0.0,0.0,0.0,522308035615.9543,0.0,0.0,0.0,0.0,20148579808.4695,517817040858.6627,0.0,260076363967.6121,0.0,0.0,0.0,-26344792756482.72,0.0,0.0,0.0,0.0,0.0,0.0,0.0,0.0,0.0,0.0,0.0,5083358850672677.0,0.0,0.0,0.0,10661.987478524446,0.0,0.0,0.0,-522308035615.9543,0.0,0.0,0.0,990067194049.6389,0.0,0.0,0.0,0.0,0.0,0.0,0.0,26344792756482.72,0.0,0.0,0.0,-26812551904254.406,400935.7742764991,9.834183482030106e-19,0.004009357742764991,9.834183482030104e-27,2.014857980846953e+22,5.178170408586635e+23,0.0,-1.2187492714007304e+25,20148579808.46953,517817040858.6634,0.0,-25562408346237.164,0.0,0.0,0.0,0.0,0.0,0.0,0.0,990067194049.6389,20148579808.4695,517817040858.6627,0.0,260076363967.6121,0.0,0.0,0.0,0.0,0.0,0.0,0.0,-26812551904254.406,0.0,0.0,0.0,0.0,14616475.872995595,1017091.5272146614,1.2956643822971155e-64,1091914426213.506,0.0,0.0,0.0,0.0,167451.42411272443,30294174.29088281,3.8591112067869435e-63,2039937807566.7957,0.0,0.0,0.0,0.0,23551238693.383442,521424166644.7016,23046523.403540097,266212620945.36285
