sweep_parameter:V,band_info:CB:sign,band_info:IB:sign,band_info:VB:sign,avg:current_CB:n_contact,avg:current_CB:p_contact,tot:current_CB:n_contact,tot:current_CB:p_contact,avg:g_CB:I,avg:g_CB:n,avg:g_CB:p,avg:g_CB:fsf,tot:g_CB:I,tot:g_CB:n,tot:g_CB:p,tot:g_CB:fsf,tot:g_opt_ci_CB:I,tot:g_opt_ci_CB:n,tot:g_opt_ci_CB:p,tot:g_opt_ci_CB:fsf,tot:g_opt_iv_CB:I,tot:g_opt_iv_CB:n,tot:g_opt_iv_CB:p,tot:g_opt_iv_CB:fsf,tot:g_opt_cv_CB:I,tot:g_opt_cv_CB:n,tot:g_opt_cv_CB:p,tot:g_opt_cv_CB:fsf,tot:g_nr_top_CB:I,tot:g_nr_top_CB:n,tot:g_nr_top_CB:p,tot:g_nr_top_CB:fsf,tot:g_nr_bottom_CB:I,tot:g_nr_bottom_CB:n,tot:g_nr_bottom_CB:p,tot:g_nr_bottom_CB:fsf,avg:current_IB:n_contact,avg:current_IB:p_contact,tot:current_IB:n_contact,tot:current_IB:p_contact,avg:g_IB:I,avg:g_IB:n,avg:g_IB:p,avg:g_IB:fsf,tot:g_IB:I,tot:g_IB:n,tot:g_IB:p,tot:g_IB:fsf,tot:g_opt_ci_IB:I,tot:g_opt_ci_IB:n,tot:g_opt_ci_IB:p,tot:g_opt_ci_IB:fsf,tot:g_opt_iv_IB:I,tot:g_opt_iv_IB:n,tot:g_opt_iv_IB:p,tot:g_opt_iv_IB:fsf,tot:g_opt_cv_IB:I,tot:g_opt_cv_IB:n,tot:g_opt_cv_IB:p,tot:g_opt_cv_IB:fsf,tot:g_nr_top_IB:I,tot:g_nr_top_IB:n,tot:g_nr_top_IB:p,tot:g_nr_top_IB:fsf,tot:g_nr_bottom_IB:I,tot:g_nr_bottom_IB:n,tot:g_nr_bottom_IB:p,tot:g_nr_bottom_IB:fsf,avg:current_VB:n_contact,avg:current_VB:p_contact,tot:current_VB:n_contact,tot:current_VB:p_contact,avg:g_VB:I,avg:g_VB:n,avg:g_VB:p,avg:g_VB:fsf,tot:g_VB:I,tot:g_VB:n,tot:g_VB:p,tot:g_VB:fsf,tot:g_opt_ci_VB:I,tot:g_opt_ci_VB:n,tot:g_opt_ci_VB:p,tot:g_opt_ci_VB:fsf,tot:g_opt_iv_VB:I,tot:g_opt_iv_VB:n,tot:g_opt_iv_VB:p,tot:g_opt_iv_VB:fsf,tot:g_opt_cv_VB:I,tot:g_opt_cv_VB:n,tot:g_opt_cv_VB:p,tot:g_opt_cv_VB:fsf,tot:g_nr_top_VB:I,tot:g_nr_top_VB:n,tot:g_nr_top_VB:p,tot:g_nr_top_VB:fsf,tot:g_nr_bottom_VB:I,tot:g_nr_bottom_VB:n,tot:g_nr_bottom_VB:p,tot:g_nr_bottom_VB:fsf,tot:gother_forward_ci:I,tot:gother_forward_ci:n,tot:gother_forward_ci:p,tot:gother_forward_ci:fsf,tot:gabs_forward_ci:I,tot:gabs_forward_ci:n,tot:gabs_forward_ci:p,tot:gabs_forward_ci:fsf,tot:gother_forward_iv:I,tot:gother_forward_iv:n,tot:gother_forward_iv:p,tot:gother_forward_iv:fsf,tot:gabs_forward_iv:I,tot:gabs_forward_iv:n,tot:gabs_forward_iv:p,tot:gabs_forward_iv:fsf,tot:gother_forward_cv:I,tot:gother_forward_cv:n,tot:gother_forward_cv:p,tot:gother_forward_cv:fsf,tot:gabs_forward_cv:I,tot:gabs_forward_cv:n,tot:gabs_forward_cv:p,tot:gabs_forward_cv:fsf
# ,,,,mA/cm^2,mA/cm^2,mA,mA,cm^-3/s,cm^-3/s,cm^-3/s,cm^-3/s,1/s,1/s,1/s,1/s,1/s,1/s,1/s,1/s,1/s,1/s,1/s,1/s,1/s,1/s,1/s,1/s,1/s,1/s,1/s,1/s,1/s,1/s,1/s,1/s,mA/cm^2,mA/cm^2,mA,mA,cm^-3/s,cm^-3/s,cm^-3/s,cm^-3/s,1/s,1/s,1/s,1/s,1/s,1/s,1/s,1/s,1/s,1/s,1/s,1/s,1/s,1/s,1/s,1/s,1/s,1/s,1/s,1/s,1/s,1/s,1/s,1/s,mA/cm^2,mA/cm^2,mA,mA,cm^-3/s,cm^-3/s,cm^-3/s,cm^-3/s,1/s,1/s,1/s,1/s,1/s,1/s,1/s,1/s,1/s,1/s,1/s,1/s,1/s,1/s,1/s,1/s,1/s,1/s,1/s,1/s,1/s,1/s,1/s,1/s,1/s,1/s,1/s,1/s,1/s,1/s,1/s,1/s,1/s,1/s,1/s,1/s,1/s,1/s,1/s,1/s,1/s,1/s,1/s,1/s,1/s,1/s,1/s,1/s
0.0,-1,-1,1,-47397.115390878476,0.0,-0.0004739711539087847,0.0,9.229045602192304e+23,1.1040587138038577e+23,1.4160298709523015e+24,0.0,1431859515821.5156,110405871380.38574,1416029870952.3013,0.0,970471112399.3306,0.0,0.0,0.0,0.0,0.0,0.0,0.0,649494490069.9834,110405871380.38557,1416029870952.2983,0.0,-188106086647.8004,0.0,0.0,0.0,0.0,0.0,0.0,0.0,0.0,0.0,0.0,0.0,55058032474.69211,0.0,0.0,0.0,0.08542093204368939,0.0,0.0,0.0,-970471112399.3306,0.0,0.0,0.0,1727964510973.84,0.0,0.0,0.0,0.0,0.0,0.0,0.0,188106086647.8004,0.0,0.0,0.0,-945599485222.223,0.0,0.0,0.0,7.127751168380498e-18,-47397.115390876104,7.127751168380497e-26,-0.00047397115390876096,9.229045602192848e+23,1.1040587138038577e+23,1.4160298709523015e+24,0.0,1431859515821.5999,110405871380.38574,1416029870952.3013,0.0,0.0,0.0,0.0,0.0,1727964510973.84,0.0,0.0,0.0,649494490069.9834,110405871380.38557,1416029870952.2983,0.0,0.0,0.0,0.0,0.0,-945599485222.223,0.0,0.0,0.0,0.0,0.0,0.0,0.0,972413871847.2676,17537896.88076821,828502.0983734617,1.0554183641849832e-64,0.0,0.0,0.0,0.0,1743223572059.9104,121525.89635925132,27589197.63925569,3.5145379078151745e-63,0.0,0.0,0.0,0.0,649495038122.4406,110412704917.56918,1416085781024.605,62589837.95057234
0.02,-1,-1,1,-47384.77027699392,0.0,-0.00047384770276993914,0.0,9.224079231212993e+23,1.1040587123289819e+23,1.4160298681934526e+24,0.0,1431088997844.6472,110405871232.89816,1416029868193.4524,0.0,970463102422.6936,0.0,0.0,0.0,0.0,0.0,0.0,0.0,649494488567.8251,110405871232.89801,1416029868193.449,0.0,-188868593145.87122,0.0,0.0,0.0,0.0,0.0,0.0,0.0,0.0,0.0,0.0,0.0,-1351128784759617.2,0.0,0.0,0.0,-2096.2369143553256,0.0,0.0,0.0,-970463102422.6936,0.0,0.0,0.0,1727952267178.0361,0.0,0.0,0.0,0.0,0.0,0.0,0.0,188868593145.87122,0.0,0.0,0.0,-946357759997.4513,0.0,0.0,0.0,7.127751168380498e-18,-47384.77027699152,7.127751168380497e-26,-0.0004738477027699151,9.224079217701716e+23,1.1040587123289819e+23,1.4160298681934526e+24,0.0,1431088995748.412,110405871232.89816,1416029868193.4524,0.0,0.0,0.0,0.0,0.0,1727952267178.0361,0.0,0.0,0.0,649494488567.8251,110405871232.89801,1416029868193.449,0.0,0.0,0.0,0.0,0.0,-946357759997.4513,0.0,0.0,0.0,0.0,0.0,0.0,0.0,972413811478.6808,17537907.36844076,828499.801829661,1.0554154391820664e-64,0.0,0.0,0.0,0.0,1743223586693.7275,121523.63512121326,27589209.12163303,3.514539370316636e-63,0.0,0.0,0.0,0.0,649495038122.4393,110412704917.5688,1416085781024.6035,62589837.95057232
0.04,-1,-1,1,-47372.303041512394,0.0,-0.0004737230304151239,0.0,9.219063732344148e+23,1.1040587108429972e+23,1.4160298654076064e+24,0.0,1430310857818.9612,110405871084.29968,1416029865407.606,0.0,970455013460.1631,0.0,0.0,0.0,0.0,0.0,0.0,0.0,649494487046.7944,110405871084.29951,1416029865407.603,0.0,-189638642687.9994,0.0,0.0,0.0,0.0,0.0,0.0,0.0,0.0,0.0,0.0,0.0,-3100972797669161.0,0.0,0.0,0.0,-4811.068879745835,0.0,0.0,0.0,-970455013460.1631,0.0,0.0,0.0,1727939902195.5872,0.0,0.0,0.0,0.0,0.0,0.0,0.0,189638642687.9994,0.0,0.0,0.0,-947123536234.4929,0.0,0.0,0.0,5.8655737200268785e-18,-47372.30304150979,5.865573720026878e-26,-0.00047372303041509785,9.219063701334399e+23,1.1040587108429972e+23,1.4160298654076064e+24,0.0,1430310853007.8892,110405871084.29968,1416029865407.606,0.0,0.0,0.0,0.0,0.0,1727939902195.5872,0.0,0.0,0.0,649494487046.7944,110405871084.29951,1416029865407.603,0.0,0.0,0.0,0.0,0.0,-947123536234.4929,0.0,0.0,0.0,0.0,0.0,0.0,0.0,972413750765.1959,17537917.927636106,828497.4831825311,1.0554124860300442e-64,0.0,0.0,0.0,0.0,1743223601411.1055,121521.35819096802,27589220.71452398,3.514540846892649e-63,0.0,0.0,0.0,0.0,649495038122.44,110412704917.56903,1416085781024.6042,62589837.950572304
0.06,-1,-1,1,-47359.70989243,0.0,-0.00047359709892429993,0.0,9.213997587202741e+23,1.1040587093456016e+23,1.416029862593913e+24,0.0,1429524860171.7578,110405870934.56013,1416029862593.9126,0.0,970446843110.4263,0.0,0.0,0.0,0.0,0.0,0.0,0.0,649494485506.2797,110405870934.55995,1416029862593.9104,0.0,-190416468444.9488,0.0,0.0,0.0,0.0,0.0,0.0,0.0,0.0,0.0,0.0,0.0,-8170228173657252.0,0.0,0.0,0.0,-12675.870790047069,0.0,0.0,0.0,-970446843110.4263,0.0,0.0,0.0,1727927412199.583,0.0,0.0,0.0,0.0,0.0,0.0,0.0,190416468444.9488,0.0,0.0,0.0,-947897050209.9758,0.0,0.0,0.0,7.127751168380498e-18,-47359.70989242775,7.127751168380497e-26,-0.00047359709892427743,9.213997505500469e+23,1.1040587093456016e+23,1.416029862593913e+24,0.0,1429524847495.8887,110405870934.56013,1416029862593.9126,0.0,0.0,0.0,0.0,0.0,1727927412199.583,0.0,0.0,0.0,649494485506.2797,110405870934.55995,1416029862593.9104,0.0,0.0,0.0,0.0,0.0,-947897050209.9758,0.0,0.0,0.0,0.0,0.0,0.0,0.0,972413689736.4489,17537928.55986835,828495.1417442901,1.0554095038529624e-64,0.0,0.0,0.0,0.0,1743223616204.8323,121519.06507030397,27589232.421366952,3.514542337981188e-63,0.0,0.0,0.0,0.0,649495038122.4395,110412704917.56876,1416085781024.6042,62589837.95057232
0.08,-1,-1,1,-47346.98688482689,0.0,-0.00047346986884826885,0.0,9.208879187615514e+23,1.104058707836474e+23,1.4160298597515658e+24,0.0,1428730755399.6448,110405870783.64737,1416029859751.5654,0.0,970438588659.3348,0.0,0.0,0.0,0.0,0.0,0.0,0.0,649494483945.6886,110405870783.64716,1416029859751.5623,0.0,-191202317205.3798,0.0,0.0,0.0,0.0,0.0,0.0,0.0,0.0,0.0,0.0,0.0,-7941544115402799.0,0.0,0.0,0.0,-12321.07414146345,0.0,0.0,0.0,-970438588659.3348,0.0,0.0,0.0,1727914793467.11,0.0,0.0,0.0,0.0,0.0,0.0,0.0,191202317205.3798,0.0,0.0,0.0,-948678534334.2291,0.0,0.0,0.0,7.127751168380498e-18,-47346.98688482458,7.127751168380497e-26,-0.00047346986884824575,9.208879108200074e+23,1.104058707836474e+23,1.4160298597515658e+24,0.0,1428730743078.571,110405870783.64737,1416029859751.5654,0.0,0.0,0.0,0.0,0.0,1727914793467.11,0.0,0.0,0.0,649494483945.6886,110405870783.64716,1416029859751.5623,0.0,0.0,0.0,0.0,0.0,-948678534334.2291,0.0,0.0,0.0,0.0,0.0,0.0,0.0,972413628251.2184,17537939.269714385,828492.7768330501,1.0554064917823425e-64,0.0,0.0,0.0,0.0,1743223631109.1902,121516.75528708882,27589244.245571543,3.5145438440165e-63,0.0,0.0,0.0,0.0,649495038122.4395,110412704917.5687,1416085781024.604,62589837.95057231
0.1,-1,-1,1,-47334.12979839047,0.0,-0.00047334129798390465,0.0,9.203706848819564e+23,1.1040587063152948e+23,1.4160298568796068e+24,0.0,1427928282116.5706,110405870631.52945,1416029856879.6064,0.0,970430247473.4794,0.0,0.0,0.0,0.0,0.0,0.0,0.0,649494482364.3383,110405870631.52933,1416029856879.605,0.0,-191996447721.24796,0.0,0.0,0.0,0.0,0.0,0.0,0.0,0.0,0.0,0.0,0.0,-7714812485269301.0,0.0,0.0,0.0,-11969.306628182061,0.0,0.0,0.0,-970430247473.4794,0.0,0.0,0.0,1727902041693.6,0.0,0.0,0.0,0.0,0.0,0.0,0.0,191996447721.24796,0.0,0.0,0.0,-949468253910.6758,0.0,0.0,0.0,5.8655737200268785e-18,-47334.12979838829,5.865573720026878e-26,-0.00047334129798388286,9.203706771671449e+23,1.1040587063152948e+23,1.4160298568796068e+24,0.0,1427928270147.2654,110405870631.52945,1416029856879.6064,0.0,0.0,0.0,0.0,0.0,1727902041693.6,0.0,0.0,0.0,649494482364.3383,110405870631.52933,1416029856879.605,0.0,0.0,0.0,0.0,0.0,-949468253910.6758,0.0,0.0,0.0,0.0,0.0,0.0,0.0,972413566373.7479,17537950.05827053,828490.3876778543,1.055403448836303e-64,0.0,0.0,0.0,0.0,1743223646108.562,121514.42828895427,27589256.190992136,3.5145453654895173e-63,0.0,0.0,0.0,0.0,649495038122.4396,110412704917.56891,1416085781024.604,62589837.95057232
0.12,-1,-1,1,-47321.134196542764,0.0,-0.00047321134196542757,0.0,9.198478786002382e+23,1.1040587047817214e+23,1.4160298539770725e+24,0.0,1427117163414.0781,110405870478.17212,1416029853977.0723,0.0,970421816681.1182,0.0,0.0,0.0,0.0,0.0,0.0,0.0,649494480761.5283,110405870478.17194,1416029853977.0706,0.0,-192799134028.56863,0.0,0.0,0.0,0.0,0.0,0.0,0.0,0.0,0.0,0.0,0.0,-7489991052052047.0,0.0,0.0,0.0,-11620.502729720136,0.0,0.0,0.0,-970421816681.1182,0.0,0.0,0.0,1727889152477.2583,0.0,0.0,0.0,0.0,0.0,0.0,0.0,192799134028.56863,0.0,0.0,0.0,-950266481445.2128,0.0,0.0,0.0,5.8655737200268785e-18,-47321.134196540326,5.865573720026878e-26,-0.00047321134196540317,9.198478711102488e+23,1.1040587047817214e+23,1.4160298539770725e+24,0.0,1427117151793.578,110405870478.17212,1416029853977.0723,0.0,0.0,0.0,0.0,0.0,1727889152477.2583,0.0,0.0,0.0,649494480761.5283,110405870478.17194,1416029853977.0706,0.0,0.0,0.0,0.0,0.0,-950266481445.2128,0.0,0.0,0.0,0.0,0.0,0.0,0.0,972413504089.2955,17537960.928111635,828487.9734843124,1.0554003740031009e-64,0.0,0.0,0.0,0.0,1743223661206.5378,121512.08352038183,27589268.261600766,3.5145469029061204e-63,0.0,0.0,0.0,0.0,649495038122.4395,110412704917.56882,1416085781024.604,62589837.95057232
0.14,-1,-1,1,-47307.995387076844,0.0,-0.00047307995387076834,0.0,9.193193111513916e+23,1.1040587032353895e+23,1.4160298510429358e+24,0.0,1426297106428.7656,110405870323.53893,1416029851042.9355,0.0,970413293245.3531,0.0,0.0,0.0,0.0,0.0,0.0,0.0,649494479136.519,110405870323.53874,1416029851042.9336,0.0,-193610665953.10648,0.0,0.0,0.0,0.0,0.0,0.0,0.0,0.0,0.0,0.0,0.0,-7267116759534034.0,0.0,0.0,0.0,-11274.719763279814,0.0,0.0,0.0,-970413293245.3531,0.0,0.0,0.0,1727876121162.5662,0.0,0.0,0.0,0.0,0.0,0.0,0.0,193610665953.10648,0.0,0.0,0.0,-951073505145.0381,0.0,0.0,0.0,5.8655737200268785e-18,-47307.99538707445,5.865573720026878e-26,-0.00047307995387074444,9.193193038842753e+23,1.1040587032353895e+23,1.4160298510429358e+24,0.0,1426297095154.0464,110405870323.53893,1416029851042.9355,0.0,0.0,0.0,0.0,0.0,1727876121162.5662,0.0,0.0,0.0,649494479136.519,110405870323.53874,1416029851042.9336,0.0,0.0,0.0,0.0,0.0,-951073505145.0381,0.0,0.0,0.0,0.0,0.0,0.0,0.0,972413441382.5775,17537971.8819347,828485.5334124896,1.0553972662129803e-64,0.0,0.0,0.0,0.0,1743223676406.8171,121509.7203988684,27589280.461596996,3.514548456801172e-63,0.0,0.0,0.0,0.0,649495038122.4391,110412704917.56863,1416085781024.6028,62589837.95057231
0.16,-1,-1,1,-47294.70840088299,0.0,-0.0004729470840088299,0.0,9.187847826307053e+23,1.1040587016759218e+23,1.416029848076115e+24,0.0,1425467801014.3022,110405870167.59215,1416029848076.1145,0.0,970404673950.3606,0.0,0.0,0.0,0.0,0.0,0.0,0.0,649494477488.5264,110405870167.59203,1416029848076.1123,0.0,-194431350424.5852,0.0,0.0,0.0,0.0,0.0,0.0,0.0,0.0,0.0,0.0,0.0,-7046180247273802.0,0.0,0.0,0.0,-10931.943206409098,0.0,0.0,0.0,-970404673950.3606,0.0,0.0,0.0,1727862942819.2085,0.0,0.0,0.0,0.0,0.0,0.0,0.0,194431350424.5852,0.0,0.0,0.0,-951889630225.3755,0.0,0.0,0.0,7.127751168380498e-18,-47294.708400880605,7.127751168380497e-26,-0.00047294708400880597,9.187847755845254e+23,1.1040587016759218e+23,1.416029848076115e+24,0.0,1425467790082.3596,110405870167.59215,1416029848076.1145,0.0,0.0,0.0,0.0,0.0,1727862942819.2085,0.0,0.0,0.0,649494477488.5264,110405870167.59203,1416029848076.1123,0.0,0.0,0.0,0.0,0.0,-951889630225.3755,0.0,0.0,0.0,0.0,0.0,0.0,0.0,972413378237.7079,17537982.922569536,828483.0665729905,1.055394124333218e-64,0.0,0.0,0.0,0.0,1743223691713.262,121507.33831253665,27589292.795427736,3.514550027741062e-63,0.0,0.0,0.0,0.0,649495038122.4396,110412704917.56871,1416085781024.604,62589837.95057232
0.18,-1,-1,1,-47281.267968328524,0.0,-0.00047281267968328516,0.0,9.18244081043607e+23,1.104058700102911e+23,1.416029845075459e+24,0.0,1424628918267.2903,110405870010.29108,1416029845075.4587,0.0,970395955386.1283,0.0,0.0,0.0,0.0,0.0,0.0,0.0,649494475816.7155,110405870010.29094,1416029845075.4568,0.0,-195261512935.5541,0.0,0.0,0.0,0.0,0.0,0.0,0.0,0.0,0.0,0.0,0.0,-6827224683142586.0,0.0,0.0,0.0,-10592.240032801552,0.0,0.0,0.0,-970395955386.1283,0.0,0.0,0.0,1727849612218.5842,0.0,0.0,0.0,0.0,0.0,0.0,0.0,195261512935.5541,0.0,0.0,0.0,-952715180360.2485,0.0,0.0,0.0,5.234484995850069e-18,-47281.26796832602,5.234484995850068e-26,-0.00047281267968326017,9.182440742163821e+23,1.104058700102911e+23,1.416029845075459e+24,0.0,1424628907675.05,110405870010.29108,1416029845075.4587,0.0,0.0,0.0,0.0,0.0,1727849612218.5842,0.0,0.0,0.0,649494475816.7155,110405870010.29094,1416029845075.4568,0.0,0.0,0.0,0.0,0.0,-952715180360.2485,0.0,0.0,0.0,0.0,0.0,0.0,0.0,972413314638.1382,17537994.0529901,828480.57202291,1.055390947162882e-64,0.0,0.0,0.0,0.0,1743223707129.8481,121504.93661764578,27589305.267807007,3.5145516163262294e-63,0.0,0.0,0.0,0.0,649495038122.4392,110412704917.56882,1416085781024.6035,62589837.95057231
0.2,-1,-1,1,-47267.66849297437,0.0,-0.00047267668492974367,0.0,9.176969812482789e+23,1.1040586985159355e+23,1.4160298420397486e+24,0.0,1423780108886.7642,110405869851.59352,1416029842039.7483,0.0,970387133931.46,0.0,0.0,0.0,0.0,0.0,0.0,0.0,649494474120.2073,110405869851.59335,1416029842039.746,0.0,-196101499164.90485,0.0,0.0,0.0,0.0,0.0,0.0,0.0,0.0,0.0,0.0,0.0,-6610245207183303.0,0.0,0.0,0.0,-10255.602702375463,0.0,0.0,0.0,-970387133931.46,0.0,0.0,0.0,1727836123807.8252,0.0,0.0,0.0,0.0,0.0,0.0,0.0,196101499164.90485,0.0,0.0,0.0,-953550499296.8726,0.0,0.0,0.0,5.8655737200268785e-18,-47267.66849297206,5.865573720026878e-26,-0.0004726766849297205,9.176969746380331e+23,1.1040586985159355e+23,1.4160298420397486e+24,0.0,1423780098631.1606,110405869851.59352,1416029842039.7483,0.0,0.0,0.0,0.0,0.0,1727836123807.8252,0.0,0.0,0.0,649494474120.2073,110405869851.59335,1416029842039.746,0.0,0.0,0.0,0.0,0.0,-953550499296.8726,0.0,0.0,0.0,0.0,0.0,0.0,0.0,972413250566.5961,17538005.27632776,828478.048760988,1.055387733426783e-64,0.0,0.0,0.0,0.0,1743223722660.8042,121502.5146357227,27589317.883741453,3.514553223194281e-63,0.0,0.0,0.0,0.0,649495038122.4401,110412704917.5692,1416085781024.6045,62589837.95057234
0.22,-1,-1,1,-47253.904022247196,0.0,-0.0004725390402224719,0.0,9.171432437757769e+23,1.1040586969145352e+23,1.4160298389676852e+24,0.0,1422921001343.6392,110405869691.45349,1416029838967.6848,0.0,970378205735.0231,0.0,0.0,0.0,0.0,0.0,0.0,0.0,649494472398.0566,110405869691.4533,1416029838967.683,0.0,-196951676789.44247,0.0,0.0,0.0,0.0,0.0,0.0,0.0,0.0,0.0,0.0,0.0,-6395271079388189.0,0.0,0.0,0.0,-9922.076611155646,0.0,0.0,0.0,-970378205735.0231,0.0,0.0,0.0,1727822471680.5664,0.0,0.0,0.0,0.0,0.0,0.0,0.0,196951676789.44247,0.0,0.0,0.0,-954395952657.061,0.0,0.0,0.0,5.8655737200268785e-18,-47253.90402224464,5.865573720026878e-26,-0.00047253904022244637,9.171432373805058e+23,1.1040586969145352e+23,1.4160298389676852e+24,0.0,1422920991421.5625,110405869691.45349,1416029838967.6848,0.0,0.0,0.0,0.0,0.0,1727822471680.5664,0.0,0.0,0.0,649494472398.0566,110405869691.4533,1416029838967.683,0.0,0.0,0.0,0.0,0.0,-954395952657.061,0.0,0.0,0.0,0.0,0.0,0.0,0.0,972413186005.0083,17538016.59588551,828475.4957224767,1.0553844817688289e-64,0.0,0.0,0.0,0.0,1743223738310.4766,121500.07165038944,27589330.648554344,3.514554849023255e-63,0.0,0.0,0.0,0.0,649495038122.4401,110412704917.56897,1416085781024.605,62589837.95057234
0.24,-1,-1,1,-47239.96821462202,0.0,-0.0004723996821462201,0.0,9.16582613509887e+23,1.104058695298235e+23,1.4160298358578832e+24,0.0,1422051199832.5474,110405869529.82347,1416029835857.8828,0.0,970369166694.121,0.0,0.0,0.0,0.0,0.0,0.0,0.0,649494470649.2632,110405869529.82333,1416029835857.8801,0.0,-197812437510.83542,0.0,0.0,0.0,0.0,0.0,0.0,0.0,0.0,0.0,0.0,0.0,-6182315562288202.0,0.0,0.0,0.0,-9591.682335572183,0.0,0.0,0.0,-970369166694.121,0.0,0.0,0.0,1727808649544.4775,0.0,0.0,0.0,0.0,0.0,0.0,0.0,197812437510.83542,0.0,0.0,0.0,-955251929952.8752,0.0,0.0,0.0,5.8655737200268785e-18,-47239.9682146197,5.865573720026878e-26,-0.000472399682146197,9.165826073275728e+23,1.104058695298235e+23,1.4160298358578832e+24,0.0,1422051190240.8672,110405869529.82347,1416029835857.8828,0.0,0.0,0.0,0.0,0.0,1727808649544.4775,0.0,0.0,0.0,649494470649.2632,110405869529.82333,1416029835857.8801,0.0,0.0,0.0,0.0,0.0,-955251929952.8752,0.0,0.0,0.0,0.0,0.0,0.0,0.0,972413120934.4143,17538028.015154157,828472.911773309,1.0553811907446725e-64,0.0,0.0,0.0,0.0,1743223754083.478,121497.60690385407,27589343.567915946,3.51455649453533e-63,0.0,0.0,0.0,0.0,649495038122.439,110412704917.56862,1416085781024.604,62589837.950572334
0.26,-1,-1,1,-47225.854302799875,0.0,-0.00047225854302799863,0.0,9.16014818205665e+23,1.104058693666535e+23,1.4160298327088744e+24,0.0,1421170281973.3962,110405869366.65347,1416029832708.874,0.0,970360012430.9075,0.0,0.0,0.0,0.0,0.0,0.0,0.0,649494468872.7606,110405869366.65329,1416029832708.8726,0.0,-198684199330.27185,0.0,0.0,0.0,0.0,0.0,0.0,0.0,0.0,0.0,0.0,0.0,-5971374860642448.0,0.0,0.0,0.0,-9264.413987419484,0.0,0.0,0.0,-970360012430.9075,0.0,0.0,0.0,1727794650684.6707,0.0,0.0,0.0,0.0,0.0,0.0,0.0,198684199330.27185,0.0,0.0,0.0,-956118846848.4485,0.0,0.0,0.0,5.8655737200268785e-18,-47225.854302797394,5.865573720026878e-26,-0.00047225854302797386,9.160148122342906e+23,1.104058693666535e+23,1.4160298327088744e+24,0.0,1421170272708.983,110405869366.65347,1416029832708.874,0.0,0.0,0.0,0.0,0.0,1727794650684.6707,0.0,0.0,0.0,649494468872.7606,110405869366.65329,1416029832708.8726,0.0,0.0,0.0,0.0,0.0,-956118846848.4485,0.0,0.0,0.0,0.0,0.0,0.0,0.0,972413055334.9,17538039.537830666,828470.295703447,1.0553778588131526e-64,0.0,0.0,0.0,0.0,1743223769984.625,121495.11959293683,27589356.64787621,3.5145581605010916e-63,0.0,0.0,0.0,0.0,649495038122.4403,110412704917.56898,1416085781024.6055,62589837.950572334
0.28,-1,-1,1,-47211.55505225216,0.0,-0.0004721155505225215,0.0,9.154395668218142e+23,1.104058692018882e+23,1.4160298295190747e+24,0.0,1420277796224.1,110405869201.88817,1416029829519.0742,0.0,970350738265.5704,0.0,0.0,0.0,0.0,0.0,0.0,0.0,649494467067.398,110405869201.88794,1416029829519.0713,0.0,-199567409108.86868,0.0,0.0,0.0,0.0,0.0,0.0,0.0,0.0,0.0,0.0,0.0,-5762503216110518.0,0.0,0.0,0.0,-8940.355721050868,0.0,0.0,0.0,-970350738265.5704,0.0,0.0,0.0,1727780467922.5715,0.0,0.0,0.0,0.0,0.0,0.0,0.0,199567409108.86868,0.0,0.0,0.0,-956997147706.2249,0.0,0.0,0.0,5.8655737200268785e-18,-47211.55505224978,5.865573720026878e-26,-0.00047211555052249776,9.154395610593113e+23,1.104058692018882e+23,1.4160298295190747e+24,0.0,1420277787283.7449,110405869201.88817,1416029829519.0742,0.0,0.0,0.0,0.0,0.0,1727780467922.5715,0.0,0.0,0.0,649494467067.398,110405869201.88794,1416029829519.0713,0.0,0.0,0.0,0.0,0.0,-956997147706.2249,0.0,0.0,0.0,0.0,0.0,0.0,0.0,972412989185.4575,17538051.167837784,828467.6462195934,1.0553744843271158e-64,0.0,0.0,0.0,0.0,1743223786019.0044,121492.60886467739,27589369.894901395,3.514559847744109e-63,0.0,0.0,0.0,0.0,649495038122.4391,110412704917.56882,1416085781024.603,62589837.95057231
0.3,-1,-1,1,-47197.062714410815,0.0,-0.0004719706271441081,0.0,9.148565476374805e+23,1.104058690354704e+23,1.4160298262868017e+24,0.0,1419373258958.842,110405869035.47037,1416029826286.8015,0.0,970341339186.0758,0.0,0.0,0.0,0.0,0.0,0.0,0.0,649494465231.9574,110405869035.47018,1416029826286.8,0.0,-200462545459.19202,0.0,0.0,0.0,0.0,0.0,0.0,0.0,0.0,0.0,0.0,0.0,-5555658435379587.0,0.0,0.0,0.0,-8619.44207477173,0.0,0.0,0.0,-970341339186.0758,0.0,0.0,0.0,1727766093569.505,0.0,0.0,0.0,0.0,0.0,0.0,0.0,200462545459.19202,0.0,0.0,0.0,-957887308462.0635,0.0,0.0,0.0,7.127751168380498e-18,-47197.06271440853,7.127751168380497e-26,-0.00047197062714408525,9.14856542081821e+23,1.104058690354704e+23,1.4160298262868017e+24,0.0,1419373250339.3984,110405869035.47037,1416029826286.8015,0.0,0.0,0.0,0.0,0.0,1727766093569.505,0.0,0.0,0.0,649494465231.9574,110405869035.47018,1416029826286.8,0.0,0.0,0.0,0.0,0.0,-957887308462.0635,0.0,0.0,0.0,0.0,0.0,0.0,0.0,972412922463.8923,17538062.909347683,828464.9619367637,1.055371065522623e-64,0.0,0.0,0.0,0.0,1743223802192.0203,121490.07381120986,27589383.315916635,3.5145615571463587e-63,0.0,0.0,0.0,0.0,649495038122.4393,110412704917.56883,1416085781024.6045,62589837.95057232
0.32,-1,-1,1,-47182.3689736219,0.0,-0.00047182368973621894,0.0,9.142654261182204e+23,1.104058688673387e+23,1.4160298230102434e+24,0.0,1418456151157.188,110405868867.33867,1416029823010.2432,0.0,970331809813.8822,0.0,0.0,0.0,0.0,0.0,0.0,0.0,649494463365.1168,110405868867.33852,1416029823010.241,0.0,-201370122021.8109,0.0,0.0,0.0,0.0,0.0,0.0,0.0,0.0,0.0,0.0,0.0,-5350928376594738.0,0.0,0.0,0.0,-8301.809357932461,0.0,0.0,0.0,-970331809813.8822,0.0,0.0,0.0,1727751519373.9473,0.0,0.0,0.0,0.0,0.0,0.0,0.0,201370122021.8109,0.0,0.0,0.0,-958789839883.685,0.0,0.0,0.0,5.234484995850069e-18,-47182.36897361957,5.234484995850068e-26,-0.0004718236897361956,9.142654207672924e+23,1.104058688673387e+23,1.4160298230102434e+24,0.0,1418456142855.379,110405868867.33867,1416029823010.2432,0.0,0.0,0.0,0.0,0.0,1727751519373.9473,0.0,0.0,0.0,649494463365.1168,110405868867.33852,1416029823010.241,0.0,0.0,0.0,0.0,0.0,-958789839883.685,0.0,0.0,0.0,0.0,0.0,0.0,0.0,972412855146.6924,17538074.76680722,828462.2413689046,1.0553676005069799e-64,0.0,0.0,0.0,0.0,1743223818509.3252,121487.51346428195,27589396.918351296,3.514563289654182e-63,0.0,0.0,0.0,0.0,649495038122.4397,110412704917.5689,1416085781024.6045,62589837.95057231
0.34,-1,-1,1,-47167.464886815316,0.0,-0.0004716746488681531,0.0,9.136658424889879e+23,1.1040586869742684e+23,1.416029819687452e+24,0.0,1417525914638.643,110405868697.42682,1416029819687.4517,0.0,970322144364.9276,0.0,0.0,0.0,0.0,0.0,0.0,0.0,649494461465.4648,110405868697.42667,1416029819687.449,0.0,-202290691191.751,0.0,0.0,0.0,0.0,0.0,0.0,0.0,0.0,0.0,0.0,0.0,-5148278106120099.0,0.0,0.0,0.0,-7987.403372015577,0.0,0.0,0.0,-970322144364.9276,0.0,0.0,0.0,1727736736461.795,0.0,0.0,0.0,0.0,0.0,0.0,0.0,202290691191.751,0.0,0.0,0.0,-959705291276.0227,0.0,0.0,0.0,7.127751168380498e-18,-47167.46488681296,7.127751168380497e-26,-0.00047167464886812947,9.136658373407098e+23,1.1040586869742684e+23,1.416029819687452e+24,0.0,1417525906651.2397,110405868697.42682,1416029819687.4517,0.0,0.0,0.0,0.0,0.0,1727736736461.795,0.0,0.0,0.0,649494461465.4648,110405868697.42667,1416029819687.449,0.0,0.0,0.0,0.0,0.0,-959705291276.0227,0.0,0.0,0.0,0.0,0.0,0.0,0.0,972412787208.8596,17538086.74496759,828459.4829181061,1.0553640872450272e-64,0.0,0.0,0.0,0.0,1743223834976.9963,121484.92678871933,27589410.710194863,3.514565046285153e-63,0.0,0.0,0.0,0.0,649495038122.4404,110412704917.5691,1416085781024.605,62589837.950572334
0.36,-1,-1,1,-47152.340814628704,0.0,-0.000471523408146287,0.0,9.130574089632637e+23,1.104058685256636e+23,1.4160298163163278e+24,0.0,1416581947763.7302,110405868525.66357,1416029816316.3274,0.0,970312336605.1182,0.0,0.0,0.0,0.0,0.0,0.0,0.0,649494459531.4722,110405868525.66344,1416029816316.3242,0.0,-203224848372.85895,0.0,0.0,0.0,0.0,0.0,0.0,0.0,0.0,0.0,0.0,0.0,-4947736672583836.0,0.0,0.0,0.0,-7676.269185120698,0.0,0.0,0.0,-970312336605.1182,0.0,0.0,0.0,1727721735267.9436,0.0,0.0,0.0,0.0,0.0,0.0,0.0,203224848372.85895,0.0,0.0,0.0,-960634254711.9542,0.0,0.0,0.0,7.127751168380498e-18,-47152.340814626536,7.127751168380497e-26,-0.00047152340814626527,9.130574040155275e+23,1.104058685256636e+23,1.4160298163163278e+24,0.0,1416581940087.462,110405868525.66357,1416029816316.3274,0.0,0.0,0.0,0.0,0.0,1727721735267.9436,0.0,0.0,0.0,649494459531.4722,110405868525.66344,1416029816316.3242,0.0,0.0,0.0,0.0,0.0,-960634254711.9542,0.0,0.0,0.0,0.0,0.0,0.0,0.0,972412718623.763,17538098.848918077,828456.6848623762,1.0553605235436005e-64,0.0,0.0,0.0,0.0,1743223851601.5017,121482.31267507143,27589424.70005751,3.5145668281358733e-63,0.0,0.0,0.0,0.0,649495038122.4401,110412704917.5689,1416085781024.6047,62589837.95057235
0.38,-1,-1,1,-47136.9863424521,0.0,-0.0004713698634245209,0.0,9.124397065666888e+23,1.1040586835197338e+23,1.416029812894603e+24,0.0,1415623600505.9473,110405868351.97334,1416029812894.6028,0.0,970302379799.2639,0.0,0.0,0.0,0.0,0.0,0.0,0.0,649494457561.4884,110405868351.97322,1416029812894.6,0.0,-204173236854.80627,0.0,0.0,0.0,0.0,0.0,0.0,0.0,0.0,0.0,0.0,0.0,-4749328949549813.0,0.0,0.0,0.0,-7368.445387856915,0.0,0.0,0.0,-970302379799.2639,0.0,0.0,0.0,1727706505457.9102,0.0,0.0,0.0,0.0,0.0,0.0,0.0,204173236854.80627,0.0,0.0,0.0,-961577369881.8978,0.0,0.0,0.0,5.8655737200268785e-18,-47136.98634244975,5.865573720026878e-26,-0.00047136986342449745,9.124397018173602e+23,1.1040586835197338e+23,1.416029812894603e+24,0.0,1415623593137.5024,110405868351.97334,1416029812894.6028,0.0,0.0,0.0,0.0,0.0,1727706505457.9102,0.0,0.0,0.0,649494457561.4884,110405868351.97322,1416029812894.6,0.0,0.0,0.0,0.0,0.0,-961577369881.8978,0.0,0.0,0.0,0.0,0.0,0.0,0.0,972412649362.9149,17538111.084124085,828453.8453413876,1.0553569070332778e-64,0.0,0.0,0.0,0.0,1743223868389.727,121479.66993127573,27589438.89724028,3.5145686363910254e-63,0.0,0.0,0.0,0.0,649495038122.4393,110412704917.56888,1416085781024.6042,62589837.95057231
0.4,-1,-1,1,-47121.39018952003,0.0,-0.0004712139018952003,0.0,9.118122814799584e+23,1.1040586817627391e+23,1.4160298094198244e+24,0.0,1414650168777.8748,110405868176.27388,1416029809419.824,0.0,970292266652.3182,0.0,0.0,0.0,0.0,0.0,0.0,0.0,649494455553.728,110405868176.27371,1416029809419.822,0.0,-205136553428.17224,0.0,0.0,0.0,0.0,0.0,0.0,0.0,0.0,0.0,0.0,0.0,-4553053407024164.0,0.0,0.0,0.0,-7063.929606483354,0.0,0.0,0.0,-970292266652.3182,0.0,0.0,0.0,1727691035837.6643,0.0,0.0,0.0,0.0,0.0,0.0,0.0,205136553428.17224,0.0,0.0,0.0,-962535329677.4479,0.0,0.0,0.0,7.127751168380498e-18,-47121.390189517675,7.127751168380497e-26,-0.00047121390189517665,9.118122769269045e+23,1.1040586817627391e+23,1.4160298094198244e+24,0.0,1414650161713.9446,110405868176.27388,1416029809419.824,0.0,0.0,0.0,0.0,0.0,1727691035837.6643,0.0,0.0,0.0,649494455553.728,110405868176.27371,1416029809419.822,0.0,0.0,0.0,0.0,0.0,-962535329677.4479,0.0,0.0,0.0,0.0,0.0,0.0,0.0,972412579395.7468,17538123.456471626,828450.9623405718,1.0553532351482065e-64,0.0,0.0,0.0,0.0,1743223885349.0771,121476.99727296812,27589453.311815605,3.5145704723335644e-63,0.0,0.0,0.0,0.0,649495038122.4395,110412704917.56894,1416085781024.604,62589837.95057231
0.42,-1,-1,1,-47105.54010376388,0.0,-0.0004710554010376387,0.0,9.111746408087313e+23,1.1040586799847641e+23,1.4160298058893272e+24,0.0,1413660887868.3142,110405867998.47638,1416029805889.327,0.0,970281989241.3923,0.0,0.0,0.0,0.0,0.0,0.0,0.0,649494453506.2478,110405867998.47627,1416029805889.3252,0.0,-206115554879.327,0.0,0.0,0.0,0.0,0.0,0.0,0.0,0.0,0.0,0.0,0.0,-4358960322530171.0,0.0,0.0,0.0,-6762.7998451114345,0.0,0.0,0.0,-970281989241.3923,0.0,0.0,0.0,1727675314249.2742,0.0,0.0,0.0,0.0,0.0,0.0,0.0,206115554879.327,0.0,0.0,0.0,-963508886650.0085,0.0,0.0,0.0,5.8655737200268785e-18,-47105.54010376165,5.865573720026878e-26,-0.0004710554010376164,9.111746364497703e+23,1.1040586799847641e+23,1.4160298058893272e+24,0.0,1413660881105.5134,110405867998.47638,1416029805889.327,0.0,0.0,0.0,0.0,0.0,1727675314249.2742,0.0,0.0,0.0,649494453506.2478,110405867998.47627,1416029805889.3252,0.0,0.0,0.0,0.0,0.0,-963508886650.0085,0.0,0.0,0.0,0.0,0.0,0.0,0.0,972412508689.3511,17538135.972318806,828448.0336720557,1.0553495051017979e-64,0.0,0.0,0.0,0.0,1743223902487.5244,121474.29331229212,27589467.9547225,3.514572337356769e-63,0.0,0.0,0.0,0.0,649495038122.4406,110412704917.56915,1416085781024.6047,62589837.95057235
0.44,-1,-1,1,-47089.4227395827,0.0,-0.0004708942273958269,0.0,9.10526247666403e+23,1.1040586781848378e+23,1.416029802300205e+24,0.0,1412654924813.3525,110405867818.48375,1416029802300.2046,0.0,970271538936.7185,0.0,0.0,0.0,0.0,0.0,0.0,0.0,649494451416.9258,110405867818.48361,1416029802300.203,0.0,-207111065540.29138,0.0,0.0,0.0,0.0,0.0,0.0,0.0,0.0,0.0,0.0,0.0,-4167025486735648.0,0.0,0.0,0.0,-6465.018543668146,0.0,0.0,0.0,-970271538936.7185,0.0,0.0,0.0,1727659327449.6384,0.0,0.0,0.0,0.0,0.0,0.0,0.0,207111065540.29138,0.0,0.0,0.0,-964498860518.2292,0.0,0.0,0.0,6.496662444203688e-18,-47089.42273958018,6.496662444203687e-26,-0.00047089422739580175,9.105262434993776e+23,1.1040586781848378e+23,1.416029802300205e+24,0.0,1412654918348.3342,110405867818.48375,1416029802300.2046,0.0,0.0,0.0,0.0,0.0,1727659327449.6384,0.0,0.0,0.0,649494451416.9258,110405867818.48361,1416029802300.203,0.0,0.0,0.0,0.0,0.0,-964498860518.2292,0.0,0.0,0.0,0.0,0.0,0.0,0.0,972412437208.1392,17538148.63855514,828445.0569530796,1.0553457138592063e-64,0.0,0.0,0.0,0.0,1743223919813.7056,121471.5565448858,27589482.83787492,3.5145742329780696e-63,0.0,0.0,0.0,0.0,649495038122.439,110412704917.56853,1416085781024.604,62589837.950572334
0.46,-1,-1,1,-47073.02351500482,0.0,-0.00047073023515004813,0.0,9.098665154278669e+23,1.1040586763619298e+23,1.4160297986492863e+24,0.0,1411631369481.2415,110405867636.19296,1416029798649.2861,0.0,970260906309.3004,0.0,0.0,0.0,0.0,0.0,0.0,0.0,649494449283.4526,110405867636.1928,1416029798649.2842,0.0,-208123986111.51242,0.0,0.0,0.0,0.0,0.0,0.0,0.0,0.0,0.0,0.0,0.0,-3977300133929303.5,0.0,0.0,0.0,-6170.66519065857,0.0,0.0,0.0,-970260906309.3004,0.0,0.0,0.0,1727643060968.6729,0.0,0.0,0.0,0.0,0.0,0.0,0.0,208123986111.51242,0.0,0.0,0.0,-965506146941.5502,0.0,0.0,0.0,7.127751168380498e-18,-47073.02351500255,7.127751168380497e-26,-0.0004707302351500254,9.098665114505673e+23,1.1040586763619298e+23,1.4160297986492863e+24,0.0,1411631363310.5771,110405867636.19296,1416029798649.2861,0.0,0.0,0.0,0.0,0.0,1727643060968.6729,0.0,0.0,0.0,649494449283.4526,110405867636.1928,1416029798649.2842,0.0,0.0,0.0,0.0,0.0,-965506146941.5502,0.0,0.0,0.0,0.0,0.0,0.0,0.0,972412364913.4874,17538161.462671816,828442.0295804928,1.0553418581048814e-64,0.0,0.0,0.0,0.0,1743223937336.9612,121468.78533468067,27589497.974287577,3.5145761608552326e-63,0.0,0.0,0.0,0.0,649495038122.4398,110412704917.569,1416085781024.6038,62589837.95057231
0.48,-1,-1,1,-47056.32644381488,0.0,-0.0004705632644381488,0.0,9.091948009759851e+23,1.1040586745148763e+23,1.4160297949330952e+24,0.0,1410589224094.4927,110405867451.48761,1416029794933.0947,0.0,970250081022.3555,0.0,0.0,0.0,0.0,0.0,0.0,0.0,649494447103.2828,110405867451.48741,1416029794933.0938,0.0,-209155304031.14648,0.0,0.0,0.0,0.0,0.0,0.0,0.0,0.0,0.0,0.0,0.0,-3789789369768250.5,0.0,0.0,0.0,-5879.74770736085,0.0,0.0,0.0,-970250081022.3555,0.0,0.0,0.0,1727626498942.7957,0.0,0.0,0.0,0.0,0.0,0.0,0.0,209155304031.14648,0.0,0.0,0.0,-966531727831.3357,0.0,0.0,0.0,6.496662444203688e-18,-47056.326443812606,6.496662444203687e-26,-0.000470563264438126,9.091947971861957e+23,1.1040586745148763e+23,1.4160297949330952e+24,0.0,1410589218214.745,110405867451.48761,1416029794933.0947,0.0,0.0,0.0,0.0,0.0,1727626498942.7957,0.0,0.0,0.0,649494447103.2828,110405867451.48741,1416029794933.0938,0.0,0.0,0.0,0.0,0.0,-966531727831.3357,0.0,0.0,0.0,0.0,0.0,0.0,0.0,972412291763.2777,17538174.45284424,828438.9487006139,1.0553379342041078e-64,0.0,0.0,0.0,0.0,1743223955067.4922,121465.97789593444,27589513.378228728,3.5145781228056176e-63,0.0,0.0,0.0,0.0,649495038122.4387,110412704917.56873,1416085781024.6038,62589837.9505723
0.5,-1,-1,1,-47039.31393703928,0.0,-0.00047039313937039277,0.0,9.085103967154929e+23,1.1040586726424378e+23,1.4160297911478076e+24,0.0,1409527390839.6848,110405867264.24376,1416029791147.8071,0.0,970239051702.9268,0.0,0.0,0.0,0.0,0.0,0.0,0.0,649494444873.6243,110405867264.24362,1416029791147.8052,0.0,-210206105736.86664,0.0,0.0,0.0,0.0,0.0,0.0,0.0,0.0,0.0,0.0,0.0,-3604498973119570.0,0.0,0.0,0.0,-5592.275059518766,0.0,0.0,0.0,-970239051702.9268,0.0,0.0,0.0,1727609623917.943,0.0,0.0,0.0,0.0,0.0,0.0,0.0,210206105736.86664,0.0,0.0,0.0,-967576683544.1573,0.0,0.0,0.0,7.127751168380498e-18,-47039.31393703698,7.127751168380497e-26,-0.00047039313937036973,9.085103931109941e+23,1.1040586726424378e+23,1.4160297911478076e+24,0.0,1409527385247.4102,110405867264.24376,1416029791147.8071,0.0,0.0,0.0,0.0,0.0,1727609623917.943,0.0,0.0,0.0,649494444873.6243,110405867264.24362,1416029791147.8052,0.0,0.0,0.0,0.0,0.0,-967576683544.1573,0.0,0.0,0.0,0.0,0.0,0.0,0.0,972412217711.3563,17538187.618029717,828435.8111740581,1.0553339381583052e-64,0.0,0.0,0.0,0.0,1743223973016.5017,121463.13227199693,27589529.065394897,3.5145801208285155e-63,0.0,0.0,0.0,0.0,649495038122.4392,110412704917.56891,1416085781024.6035,62589837.9505723
0.52,-1,-1,1,-47021.96656663906,0.0,-0.0004702196656663905,0.0,9.07812521066492e+23,1.1040586707432296e+23,1.4160297872892007e+24,0.0,1408444657118.3943,110405867074.32294,1416029787289.2002,0.0,970227805789.0758,0.0,0.0,0.0,0.0,0.0,0.0,0.0,649494442591.3843,110405867074.32281,1416029787289.1975,0.0,-211277591262.0677,0.0,0.0,0.0,0.0,0.0,0.0,0.0,0.0,0.0,0.0,0.0,-3421449960920707.5,0.0,0.0,0.0,-5308.279854297969,0.0,0.0,0.0,-970227805789.0758,0.0,0.0,0.0,1727592416615.0076,0.0,0.0,0.0,0.0,0.0,0.0,0.0,211277591262.0677,0.0,0.0,0.0,-968642207396.2786,0.0,0.0,0.0,7.127751168380498e-18,-47021.96656663689,7.127751168380497e-26,-0.00047021966566636883,9.078125176450418e+23,1.1040586707432296e+23,1.4160297872892007e+24,0.0,1408444651810.1143,110405867074.32294,1416029787289.2002,0.0,0.0,0.0,0.0,0.0,1727592416615.0076,0.0,0.0,0.0,649494442591.3843,110405867074.32281,1416029787289.1975,0.0,0.0,0.0,0.0,0.0,-968642207396.2786,0.0,0.0,0.0,0.0,0.0,0.0,0.0,972412142706.8883,17538200.96808453,828432.613533336,1.0553298655509035e-64,0.0,0.0,0.0,0.0,1743223991196.2876,121460.24630996582,27589545.053123053,3.5145821571322177e-63,0.0,0.0,0.0,0.0,649495038122.4406,110412704917.56924,1416085781024.6045,62589837.950572304
0.54,-1,-1,1,-47004.262782185186,0.0,-0.0004700426278218518,0.0,9.071003070664263e+23,1.1040586688157213e+23,1.4160297833525818e+24,0.0,1407339677863.494,110405866881.5721,1416029783352.5815,0.0,970216329346.6072,0.0,0.0,0.0,0.0,0.0,0.0,0.0,649494440253.1296,110405866881.57195,1416029783352.5798,0.0,-212371091736.2444,0.0,0.0,0.0,0.0,0.0,0.0,0.0,0.0,0.0,0.0,0.0,-3240661249839585.5,0.0,0.0,0.0,-5027.791440357182,0.0,0.0,0.0,-970216329346.6072,0.0,0.0,0.0,1727574855648.7737,0.0,0.0,0.0,0.0,0.0,0.0,0.0,212371091736.2444,0.0,0.0,0.0,-969729623066.2012,0.0,0.0,0.0,5.8655737200268785e-18,-47004.2627821828,5.865573720026878e-26,-0.0004700426278218279,9.071003038257655e+23,1.1040586688157213e+23,1.4160297833525818e+24,0.0,1407339672835.7031,110405866881.5721,1416029783352.5815,0.0,0.0,0.0,0.0,0.0,1727574855648.7737,0.0,0.0,0.0,649494440253.1296,110405866881.57195,1416029783352.5798,0.0,0.0,0.0,0.0,0.0,-969729623066.2012,0.0,0.0,0.0,0.0,0.0,0.0,0.0,972412066693.5466,17538214.513904873,828429.3519323212,1.0553257114830854e-64,0.0,0.0,0.0,0.0,1743224009620.504,121457.31763017541,27589561.360643134,3.514584234166127e-63,0.0,0.0,0.0,0.0,649495038122.4403,110412704917.56886,1416085781024.6045,62589837.95057231
0.56,-1,-1,1,-46986.178568492636,0.0,-0.0004698617856849263,0.0,9.063727885968979e+23,1.1040586668582274e+23,1.4160297793327345e+24,0.0,1406210954170.4583,110405866685.82271,1416029779332.7341,0.0,970204606847.6234,0.0,0.0,0.0,0.0,0.0,0.0,0.0,649494437855.031,110405866685.82256,1416029779332.733,0.0,-213488090532.1975,0.0,0.0,0.0,0.0,0.0,0.0,0.0,0.0,0.0,0.0,0.0,-3062149848224477.0,0.0,0.0,0.0,-4750.836205652835,0.0,0.0,0.0,-970204606847.6234,0.0,0.0,0.0,1727556917188.161,0.0,0.0,0.0,0.0,0.0,0.0,0.0,213488090532.1975,0.0,0.0,0.0,-970840405623.5725,0.0,0.0,0.0,7.127751168380498e-18,-46986.17856849033,7.127751168380497e-26,-0.0004698617856849032,9.06372785534749e+23,1.1040586668582274e+23,1.4160297793327345e+24,0.0,1406210949419.6235,110405866685.82271,1416029779332.7341,0.0,0.0,0.0,0.0,0.0,1727556917188.161,0.0,0.0,0.0,649494437855.031,110405866685.82256,1416029779332.733,0.0,0.0,0.0,0.0,0.0,-970840405623.5725,0.0,0.0,0.0,0.0,0.0,0.0,0.0,972411989608.5309,17538228.267598882,828426.0220851689,1.0553214704958108e-64,0.0,0.0,0.0,0.0,1743224028304.3472,121454.34358900554,27589578.00938356,3.5145863546597626e-63,0.0,0.0,0.0,0.0,649495038122.4396,110412704917.56883,1416085781024.6045,62589837.95057231
0.58,-1,-1,1,-46967.68702835498,0.0,-0.00046967687028354974,0.0,9.056288835972748e+23,1.104058664868852e+23,1.4160297752238105e+24,0.0,1405056807253.7668,110405866486.88518,1416029775223.81,0.0,970192620900.5603,0.0,0.0,0.0,0.0,0.0,0.0,0.0,649494435392.7988,110405866486.88501,1416029775223.8083,0.0,-214630249039.5911,0.0,0.0,0.0,0.0,0.0,0.0,0.0,0.0,0.0,0.0,0.0,-2885927645190288.0,0.0,0.0,0.0,-4477.43259580005,0.0,0.0,0.0,-970192620900.5603,0.0,0.0,0.0,1727538574542.236,0.0,0.0,0.0,0.0,0.0,0.0,0.0,214630249039.5911,0.0,0.0,0.0,-971976207158.7003,0.0,0.0,0.0,5.8655737200268785e-18,-46967.687028352666,5.865573720026878e-26,-0.0004696768702835266,9.056288807113475e+23,1.104058664868852e+23,1.4160297752238105e+24,0.0,1405056802776.3347,110405866486.88518,1416029775223.81,0.0,0.0,0.0,0.0,0.0,1727538574542.236,0.0,0.0,0.0,649494435392.7988,110405866486.88501,1416029775223.8083,0.0,0.0,0.0,0.0,0.0,-971976207158.7003,0.0,0.0,0.0,0.0,0.0,0.0,0.0,972411911381.3137,17538242.24269728,828422.619191499,1.0553171364747382e-64,0.0,0.0,0.0,0.0,1743224047264.9263,121451.32123346202,27589595.02334583,3.5145885216702993e-63,0.0,0.0,0.0,0.0,649495038122.4397,110412704917.56894,1416085781024.6045,62589837.95057233
0.6,-1,-1,1,-46948.75786918982,0.0,-0.0004694875786918982,0.0,9.048673734127212e+23,1.1040586628454713e+23,1.416029771019223e+24,0.0,1403875346405.9744,110405866284.5471,1416029771019.2227,0.0,970180351918.0408,0.0,0.0,0.0,0.0,0.0,0.0,0.0,649494432861.5906,110405866284.54694,1416029771019.2212,0.0,-215799438373.65753,0.0,0.0,0.0,0.0,0.0,0.0,0.0,0.0,0.0,0.0,0.0,-2711998506613146.5,0.0,0.0,0.0,-4207.586608592921,0.0,0.0,0.0,-970180351918.0408,0.0,0.0,0.0,1727519797650.795,0.0,0.0,0.0,0.0,0.0,0.0,0.0,215799438373.65753,0.0,0.0,0.0,-973138888313.9972,0.0,0.0,0.0,5.8655737200268785e-18,-46948.75786918743,5.865573720026878e-26,-0.00046948757869187425,9.048673707007232e+23,1.1040586628454713e+23,1.416029771019223e+24,0.0,1403875342198.3887,110405866284.5471,1416029771019.2227,0.0,0.0,0.0,0.0,0.0,1727519797650.795,0.0,0.0,0.0,649494432861.5906,110405866284.54694,1416029771019.2212,0.0,0.0,0.0,0.0,0.0,-973138888313.9972,0.0,0.0,0.0,0.0,0.0,0.0,0.0,972411831932.0818,17538256.454416297,828419.137844699,1.0553127025332695e-64,0.0,0.0,0.0,0.0,1743224066521.5715,121448.24724460441,27589612.429562144,3.5145907386410397e-63,0.0,0.0,0.0,0.0,649495038122.44,110412704917.56898,1416085781024.6042,62589837.95057231
0.62,-1,-1,1,-46929.35676487462,0.0,-0.0004692935676487461,0.0,9.040868771211836e+23,1.1040586607856761e+23,1.4160297667115088e+24,0.0,1402664429166.7788,110405866078.56758,1416029766711.5083,0.0,970167777703.8807,0.0,0.0,0.0,0.0,0.0,0.0,0.0,649494430255.916,110405866078.56741,1416029766711.5066,0.0,-216997778793.01996,0.0,0.0,0.0,0.0,0.0,0.0,0.0,0.0,0.0,0.0,0.0,-2540371325637901.0,0.0,0.0,0.0,-3941.3120414863824,0.0,0.0,0.0,-970167777703.8807,0.0,0.0,0.0,1727500552451.2148,0.0,0.0,0.0,0.0,0.0,0.0,0.0,216997778793.01996,0.0,0.0,0.0,-974330557481.6656,0.0,0.0,0.0,7.127751168380498e-18,-46929.35676487253,7.127751168380497e-26,-0.00046929356764872525,9.040868745808105e+23,1.1040586607856761e+23,1.4160297667115088e+24,0.0,1402664425225.464,110405866078.56758,1416029766711.5083,0.0,0.0,0.0,0.0,0.0,1727500552451.2148,0.0,0.0,0.0,649494430255.916,110405866078.56741,1416029766711.5066,0.0,0.0,0.0,0.0,0.0,-974330557481.6656,0.0,0.0,0.0,0.0,0.0,0.0,0.0,972411751169.6825,17538270.91998838,828415.5719175762,1.055308160866971e-64,0.0,0.0,0.0,0.0,1743224086096.3745,121445.11786662221,27589630.25866767,3.5145930094741924e-63,0.0,0.0,0.0,0.0,649495038122.4396,110412704917.56888,1416085781024.6045,62589837.95057234
0.64,-1,-1,1,-46909.44455322223,0.0,-0.00046909444553222226,0.0,9.032858192482135e+23,1.1040586586867273e+23,1.4160297622921533e+24,0.0,1401421611233.5103,110405865868.6727,1416029762292.1528,0.0,970154872933.6012,0.0,0.0,0.0,0.0,0.0,0.0,0.0,649494427569.4983,110405865868.67252,1416029762292.151,0.0,-218227689269.59015,0.0,0.0,0.0,0.0,0.0,0.0,0.0,0.0,0.0,0.0,0.0,-2371081540804288.0,0.0,0.0,0.0,-3678.663876341542,0.0,0.0,0.0,-970154872933.6012,0.0,0.0,0.0,1727480800082.178,0.0,0.0,0.0,0.0,0.0,0.0,0.0,218227689269.59015,0.0,0.0,0.0,-975553620096.8322,0.0,0.0,0.0,7.127751168380498e-18,-46909.44455322004,7.127751168380497e-26,-0.00046909444553220036,9.032858168771318e+23,1.1040586586867273e+23,1.4160297622921533e+24,0.0,1401421607554.846,110405865868.6727,1416029762292.1528,0.0,0.0,0.0,0.0,0.0,1727480800082.178,0.0,0.0,0.0,649494427569.4983,110405865868.67252,1416029762292.151,0.0,0.0,0.0,0.0,0.0,-975553620096.8322,0.0,0.0,0.0,0.0,0.0,0.0,0.0,972411668988.9515,17538285.65908618,828411.9144186024,1.0553035025704415e-64,0.0,0.0,0.0,0.0,1743224106014.7866,121441.9288160107,27589648.545618474,3.5145953386224467e-63,0.0,0.0,0.0,0.0,649495038122.4401,110412704917.56882,1416085781024.605,62589837.95057236
0.66,-1,-1,1,-46888.976213657836,0.0,-0.0004688897621365783,0.0,9.02462388639507e+23,1.1040586565454693e+23,1.4160297577513595e+24,0.0,1400144082653.074,110405865654.5469,1416029757751.3591,0.0,970141608492.4874,0.0,0.0,0.0,0.0,0.0,0.0,0.0,649494424795.11,110405865654.5467,1416029757751.3574,0.0,-219491950634.52374,0.0,0.0,0.0,0.0,0.0,0.0,0.0,0.0,0.0,0.0,0.0,-2204115953748467.2,0.0,0.0,0.0,-3419.6216362817336,0.0,0.0,0.0,-970141608492.4874,0.0,0.0,0.0,1727460495869.4924,0.0,0.0,0.0,0.0,0.0,0.0,0.0,219491950634.52374,0.0,0.0,0.0,-976810841431.154,0.0,0.0,0.0,5.8655737200268785e-18,-46888.9762136555,5.865573720026878e-26,-0.00046888976213655493,9.024623864353914e+23,1.1040586565454693e+23,1.4160297577513595e+24,0.0,1400144079233.453,110405865654.5469,1416029757751.3591,0.0,0.0,0.0,0.0,0.0,1727460495869.4924,0.0,0.0,0.0,649494424795.11,110405865654.5467,1416029757751.3574,0.0,0.0,0.0,0.0,0.0,-976810841431.154,0.0,0.0,0.0,0.0,0.0,0.0,0.0,972411585267.0935,17538300.694375988,828408.1573080859,1.0552987174033027e-64,0.0,0.0,0.0,0.0,1743224126306.5732,121438.67516377926,27589667.330612272,3.5145977312060205e-63,0.0,0.0,0.0,0.0,649495038122.4395,110412704917.5689,1416085781024.6045,62589837.95057233
0.68,-1,-1,1,-46867.89954587409,0.0,-0.00046867899545874087,0.0,9.016144853038523e+23,1.10405865435823e+23,1.4160297530777718e+24,0.0,1398828585350.3347,110405865435.82298,1416029753077.7715,0.0,970127950619.6663,0.0,0.0,0.0,0.0,0.0,0.0,0.0,649494421924.3523,110405865435.8228,1416029753077.7695,0.0,-220793787193.68417,0.0,0.0,0.0,0.0,0.0,0.0,0.0,0.0,0.0,0.0,0.0,-2039476125754116.8,0.0,0.0,0.0,-3164.187743593058,0.0,0.0,0.0,-970127950619.6663,0.0,0.0,0.0,1727439588015.197,0.0,0.0,0.0,0.0,0.0,0.0,0.0,220793787193.68417,0.0,0.0,0.0,-978105427753.4038,0.0,0.0,0.0,5.8655737200268785e-18,-46867.89954587168,5.865573720026878e-26,-0.00046867899545871675,9.016144832643762e+23,1.10405865435823e+23,1.4160297530777718e+24,0.0,1398828582186.147,110405865435.82298,1416029753077.7715,0.0,0.0,0.0,0.0,0.0,1727439588015.197,0.0,0.0,0.0,649494421924.3523,110405865435.8228,1416029753077.7695,0.0,0.0,0.0,0.0,0.0,-978105427753.4038,0.0,0.0,0.0,0.0,0.0,0.0,0.0,972411499858.6638,17538316.05225679,828404.2912611506,1.0552937934883169e-64,0.0,0.0,0.0,0.0,1743224147006.984,121435.35117864003,27589686.6602721,3.5146001931635115e-63,0.0,0.0,0.0,0.0,649495038122.4395,110412704917.56892,1416085781024.6038,62589837.95057233
0.7000000000000001,-1,-1,1,-46846.15343376809,0.0,-0.00046846153433768086,0.0,9.00739650572215e+23,1.1040586521206918e+23,1.41602974825809e+24,0.0,1397471304771.974,110405865212.06915,1416029748258.0896,0.0,970113859782.9532,0.0,0.0,0.0,0.0,0.0,0.0,0.0,649494418947.368,110405865212.06898,1416029748258.087,0.0,-222136973958.34805,0.0,0.0,0.0,0.0,0.0,0.0,0.0,0.0,0.0,0.0,0.0,-1877177094529012.5,0.0,0.0,0.0,-2912.385528840672,0.0,0.0,0.0,-970113859782.9532,0.0,0.0,0.0,1727418015875.4194,0.0,0.0,0.0,0.0,0.0,0.0,0.0,222136973958.34805,0.0,0.0,0.0,-979441132963.1992,0.0,0.0,0.0,5.8655737200268785e-18,-46846.15343376574,5.865573720026878e-26,-0.00046846153433765733,9.007396486950375e+23,1.1040586521206918e+23,1.41602974825809e+24,0.0,1397471301859.5881,110405865212.06915,1416029748258.0896,0.0,0.0,0.0,0.0,0.0,1727418015875.4194,0.0,0.0,0.0,649494418947.368,110405865212.06898,1416029748258.087,0.0,0.0,0.0,0.0,0.0,-979441132963.1992,0.0,0.0,0.0,0.0,0.0,0.0,0.0,972411412588.3575,17538331.76387621,828400.3053547116,1.055288716912694e-64,0.0,0.0,0.0,0.0,1743224168158.4863,121431.9501130824,27589706.58921146,3.514602731451331e-63,0.0,0.0,0.0,0.0,649495038122.4402,110412704917.56915,1416085781024.6045,62589837.95057234
0.72,-1,-1,1,-46823.6655216923,0.0,-0.0004682366552169229,0.0,8.998349736145441e+23,1.1040586498276803e+23,1.4160297432765472e+24,0.0,1396067724850.0396,110405864982.768,1416029743276.5469,0.0,970099289171.6403,0.0,0.0,0.0,0.0,0.0,0.0,0.0,649494415852.4427,110405864982.76784,1416029743276.5442,0.0,-223525980174.04355,0.0,0.0,0.0,0.0,0.0,0.0,0.0,0.0,0.0,0.0,0.0,-1717229021245071.8,0.0,0.0,0.0,-2664.230756786534,0.0,0.0,0.0,-970099289171.6403,0.0,0.0,0.0,1727395707655.645,0.0,0.0,0.0,0.0,0.0,0.0,0.0,223525980174.04355,0.0,0.0,0.0,-980822401322.2802,0.0,0.0,0.0,7.127751168380498e-18,-46823.66552168999,7.127751168380497e-26,-0.0004682366552168998,8.998349718973147e+23,1.1040586498276803e+23,1.4160297432765472e+24,0.0,1396067722185.808,110405864982.768,1416029743276.5469,0.0,0.0,0.0,0.0,0.0,1727395707655.645,0.0,0.0,0.0,649494415852.4427,110405864982.76784,1416029743276.5442,0.0,0.0,0.0,0.0,0.0,-980822401322.2802,0.0,0.0,0.0,0.0,0.0,0.0,0.0,972411323240.1721,17538347.866572756,828396.1866479141,1.0552834711941966e-64,0.0,0.0,0.0,0.0,1743224189813.4268,121428.46390185723,27589727.18213309,3.514605354310577e-63,0.0,0.0,0.0,0.0,649495038122.4398,110412704917.569,1416085781024.6038,62589837.95057233
0.74,-1,-1,1,-46800.34903780604,0.0,-0.0004680034903780603,0.0,8.988969636448426e+23,1.1040586474728925e+23,1.416029738114228e+24,0.0,1394612429731.8386,110405864747.28922,1416029738114.2275,0.0,970084182633.9202,0.0,0.0,0.0,0.0,0.0,0.0,0.0,649494412625.4766,110405864747.28903,1416029738114.2258,0.0,-224966165527.55927,0.0,0.0,0.0,0.0,0.0,0.0,0.0,0.0,0.0,0.0,0.0,-1559622860982748.8,0.0,0.0,0.0,-2419.709394501693,0.0,0.0,0.0,-970084182633.9202,0.0,0.0,0.0,1727372577260.4287,0.0,0.0,0.0,0.0,0.0,0.0,0.0,224966165527.55927,0.0,0.0,0.0,-982254562573.7789,0.0,0.0,0.0,7.127751168380498e-18,-46800.34903780372,7.127751168380497e-26,-0.0004680034903780371,8.988969620852197e+23,1.1040586474728925e+23,1.416029738114228e+24,0.0,1394612427312.1292,110405864747.28922,1416029738114.2275,0.0,0.0,0.0,0.0,0.0,1727372577260.4287,0.0,0.0,0.0,649494412625.4766,110405864747.28903,1416029738114.2258,0.0,0.0,0.0,0.0,0.0,-982254562573.7789,0.0,0.0,0.0,0.0,0.0,0.0,0.0,972411231540.4244,17538364.40600987,828391.9196062101,1.0552780365474854e-64,0.0,0.0,0.0,0.0,1743224212038.1138,121424.8827206055,27589748.51670698,3.514608071633923e-63,0.0,0.0,0.0,0.0,649495038122.4398,110412704917.56897,1416085781024.6045,62589837.95057232
0.76,-1,-1,1,-46776.09834686661,0.0,-0.000467760983468666,0.0,8.979213710123039e+23,1.1040586450484418e+23,1.4160297327480673e+24,0.0,1393098826208.0525,110405864504.84415,1416029732748.067,0.0,970068471785.0983,0.0,0.0,0.0,0.0,0.0,0.0,0.0,649494409249.205,110405864504.84401,1416029732748.0642,0.0,-226464054826.25186,0.0,0.0,0.0,0.0,0.0,0.0,0.0,0.0,0.0,0.0,0.0,-1404374848213152.5,0.0,0.0,0.0,-2178.846629294723,0.0,0.0,0.0,-970068471785.0983,0.0,0.0,0.0,1727348519884.285,0.0,0.0,0.0,0.0,0.0,0.0,0.0,226464054826.25186,0.0,0.0,0.0,-983744105104.2839,0.0,0.0,0.0,7.127751168380498e-18,-46776.09834686418,7.127751168380497e-26,-0.0004677609834686417,8.979213696079282e+23,1.1040586450484418e+23,1.4160297327480673e+24,0.0,1393098824029.2046,110405864504.84415,1416029732748.067,0.0,0.0,0.0,0.0,0.0,1727348519884.285,0.0,0.0,0.0,649494409249.205,110405864504.84401,1416029732748.0642,0.0,0.0,0.0,0.0,0.0,-983744105104.2839,0.0,0.0,0.0,0.0,0.0,0.0,0.0,972411137129.6564,17538381.439475548,828387.4852922477,1.0552723888541951e-64,0.0,0.0,0.0,0.0,1743224234919.669,121421.19431116305,27589770.68761732,3.514610895480576e-63,0.0,0.0,0.0,0.0,649495038122.4393,110412704917.56876,1416085781024.6042,62589837.95057232
0.78,-1,-1,1,-46750.782556529884,0.0,-0.0004675078255652988,0.0,8.969029299861832e+23,1.1040586425441465e+23,1.416029727149429e+24,0.0,1391518744650.9656,110405864254.41463,1416029727149.4287,0.0,970052071841.788,0.0,0.0,0.0,0.0,0.0,0.0,0.0,649494405702.0792,110405864254.41449,1416029727149.4263,0.0,-228027732892.90268,0.0,0.0,0.0,0.0,0.0,0.0,0.0,0.0,0.0,0.0,0.0,-1251518389203720.0,0.0,0.0,0.0,-1941.6942900155168,0.0,0.0,0.0,-970052071841.788,0.0,0.0,0.0,1727323405674.5938,0.0,0.0,0.0,0.0,0.0,0.0,0.0,228027732892.90268,0.0,0.0,0.0,-985299068667.4044,0.0,0.0,0.0,5.8655737200268785e-18,-46750.782556527556,5.865573720026878e-26,-0.0004675078255652755,8.96902928734664e+23,1.1040586425441465e+23,1.416029727149429e+24,0.0,1391518742709.27,110405864254.41463,1416029727149.4287,0.0,0.0,0.0,0.0,0.0,1727323405674.5938,0.0,0.0,0.0,649494405702.0792,110405864254.41449,1416029727149.4263,0.0,0.0,0.0,0.0,0.0,-985299068667.4044,0.0,0.0,0.0,0.0,0.0,0.0,0.0,972411039513.8588,17538399.04124232,828382.8601946004,1.0552664981716285e-64,0.0,0.0,0.0,0.0,1743224258577.8298,121417.38290020902,27589793.812417686,3.5146138408218525e-63,0.0,0.0,0.0,0.0,649495038122.4386,110412704917.56876,1416085781024.6038,62589837.95057233
0.8,-1,-1,1,-46724.23605328676,0.0,-0.00046724236053286754,0.0,8.958349780214401e+23,1.1040586399463008e+23,1.416029721281985e+24,0.0,1389861848316.2087,110405863994.63005,1416029721281.9846,0.0,970034875439.2588,0.0,0.0,0.0,0.0,0.0,0.0,0.0,649494401956.5571,110405863994.62988,1416029721281.9827,0.0,-229667429079.60938,0.0,0.0,0.0,0.0,0.0,0.0,0.0,0.0,0.0,0.0,0.0,-1101093497320589.5,0.0,0.0,0.0,-1708.314456234959,0.0,0.0,0.0,-970034875439.2588,0.0,0.0,0.0,1727297070355.4329,0.0,0.0,0.0,0.0,0.0,0.0,0.0,229667429079.60938,0.0,0.0,0.0,-986929625704.0966,0.0,0.0,0.0,7.127751168380498e-18,-46724.23605328454,7.127751168380497e-26,-0.0004672423605328453,8.958349769203461e+23,1.1040586399463008e+23,1.416029721281985e+24,0.0,1389861846607.8933,110405863994.63005,1416029721281.9846,0.0,0.0,0.0,0.0,0.0,1727297070355.4329,0.0,0.0,0.0,649494401956.5571,110405863994.62988,1416029721281.9827,0.0,0.0,0.0,0.0,0.0,-986929625704.0966,0.0,0.0,0.0,0.0,0.0,0.0,0.0,972410937975.7483,17538417.31170608,828378.0144817677,1.0552603265095424e-64,0.0,0.0,0.0,0.0,1743224283186.4849,121413.42738065202,27589818.04026134,3.5146169266529036e-63,0.0,0.0,0.0,0.0,649495038122.4393,110412704917.56879,1416085781024.6038,62589837.9505723
0.8200000000000001,-1,-1,1,-46696.244050963796,0.0,-0.00046696244050963785,0.0,8.947088743826727e+23,1.104058637235506e+23,1.416029715098415e+24,0.0,1388114731354.7458,110405863723.55058,1416029715098.4148,0.0,970016743158.4597,0.0,0.0,0.0,0.0,0.0,0.0,0.0,649494397976.4169,110405863723.55038,1416029715098.4128,0.0,-231396409780.13223,0.0,0.0,0.0,0.0,0.0,0.0,0.0,0.0,0.0,0.0,0.0,-953232819517835.9,0.0,0.0,0.0,-1478.9129258346757,0.0,0.0,0.0,-970016743158.4597,0.0,0.0,0.0,1727269300917.8875,0.0,0.0,0.0,0.0,0.0,0.0,0.0,231396409780.13223,0.0,0.0,0.0,-988648969018.474,0.0,0.0,0.0,5.8655737200268785e-18,-46696.244050961446,5.865573720026878e-26,-0.00046696244050961443,8.947088734294396e+23,1.104058637235506e+23,1.416029715098415e+24,0.0,1388114729875.8325,110405863723.55058,1416029715098.4148,0.0,0.0,0.0,0.0,0.0,1727269300917.8875,0.0,0.0,0.0,649494397976.4169,110405863723.55038,1416029715098.4128,0.0,0.0,0.0,0.0,0.0,-988648969018.474,0.0,0.0,0.0,0.0,0.0,0.0,0.0,972410831406.7792,17538436.393704597,828372.9093102625,1.0552538244024228e-64,0.0,0.0,0.0,0.0,1743224309014.364,121409.29810822646,27589843.565359358,3.5146201777064566e-63,0.0,0.0,0.0,0.0,649495038122.4398,110412704917.56885,1416085781024.6042,62589837.950572304
0.84,-1,-1,1,-46666.519806273456,0.0,-0.00046666519806273446,0.0,8.935130835378617e+23,1.1040586343826526e+23,1.4160297085351795e+24,0.0,1386259496724.9937,110405863438.26523,1416029708535.1792,0.0,969997488527.717,0.0,0.0,0.0,0.0,0.0,0.0,0.0,649494393712.3856,110405863438.2651,1416029708535.177,0.0,-233232385515.1101,0.0,0.0,0.0,0.0,0.0,0.0,0.0,0.0,0.0,0.0,0.0,-808132892338894.0,0.0,0.0,0.0,-1253.7946195313411,0.0,0.0,0.0,-969997488527.717,0.0,0.0,0.0,1727239813074.6516,0.0,0.0,0.0,0.0,0.0,0.0,0.0,233232385515.1101,0.0,0.0,0.0,-990474711315.838,0.0,0.0,0.0,5.8655737200268785e-18,-46666.51980627113,5.865573720026878e-26,-0.0004666651980627112,8.935130827297278e+23,1.1040586343826526e+23,1.4160297085351795e+24,0.0,1386259495471.1975,110405863438.26523,1416029708535.1792,0.0,0.0,0.0,0.0,0.0,1727239813074.6516,0.0,0.0,0.0,649494393712.3856,110405863438.2651,1416029708535.177,0.0,0.0,0.0,0.0,0.0,-990474711315.838,0.0,0.0,0.0,0.0,0.0,0.0,0.0,972410717978.581,17538456.50285676,828367.4925328552,1.0552469254440421e-64,0.0,0.0,0.0,0.0,1743224336504.8591,121404.9510200293,27589870.648440953,3.5146236271856525e-63,0.0,0.0,0.0,0.0,649495038122.438,110412704917.5685,1416085781024.6033,62589837.950572304
0.86,-1,-1,1,-46634.66755316587,0.0,-0.00046634667553165863,0.0,8.922316840273153e+23,1.1040586313412295e+23,1.4160297015038775e+24,0.0,1384271442746.4663,110405863134.12292,1416029701503.8772,0.0,969976853500.3038,0.0,0.0,0.0,0.0,0.0,0.0,0.0,649494389094.7513,110405863134.12273,1416029701503.8752,0.0,-235199799848.59073,0.0,0.0,0.0,0.0,0.0,0.0,0.0,0.0,0.0,0.0,0.0,-666273644103179.8,0.0,0.0,0.0,-1033.7041321191396,0.0,0.0,0.0,-969976853500.3038,0.0,0.0,0.0,1727208214612.6301,0.0,0.0,0.0,0.0,0.0,0.0,0.0,235199799848.59073,0.0,0.0,0.0,-992431161994.6202,0.0,0.0,0.0,7.127751168380498e-18,-46634.6675531636,7.127751168380497e-26,-0.00046634667553163586,8.922316833610412e+23,1.1040586313412295e+23,1.4160297015038775e+24,0.0,1384271441712.7615,110405863134.12292,1416029701503.8772,0.0,0.0,0.0,0.0,0.0,1727208214612.6301,0.0,0.0,0.0,649494389094.7513,110405863134.12273,1416029701503.8752,0.0,0.0,0.0,0.0,0.0,-992431161994.6202,0.0,0.0,0.0,0.0,0.0,0.0,0.0,972410594483.8882,17538477.985883024,828361.691621411,1.055239537274115e-64,0.0,0.0,0.0,0.0,1743224366435.7327,121400.31645393888,27589899.652135413,3.514627321270613e-63,0.0,0.0,0.0,0.0,649495038122.44,110412704917.56883,1416085781024.605,62589837.95057234
0.88,-1,-1,1,-46600.12044370137,0.0,-0.00046600120443701366,0.0,8.908418718587037e+23,1.1040586280321194e+23,1.4160296938765133e+24,0.0,1382115189689.9658,110405862803.21191,1416029693876.513,0.0,969954467155.6619,0.0,0.0,0.0,0.0,0.0,0.0,0.0,649494384020.4325,110405862803.21178,1416029693876.5103,0.0,-237333661486.1283,0.0,0.0,0.0,0.0,0.0,0.0,0.0,0.0,0.0,0.0,0.0,-528446160966044.1,0.0,0.0,0.0,-819.8688107022012,0.0,0.0,0.0,-969954467155.6619,0.0,0.0,0.0,1727173944092.6162,0.0,0.0,0.0,0.0,0.0,0.0,0.0,237333661486.1283,0.0,0.0,0.0,-994553139242.9509,0.0,0.0,0.0,5.8655737200268785e-18,-46600.12044369913,5.865573720026878e-26,-0.0004660012044369913,8.908418713302575e+23,1.1040586280321194e+23,1.4160296938765133e+24,0.0,1382115188870.097,110405862803.21191,1416029693876.513,0.0,0.0,0.0,0.0,0.0,1727173944092.6162,0.0,0.0,0.0,649494384020.4325,110405862803.21178,1416029693876.5103,0.0,0.0,0.0,0.0,0.0,-994553139242.9509,0.0,0.0,0.0,0.0,0.0,0.0,0.0,972410454989.7224,17538501.435679596,828355.4016348774,1.0552315262535352e-64,0.0,0.0,0.0,0.0,1743224400245.952,121395.2772987671,27589931.101132892,3.5146313267809044e-63,0.0,0.0,0.0,0.0,649495038122.4397,110412704917.56895,1416085781024.6033,62589837.95057232
0.9,-1,-1,1,-46562.03411059208,0.0,-0.0004656203411059208,0.0,8.893096785865489e+23,1.1040586243131818e+23,1.4160296854597837e+24,0.0,1379738036502.7593,110405862431.31815,1416029685459.7834,0.0,969929774394.4347,0.0,0.0,0.0,0.0,0.0,0.0,0.0,649494378329.8068,110405862431.31801,1416029685459.781,0.0,-239686116221.48282,0.0,0.0,0.0,0.0,0.0,0.0,0.0,0.0,0.0,0.0,0.0,-396164598683587.3,0.0,0.0,0.0,-614.6378237874987,0.0,0.0,0.0,-969929774394.4347,0.0,0.0,0.0,1727136165827.1895,0.0,0.0,0.0,0.0,0.0,0.0,0.0,239686116221.48282,0.0,0.0,0.0,-996892508268.875,0.0,0.0,0.0,7.127751168380498e-18,-46562.03411058975,7.127751168380497e-26,-0.00046562034110589747,8.893096781903839e+23,1.1040586243131818e+23,1.4160296854597837e+24,0.0,1379738035888.1208,110405862431.31815,1416029685459.7834,0.0,0.0,0.0,0.0,0.0,1727136165827.1895,0.0,0.0,0.0,649494378329.8068,110405862431.31801,1416029685459.781,0.0,0.0,0.0,0.0,0.0,-996892508268.875,0.0,0.0,0.0,0.0,0.0,0.0,0.0,972410288048.9517,17538527.92279551,828348.4642180214,1.0552226907147915e-64,0.0,0.0,0.0,0.0,1743224440712.0054,121389.62539932677,27589965.7871853,3.514635744550274e-63,0.0,0.0,0.0,0.0,649495038122.4392,110412704917.56871,1416085781024.6035,62589837.95057231
0.92,-1,-1,1,-46519.10100179599,0.0,-0.0004651910100179599,0.0,8.87582502096116e+23,1.1040586199172213e+23,1.4160296759492006e+24,0.0,1377058372537.5688,110405861991.7221,1416029675949.2002,0.0,969901910610.0192,0.0,0.0,0.0,0.0,0.0,0.0,0.0,649494371764.2286,110405861991.72198,1416029675949.1987,0.0,-242337909836.67917,0.0,0.0,0.0,0.0,0.0,0.0,0.0,0.0,0.0,0.0,0.0,-271936739258838.94,0.0,0.0,0.0,-421.90192203270635,0.0,0.0,0.0,-969901910610.0192,0.0,0.0,0.0,1727093586912.9338,0.0,0.0,0.0,0.0,0.0,0.0,0.0,242337909836.67917,0.0,0.0,0.0,-999529586561.4952,0.0,0.0,0.0,6.496662444203688e-18,-46519.10100179358,6.496662444203687e-26,-0.0004651910100179357,8.875825018241794e+23,1.1040586199172213e+23,1.4160296759492006e+24,0.0,1377058372115.6667,110405861991.7221,1416029675949.2002,0.0,0.0,0.0,0.0,0.0,1727093586912.9338,0.0,0.0,0.0,649494371764.2286,110405861991.72198,1416029675949.1987,0.0,0.0,0.0,0.0,0.0,-999529586561.4952,0.0,0.0,0.0,0.0,0.0,0.0,0.0,972410070879.4437,17538559.46723649,828340.6302259518,1.0552127133555748e-64,0.0,0.0,0.0,0.0,1743224493360.0427,121382.97331747123,27590004.95598082,3.514640733229886e-63,0.0,0.0,0.0,0.0,649495038122.4393,110412704917.56886,1416085781024.6045,62589837.95057232
0.9400000000000001,-1,-1,1,-46469.22429567519,0.0,-0.0004646922429567518,0.0,8.855759883938198e+23,1.1040586143244765e+23,1.416029664846411e+24,0.0,1373945325032.877,110405861432.44762,1416029664846.4106,0.0,969869479619.4844,0.0,0.0,0.0,0.0,0.0,0.0,0.0,649494363887.1941,110405861432.44748,1416029664846.4084,0.0,-245418518473.80362,0.0,0.0,0.0,0.0,0.0,0.0,0.0,0.0,0.0,0.0,0.0,-159774390263398.66,0.0,0.0,0.0,-247.88530791188623,0.0,0.0,0.0,-969869479619.4844,0.0,0.0,0.0,1727044136354.7815,0.0,0.0,0.0,0.0,0.0,0.0,0.0,245418518473.80362,0.0,0.0,0.0,-1002593175456.9843,0.0,0.0,0.0,6.496662444203688e-18,-46469.22429567291,6.496662444203687e-26,-0.000464692242956729,8.855759882340462e+23,1.1040586143244765e+23,1.416029664846411e+24,0.0,1373945324784.993,110405861432.44762,1416029664846.4106,0.0,0.0,0.0,0.0,0.0,1727044136354.7815,0.0,0.0,0.0,649494363887.1941,110405861432.44748,1416029664846.4084,0.0,0.0,0.0,0.0,0.0,-1002593175456.9843,0.0,0.0,0.0,0.0,0.0,0.0,0.0,972409757166.0432,17538600.007377367,828331.49251533,1.0552010756343565e-64,0.0,0.0,0.0,0.0,1743224569424.7725,121374.5742122569,27590050.64317488,3.5146465520904926e-63,0.0,0.0,0.0,0.0,649495038122.4396,110412704917.5686,1416085781024.6042,62589837.95057234
0.96,-1,-1,1,-46408.94929598615,0.0,-0.0004640894929598614,0.0,8.831511569535917e+23,1.1040586064995292e+23,1.416029651310268e+24,0.0,1370183269754.7788,110405860649.9529,1416029651310.2676,0.0,969830162208.2139,0.0,0.0,0.0,0.0,0.0,0.0,0.0,649494353937.8049,110405860649.95279,1416029651310.2654,0.0,-249141246391.24042,0.0,0.0,0.0,0.0,0.0,0.0,0.0,0.0,0.0,0.0,0.0,-65330543962892.164,0.0,0.0,0.0,-101.35843409945028,0.0,0.0,0.0,-969830162208.2139,0.0,0.0,0.0,1726984406564.476,0.0,0.0,0.0,0.0,0.0,0.0,0.0,249141246391.24042,0.0,0.0,0.0,-1006295490848.8593,0.0,0.0,0.0,5.8655737200268785e-18,-46408.94929598389,5.865573720026878e-26,-0.0004640894929598388,8.83151156888262e+23,1.1040586064995292e+23,1.416029651310268e+24,0.0,1370183269653.4214,110405860649.9529,1416029651310.2676,0.0,0.0,0.0,0.0,0.0,1726984406564.476,0.0,0.0,0.0,649494353937.8049,110405860649.95279,1416029651310.2654,0.0,0.0,0.0,0.0,0.0,-1006295490848.8593,0.0,0.0,0.0,0.0,0.0,0.0,0.0,972409251519.8163,17538657.393447373,828320.3652773513,1.0551869040806597e-64,0.0,0.0,0.0,0.0,1743224692045.3765,121362.95323696932,27590106.27771008,3.5146536378673413e-63,0.0,0.0,0.0,0.0,649495038122.4398,110412704917.56892,1416085781024.6047,62589837.95057234
0.98,-1,-1,1,-46332.49805107465,0.0,-0.00046332498051074647,0.0,8.800755640137868e+23,1.1040585943483061e+23,1.4160296338926763e+24,0.0,1365411576984.5022,110405859434.83058,1416029633892.676,0.0,969780041848.3176,0.0,0.0,0.0,0.0,0.0,0.0,0.0,649494340561.1985,110405859434.83044,1416029633892.6746,0.0,-253862805425.01425,0.0,0.0,0.0,0.0,0.0,0.0,0.0,0.0,0.0,0.0,0.0,4676210117538.316,0.0,0.0,0.0,7.255003651935112,0.0,0.0,0.0,-969780041848.3176,0.0,0.0,0.0,1726908707465.6716,0.0,0.0,0.0,0.0,0.0,0.0,0.0,253862805425.01425,0.0,0.0,0.0,-1010991471035.1136,0.0,0.0,0.0,5.8655737200268785e-18,-46332.498051072405,5.865573720026878e-26,-0.000463324980510724,8.800755640184636e+23,1.1040585943483061e+23,1.4160296338926763e+24,0.0,1365411576991.7583,110405859434.83058,1416029633892.676,0.0,0.0,0.0,0.0,0.0,1726908707465.6716,0.0,0.0,0.0,649494340561.1985,110405859434.83044,1416029633892.6746,0.0,0.0,0.0,0.0,0.0,-1010991471035.1136,0.0,0.0,0.0,0.0,0.0,0.0,0.0,972408356346.4564,17538747.469947588,828306.0710424506,1.0551686990193972e-64,0.0,0.0,0.0,0.0,1743224909154.1206,121345.1563942957,27590177.74675871,3.5146627403979735e-63,0.0,0.0,0.0,0.0,649495038122.4398,110412704917.56892,1416085781024.6045,62589837.95057233
1.0,-1,-1,1,-46230.21604073368,0.0,-0.0004623021604073367,0.0,8.759608137350535e+23,1.1040585736028698e+23,1.4160296100855684e+24,0.0,1359027661901.8484,110405857360.28696,1416029610085.568,0.0,969712496525.3303,0.0,0.0,0.0,0.0,0.0,0.0,0.0,649494321325.0017,110405857360.2868,1416029610085.5657,0.0,-260179155948.4842,0.0,0.0,0.0,0.0,0.0,0.0,0.0,0.0,0.0,0.0,0.0,44582319865624.45,0.0,0.0,0.0,69.16816937368822,0.0,0.0,0.0,-969712496525.3303,0.0,0.0,0.0,1726807550142.096,0.0,0.0,0.0,0.0,0.0,0.0,0.0,260179155948.4842,0.0,0.0,0.0,-1017274209496.0822,0.0,0.0,0.0,5.8655737200268785e-18,-46230.21604073156,5.865573720026878e-26,-0.00046230216040731557,8.759608137796352e+23,1.1040585736028698e+23,1.4160296100855684e+24,0.0,1359027661971.0159,110405857360.28696,1416029610085.568,0.0,0.0,0.0,0.0,0.0,1726807550142.096,0.0,0.0,0.0,649494321325.0017,110405857360.2868,1416029610085.5657,0.0,0.0,0.0,0.0,0.0,-1017274209496.0822,0.0,0.0,0.0,0.0,0.0,0.0,0.0,972406662868.1766,17538902.32799677,828286.5781367577,1.0551438728408623e-64,0.0,0.0,0.0,0.0,1743225319911.7703,121315.23930055562,27590275.208388317,3.5146751534872417e-63,0.0,0.0,0.0,0.0,649495038122.4398,110412704917.56903,1416085781024.6045,62589837.95057231
1.02,-1,-1,1,-46086.2870368299,0.0,-0.00046086287036829884,0.0,8.701706285211922e+23,1.1040585355489167e+23,1.4160295755833805e+24,0.0,1350044358368.4182,110405853554.89163,1416029575583.3801,0.0,969616511301.3799,0.0,0.0,0.0,0.0,0.0,0.0,0.0,649494291885.5225,110405853554.89145,1416029575583.3777,0.0,-269066444818.48544,0.0,0.0,0.0,0.0,0.0,0.0,0.0,0.0,0.0,0.0,0.0,53140944708986.71,0.0,0.0,0.0,82.44662627220396,0.0,0.0,0.0,-969616511301.3799,0.0,0.0,0.0,1726665429861.6606,0.0,0.0,0.0,0.0,0.0,0.0,0.0,269066444818.48544,0.0,0.0,0.0,-1026115363296.3197,0.0,0.0,0.0,5.8655737200268785e-18,-46086.2870368277,5.865573720026878e-26,-0.0004608628703682769,8.70170628574333e+23,1.1040585355489167e+23,1.4160295755833805e+24,0.0,1350044358450.8647,110405853554.89163,1416029575583.3801,0.0,0.0,0.0,0.0,0.0,1726665429861.6606,0.0,0.0,0.0,649494291885.5225,110405853554.89145,1416029575583.3777,0.0,0.0,0.0,0.0,0.0,-1026115363296.3197,0.0,0.0,0.0,0.0,0.0,0.0,0.0,972403333039.1144,17539186.582441494,828258.4180061058,1.055108007926663e-64,0.0,0.0,0.0,0.0,1743226127605.2358,121261.30097610228,27590416.004853647,3.514693085944346e-63,0.0,0.0,0.0,0.0,649495038122.4393,110412704917.56895,1416085781024.6038,62589837.950572304
1.04,-1,-1,1,-45875.78663717807,0.0,-0.00045875786637178064,0.0,8.617023148147776e+23,1.1040584624367239e+23,1.4160295231538697e+24,0.0,1336906016565.6523,110405846243.67236,1416029523153.8694,0.0,969474365740.041,0.0,0.0,0.0,0.0,0.0,0.0,0.0,649494244615.0514,110405846243.67221,1416029523153.867,0.0,-282062593789.4413,0.0,0.0,0.0,0.0,0.0,0.0,0.0,0.0,0.0,0.0,0.0,35847822179906.26,0.0,0.0,0.0,55.6168508882256,0.0,0.0,0.0,-969474365740.041,0.0,0.0,0.0,1726458000486.856,0.0,0.0,0.0,0.0,0.0,0.0,0.0,282062593789.4413,0.0,0.0,0.0,-1039046228480.6383,0.0,0.0,0.0,5.8655737200268785e-18,-45875.78663717583,5.865573720026878e-26,-0.0004587578663717582,8.617023148506254e+23,1.1040584624367239e+23,1.4160295231538697e+24,0.0,1336906016621.2693,110405846243.67236,1416029523153.8694,0.0,0.0,0.0,0.0,0.0,1726458000486.856,0.0,0.0,0.0,649494244615.0514,110405846243.67221,1416029523153.867,0.0,0.0,0.0,0.0,0.0,-1039046228480.6383,0.0,0.0,0.0,0.0,0.0,0.0,0.0,972396680115.2157,17539728.15478688,828215.8131469924,1.0550537460204664e-64,0.0,0.0,0.0,0.0,1743227741364.3472,121159.90798075455,27590629.02281279,3.51472021689744e-63,0.0,0.0,0.0,0.0,649495038122.44,110412704917.56897,1416085781024.6052,62589837.95057234
1.06,-1,-1,1,-45561.459394432444,0.0,-0.0004556145939443244,0.0,8.490571098652151e+23,1.1040583182717716e+23,1.4160294409760662e+24,0.0,1317287349785.8032,110405831827.17712,1416029440976.066,0.0,969258809749.6908,0.0,0.0,0.0,0.0,0.0,0.0,0.0,649494166413.3192,110405831827.17696,1416029440976.0645,0.0,-301465626377.20734,0.0,0.0,0.0,0.0,0.0,0.0,0.0,0.0,0.0,0.0,0.0,3110127573341.5454,0.0,0.0,0.0,4.82527224727346,0.0,0.0,0.0,-969258809749.6908,0.0,0.0,0.0,1726149054822.8171,0.0,0.0,0.0,0.0,0.0,0.0,0.0,301465626377.20734,0.0,0.0,0.0,-1058355871445.5076,0.0,0.0,0.0,5.234484995850069e-18,-45561.459394430385,5.234484995850068e-26,-0.0004556145939443038,8.490571098683243e+23,1.1040583182717716e+23,1.4160294409760662e+24,0.0,1317287349790.627,110405831827.17712,1416029440976.066,0.0,0.0,0.0,0.0,0.0,1726149054822.8171,0.0,0.0,0.0,649494166413.3192,110405831827.17696,1416029440976.0645,0.0,0.0,0.0,0.0,0.0,-1058355871445.5076,0.0,0.0,0.0,0.0,0.0,0.0,0.0,972383412128.688,17540772.384926543,828149.4434305676,1.0549692170577703e-64,0.0,0.0,0.0,0.0,1743230959549.3245,120966.3888002381,27590960.861524623,3.5147624813788013e-63,0.0,0.0,0.0,0.0,649495038122.4397,110412704917.5689,1416085781024.604,62589837.95057232
1.08,-1,-1,1,-45090.58598503829,0.0,-0.0004509058598503828,0.0,8.301141519336259e+23,1.1040580303473248e+23,1.4160293101050967e+24,0.0,1287897902879.495,110405803034.73245,1416029310105.0964,0.0,968929838246.4841,0.0,0.0,0.0,0.0,0.0,0.0,0.0,649494035165.8113,110405803034.73227,1416029310105.094,0.0,-330525970532.8017,0.0,0.0,0.0,0.0,0.0,0.0,0.0,0.0,0.0,0.0,0.0,-35265806468624.945,0.0,0.0,0.0,-54.713870482150014,0.0,0.0,0.0,-968929838246.4841,0.0,0.0,0.0,1725687704806.1782,0.0,0.0,0.0,0.0,0.0,0.0,0.0,330525970532.8017,0.0,0.0,0.0,-1087283837147.2106,0.0,0.0,0.0,5.8655833496766005e-18,-45090.585985036116,5.8655833496766e-26,-0.00045090585985036114,8.301141518983605e+23,1.1040580303473248e+23,1.4160293101050967e+24,0.0,1287897902824.7817,110405803034.73245,1416029310105.0964,0.0,0.0,0.0,0.0,0.0,1725687704806.1782,0.0,0.0,0.0,649494035165.8113,110405803034.73227,1416029310105.094,0.0,0.0,0.0,0.0,0.0,-1087283837147.2106,0.0,0.0,0.0,0.0,0.0,0.0,0.0,972357411347.9401,17542764.776436873,828044.6737212653,1.054835781878913e-64,0.0,0.0,0.0,0.0,1743237265309.0823,120600.31452661859,27591484.69448937,3.5148291989682245e-63,0.0,0.0,0.0,0.0,649495038122.44,110412704917.56897,1416085781024.6045,62589837.95057232
1.1,-1,-1,1,-44391.31947636315,0.0,-0.00044391319476363143,0.0,8.019830949233919e+23,1.1040574520425399e+23,1.416029100075613e+24,0.0,1244253388152.3677,110405745204.25397,1416029100075.6125,0.0,968430762611.9478,0.0,0.0,0.0,0.0,0.0,0.0,0.0,649493813543.7104,110405745204.25377,1416029100075.6104,0.0,-373671188003.29315,0.0,0.0,0.0,0.0,0.0,0.0,0.0,0.0,0.0,0.0,0.0,-72619048721395.69,0.0,0.0,0.0,-112.66633671951604,0.0,0.0,0.0,-968430762611.9478,0.0,0.0,0.0,1725005120538.0632,0.0,0.0,0.0,0.0,0.0,0.0,0.0,373671188003.29315,0.0,0.0,0.0,-1130245546042.0752,0.0,0.0,0.0,5.8655833496766005e-18,-44391.31947636113,5.8655833496766e-26,-0.0004439131947636112,8.019830948507723e+23,1.1040574520425399e+23,1.416029100075613e+24,0.0,1244253388039.7007,110405745204.25397,1416029100075.6125,0.0,0.0,0.0,0.0,0.0,1725005120538.0632,0.0,0.0,0.0,649493813543.7104,110405745204.25377,1416029100075.6104,0.0,0.0,0.0,0.0,0.0,-1130245546042.0752,0.0,0.0,0.0,0.0,0.0,0.0,0.0,972308148592.8218,17546443.0459975,827878.6826149843,1.0546243753587826e-64,0.0,0.0,0.0,0.0,1743249209431.9849,119930.5009165581,27592314.625333276,3.514934902228296e-63,0.0,0.0,0.0,0.0,649495038122.4393,110412704917.5686,1416085781024.6042,62589837.950572334
1.12,-1,-1,1,-43365.851489231114,0.0,-0.0004336585148923111,0.0,7.607291961344183e+23,1.1040562873000835e+23,1.416028760200568e+24,0.0,1180249167031.4993,110405628730.00832,1416028760200.5676,0.0,967682617368.0668,0.0,0.0,0.0,0.0,0.0,0.0,0.0,649493436992.2391,110405628730.00815,1416028760200.5664,0.0,-436926887328.8073,0.0,0.0,0.0,0.0,0.0,0.0,0.0,0.0,0.0,0.0,0.0,-100398547556494.36,0.0,0.0,0.0,-155.7654191883903,0.0,0.0,0.0,-967682617368.0668,0.0,0.0,0.0,1724008027519.7373,0.0,0.0,0.0,0.0,0.0,0.0,0.0,436926887328.8073,0.0,0.0,0.0,-1193252297636.2446,0.0,0.0,0.0,5.865612238625766e-18,-43365.85148922885,5.865612238625766e-26,-0.0004336585148922885,7.6072919603402e+23,1.1040562873000835e+23,1.416028760200568e+24,0.0,1180249166875.7344,110405628730.00832,1416028760200.5676,0.0,0.0,0.0,0.0,0.0,1724008027519.7373,0.0,0.0,0.0,649493436992.2391,110405628730.00815,1416028760200.5664,0.0,0.0,0.0,0.0,0.0,-1193252297636.2446,0.0,0.0,0.0,0.0,0.0,0.0,0.0,972219478182.9384,17552855.478482995,827615.1517233849,1.0542887425510207e-64,0.0,0.0,0.0,0.0,1743270697424.3564,118776.4997372225,27593632.240595173,3.5151027186321863e-63,0.0,0.0,0.0,0.0,649495038122.4396,110412704917.56885,1416085781024.6045,62589837.95057232
1.1400000000000001,-1,-1,1,-41876.12619708168,0.0,-0.00041876126197081675,0.0,7.007986173957173e+23,1.1040539359824087e+23,1.4160282015309897e+24,0.0,1087268621529.2478,110405393598.24084,1416028201530.9893,0.0,966575637787.1913,0.0,0.0,0.0,0.0,0.0,0.0,0.0,649492789116.0367,110405393598.24068,1416028201530.9875,0.0,-528799805373.98175,0.0,0.0,0.0,0.0,0.0,0.0,0.0,0.0,0.0,0.0,0.0,-97722684552692.55,0.0,0.0,0.0,-151.6138957587973,0.0,0.0,0.0,-966575637787.1913,0.0,0.0,0.0,1722564346969.1304,0.0,0.0,0.0,0.0,0.0,0.0,0.0,528799805373.98175,0.0,0.0,0.0,-1284788514707.5352,0.0,0.0,0.0,7.12780894627883e-18,-41876.1261970795,7.127808946278828e-26,-0.00041876126197079496,7.007986172979942e+23,1.1040539359824087e+23,1.4160282015309897e+24,0.0,1087268621377.6332,110405393598.24084,1416028201530.9893,0.0,0.0,0.0,0.0,0.0,1722564346969.1304,0.0,0.0,0.0,649492789116.0367,110405393598.24068,1416028201530.9875,0.0,0.0,0.0,0.0,0.0,-1284788514707.5352,0.0,0.0,0.0,0.0,0.0,0.0,0.0,972070322455.0845,17563151.22527343,827194.2563956095,1.0537526904802452e-64,0.0,0.0,0.0,0.0,1743306811453.5376,116957.40625661814,27595736.654627517,3.5153707446675855e-63,0.0,0.0,0.0,0.0,649495038122.4402,110412704917.56909,1416085781024.6047,62589837.950572334
1.16,-1,-1,1,-39718.6352733142,0.0,-0.0003971863527331419,0.0,6.140044795201376e+23,1.1040491748274504e+23,1.4160272600580262e+24,0.0,952610047293.6278,110404917482.74501,1416027260058.026,0.0,964956674688.5343,0.0,0.0,0.0,0.0,0.0,0.0,0.0,649491651175.7234,110404917482.74483,1416027260058.0247,0.0,-661838278570.6311,0.0,0.0,0.0,0.0,0.0,0.0,0.0,0.0,0.0,0.0,0.0,-18269974536522.312,0.0,0.0,0.0,-28.3453327912066,0.0,0.0,0.0,-964956674688.5343,0.0,0.0,0.0,1720477270967.154,0.0,0.0,0.0,0.0,0.0,0.0,0.0,661838278570.6311,0.0,0.0,0.0,-1417358874877.595,0.0,0.0,0.0,7.127842650052857e-18,-39718.63527331221,7.127842650052855e-26,-0.00039718635273312206,6.140044795018683e+23,1.1040491748274504e+23,1.4160272600580262e+24,0.0,952610047265.2836,110404917482.74501,1416027260058.026,0.0,0.0,0.0,0.0,0.0,1720477270967.154,0.0,0.0,0.0,649491651175.7234,110404917482.74483,1416027260058.0247,0.0,0.0,0.0,0.0,0.0,-1417358874877.595,0.0,0.0,0.0,0.0,0.0,0.0,0.0,971838356028.621,17578035.771001663,826515.6306384375,1.05288839109509e-64,0.0,0.0,0.0,0.0,1743362896565.903,114408.46450964025,27599129.68245856,3.515802894360189e-63,0.0,0.0,0.0,0.0,649495038122.4385,110412704917.56853,1416085781024.6033,62589837.95057231
1.18,-1,-1,1,-36587.143808326444,0.0,-0.0003658714380832644,0.0,4.880274301321013e+23,1.1040394955083021e+23,1.416025622930619e+24,0.0,757160328312.3625,110403949550.83018,1416025622930.6187,0.0,962610815301.2819,0.0,0.0,0.0,0.0,0.0,0.0,0.0,649489599714.1361,110403949550.83002,1416025622930.616,0.0,-854940086703.0569,0.0,0.0,0.0,0.0,0.0,0.0,0.0,0.0,0.0,0.0,0.0,220324227722373.8,0.0,0.0,0.0,341.82661526276206,0.0,0.0,0.0,-962610815301.2819,0.0,0.0,0.0,1717446877253.0142,0.0,0.0,0.0,0.0,0.0,0.0,0.0,854940086703.0569,0.0,0.0,0.0,-1609776148312.961,0.0,0.0,0.0,7.127913668719556e-18,-36587.14380832458,7.127913668719554e-26,-0.00036587143808324577,4.880274303524254e+23,1.1040394955083021e+23,1.416025622930619e+24,0.0,757160328654.189,110403949550.83018,1416025622930.6187,0.0,0.0,0.0,0.0,0.0,1717446877253.0142,0.0,0.0,0.0,649489599714.1361,110403949550.83002,1416025622930.616,0.0,0.0,0.0,0.0,0.0,-1609776148312.961,0.0,0.0,0.0,0.0,0.0,0.0,0.0,971505688196.7106,17597008.72196679,825414.860959955,1.0514864407294051e-64,0.0,0.0,0.0,0.0,1743443160899.6143,111339.72304683567,27604633.367064983,3.5165038695430636e-63,0.0,0.0,0.0,0.0,649495038122.4397,110412704917.56888,1416085781024.6045,62589837.95057232
1.2,-1,-1,1,-32021.98753164989,0.0,-0.00032021987531649887,0.0,3.043760748049652e+23,1.1040197241900644e+23,1.4160226796466194e+24,0.0,472230605290.71783,110401972419.00641,1416022679646.6191,0.0,959233734111.2412,0.0,0.0,0.0,0.0,0.0,0.0,0.0,649485798641.736,110401972419.00623,1416022679646.6177,0.0,-1136488927462.2585,0.0,0.0,0.0,0.0,0.0,0.0,0.0,0.0,0.0,0.0,0.0,719096848960368.8,0.0,0.0,0.0,1115.6577942756994,0.0,0.0,0.0,-959233734111.2412,0.0,0.0,0.0,1713018578652.2395,0.0,0.0,0.0,0.0,0.0,0.0,0.0,1136488927462.2585,0.0,0.0,0.0,-1890273770887.598,0.0,0.0,0.0,5.8658722391682586e-18,-32021.98753164827,5.865872239168258e-26,-0.00032021987531648266,3.043760755240622e+23,1.1040197241900644e+23,1.4160226796466194e+24,0.0,472230606406.3758,110401972419.00641,1416022679646.6191,0.0,0.0,0.0,0.0,0.0,1713018578652.2395,0.0,0.0,0.0,649485798641.736,110401972419.00623,1416022679646.6177,0.0,0.0,0.0,0.0,0.0,-1890273770887.598,0.0,0.0,0.0,0.0,0.0,0.0,0.0,971063914237.0146,17617664.12454186,823645.4594812886,1.049232895065639e-64,0.0,0.0,0.0,0.0,1743549443431.6997,108377.60742869708,27613480.11110309,3.517630642374998e-63,0.0,0.0,0.0,0.0,649495038122.4398,110412704917.56879,1416085781024.6042,62589837.95057231
1.22,-1,-1,1,-25340.901387485977,0.0,-0.0002534090138748597,0.0,3.5604620064442116e+22,1.1039791246641828e+23,1.4160172167730142e+24,0.0,55239529897.18777,110397912466.41826,1416017216773.014,0.0,954389699593.5548,0.0,0.0,0.0,0.0,0.0,0.0,0.0,649478571641.2964,110397912466.41814,1416017216773.0115,0.0,-1548628741337.6628,0.0,0.0,0.0,0.0,0.0,0.0,0.0,0.0,0.0,0.0,0.0,1541480275205299.5,0.0,0.0,0.0,2391.5617016558826,0.0,0.0,0.0,-954389699593.5548,0.0,0.0,0.0,1706513863570.0317,0.0,0.0,0.0,0.0,0.0,0.0,0.0,1548628741337.6628,0.0,0.0,0.0,-2300752902922.578,0.0,0.0,0.0,5.866144276772903e-18,-25340.901387484748,5.866144276772902e-26,-0.00025340901387484746,3.560462160592254e+22,1.1039791246641828e+23,1.4160172167730142e+24,0.0,55239532288.749695,110397912466.41826,1416017216773.014,0.0,0.0,0.0,0.0,0.0,1706513863570.0317,0.0,0.0,0.0,649478571641.2964,110397912466.41814,1416017216773.0115,0.0,0.0,0.0,0.0,0.0,-2300752902922.578,0.0,0.0,0.0,0.0,0.0,0.0,0.0,970516685176.5878,17635187.232853424,820911.2449150813,1.0457505065483453e-64,0.0,0.0,0.0,0.0,1743680613432.4688,106662.9201375992,27627150.776780367,3.519371836633724e-63,0.0,0.0,0.0,0.0,649495038122.4397,110412704917.56908,1416085781024.604,62589837.95057231
1.24,-1,-1,1,-15541.503545539823,0.0,-0.0001554150354553982,0.0,-3.5860935406256917e+23,1.1038952776291047e+23,1.4160067822389064e+24,0.0,-556371956765.6304,110389527762.91045,1416006782238.906,0.0,947448650218.4429,0.0,0.0,0.0,0.0,0.0,0.0,0.0,649464511584.6348,110389527762.9103,1416006782238.9048,0.0,-2153285118568.7102,0.0,0.0,0.0,0.0,0.0,0.0,0.0,0.0,0.0,0.0,0.0,2681566817660737.0,0.0,0.0,0.0,4160.372730487608,0.0,0.0,0.0,-947448650218.4429,0.0,0.0,0.0,1696933588590.2258,0.0,0.0,0.0,0.0,0.0,0.0,0.0,2153285118568.7102,0.0,0.0,0.0,-2902770052780.1187,0.0,0.0,0.0,5.866705203869206e-18,-15541.503545539023,5.866705203869205e-26,-0.0001554150354553902,-3.5860935138100244e+23,1.1038952776291047e+23,1.4160067822389064e+24,0.0,-556371952605.2578,110389527762.91045,1416006782238.906,0.0,0.0,0.0,0.0,0.0,1696933588590.2258,0.0,0.0,0.0,649464511584.6348,110389527762.9103,1416006782238.9048,0.0,0.0,0.0,0.0,0.0,-2902770052780.1187,0.0,0.0,0.0,0.0,0.0,0.0,0.0,969879561084.9786,17641876.6971509,817062.1371955812,1.0408481210156048e-64,0.0,0.0,0.0,0.0,1743832661202.9253,107947.44638081467,27646395.741806712,3.521823029400213e-63,0.0,0.0,0.0,0.0,649495038122.4393,110412704917.56868,1416085781024.6042,62589837.950572334
1.26,-1,-1,1,-1160.6867094432896,0.0,-1.1606867094432895e-05,0.0,-9.37119830091647e+23,1.1037210837700779e+23,1.4159863491711848e+24,0.0,-1453914092550.3982,110372108377.00777,1415986349171.1843,0.0,937492991990.7416,0.0,0.0,0.0,0.0,0.0,0.0,0.0,649436611165.9609,110372108377.00768,1415986349171.1826,0.0,-3040843695707.1045,0.0,0.0,0.0,0.0,0.0,0.0,0.0,0.0,0.0,0.0,0.0,4086437893989598.0,0.0,0.0,0.0,6339.989243235206,0.0,0.0,0.0,-937492991990.7416,0.0,0.0,0.0,1682819147970.352,0.0,0.0,0.0,0.0,0.0,0.0,0.0,3040843695707.1045,0.0,0.0,0.0,-3786169845346.7236,0.0,0.0,0.0,5.8678511321861164e-18,-1160.6867094432066,5.867851132186116e-26,-1.1606867094432063e-05,-9.371198260052097e+23,1.1037210837700779e+23,1.4159863491711848e+24,0.0,-1453914086210.4097,110372108377.00777,1415986349171.1843,0.0,0.0,0.0,0.0,0.0,1682819147970.352,0.0,0.0,0.0,649436611165.9609,110372108377.00768,1415986349171.1826,0.0,0.0,0.0,0.0,0.0,-3786169845346.7236,0.0,0.0,0.0,0.0,0.0,0.0,0.0,969177286641.0063,17626382.58403933,812644.4402997579,1.0352216666412341e-64,0.0,0.0,0.0,0.0,1743999429408.028,114764.42499716999,27668483.567451466,3.524636256587532e-63,0.0,0.0,0.0,0.0,649495038122.4393,110412704917.5688,1416085781024.6045,62589837.950572334
1.28,-1,-1,1,19928.08412574544,0.0,0.0001992808412574544,0.0,-1.7854633908821914e+24,1.103357139558824e+23,1.4159454969761556e+24,0.0,-2770094391751.978,110335713955.88237,1415945496976.1553,0.0,923181796858.2206,0.0,0.0,0.0,0.0,0.0,0.0,0.0,649380332656.9067,110335713955.88219,1415945496976.152,0.0,-4342656521267.1064,0.0,0.0,0.0,0.0,0.0,0.0,0.0,0.0,0.0,0.0,0.0,5581111742923214.0,0.0,0.0,0.0,8658.932139277225,0.0,0.0,0.0,-923181796858.2206,0.0,0.0,0.0,1662052685745.6125,0.0,0.0,0.0,0.0,0.0,0.0,0.0,4342656521267.1064,0.0,0.0,0.0,-5081527401495.565,0.0,0.0,0.0,7.13243599297022e-18,19928.08412574437,7.132435992970219e-26,0.0001992808412574437,-1.7854633853010803e+24,1.103357139558824e+23,1.4159454969761556e+24,0.0,-2770094383093.047,110335713955.88237,1415945496976.1553,0.0,0.0,0.0,0.0,0.0,1662052685745.6125,0.0,0.0,0.0,649380332656.9067,110335713955.88219,1415945496976.152,0.0,0.0,0.0,0.0,0.0,-5081527401495.565,0.0,0.0,0.0,0.0,0.0,0.0,0.0,968438376521.8381,17572489.966747575,809969.6029199098,1.0318156832357809e-64,0.0,0.0,0.0,0.0,1744173976514.3723,130715.08573353726,27681857.35535593,3.526339248290344e-63,0.0,0.0,0.0,0.0,649495038122.4398,110412704917.56886,1416085781024.6045,62589837.95057232
1.3,-1,-1,1,50800.77790834152,0.0,0.0005080077790834152,0.0,-3.0273575439147553e+24,1.1025932287645573e+23,1.4158624719842763e+24,0.0,-4696856959964.202,110259322876.4557,1415862471984.276,0.0,902559664970.518,0.0,0.0,0.0,0.0,0.0,0.0,0.0,649265379234.1045,110259322876.45557,1415862471984.2742,0.0,-6248682004168.827,0.0,0.0,0.0,0.0,0.0,0.0,0.0,0.0,0.0,0.0,0.0,6723080925549882.0,0.0,0.0,0.0,10430.664029442007,0.0,0.0,0.0,-902559664970.518,0.0,0.0,0.0,1631575132764.7432,0.0,0.0,0.0,0.0,0.0,0.0,0.0,6248682004168.827,0.0,0.0,0.0,-6977697461532.387,0.0,0.0,0.0,7.137486744249376e-18,50800.777908338816,7.137486744249374e-26,0.0005080077790833881,-3.027357537191672e+24,1.1025932287645573e+23,1.4158624719842763e+24,0.0,-4696856949533.534,110259322876.4557,1415862471984.276,0.0,0.0,0.0,0.0,0.0,1631575132764.7432,0.0,0.0,0.0,649265379234.1045,110259322876.45557,1415862471984.2742,0.0,0.0,0.0,0.0,0.0,-6977697461532.387,0.0,0.0,0.0,0.0,0.0,0.0,0.0,967687885377.8673,17457637.96111193,814584.9726490121,1.0376970012374544e-64,0.0,0.0,0.0,0.0,1744350323863.9626,160821.11796750178,27658781.196232475,3.5233985892893686e-63,0.0,0.0,0.0,0.0,649495038122.4401,110412704917.569,1416085781024.6047,62589837.95057234
1.32,-1,-1,1,95872.98689014847,0.0,0.0009587298689014846,0.0,-4.840381942916144e+24,1.1009852930861038e+23,1.4156917441091972e+24,0.0,-7509711452209.923,110098529308.61035,1415691744109.1968,0.0,872799801187.1998,0.0,0.0,0.0,0.0,0.0,0.0,0.0,649028623885.011,110098529308.61021,1415691744109.1946,0.0,-9031539877282.125,0.0,0.0,0.0,0.0,0.0,0.0,0.0,0.0,0.0,0.0,0.0,7035377013915258.0,0.0,0.0,0.0,10915.18230484589,0.0,0.0,0.0,-872799801187.1998,0.0,0.0,0.0,1587000822299.0676,0.0,0.0,0.0,0.0,0.0,0.0,0.0,9031539877282.125,0.0,0.0,0.0,-9745740887478.809,0.0,0.0,0.0,7.148175655440725e-18,95872.9868901439,7.148175655440723e-26,0.0009587298689014389,-4.840381935880765e+24,1.1009852930861038e+23,1.4156917441091972e+24,0.0,-7509711441294.736,110098529308.61035,1415691744109.1968,0.0,0.0,0.0,0.0,0.0,1587000822299.0676,0.0,0.0,0.0,649028623885.011,110098529308.61021,1415691744109.1946,0.0,0.0,0.0,0.0,0.0,-9745740887478.809,0.0,0.0,0.0,0.0,0.0,0.0,0.0,966941272352.1439,17251983.385559216,836525.682454138,1.0656495573817976e-64,0.0,0.0,0.0,0.0,1744524878493.3438,211736.8406948925,27549080.913443886,3.509422311216529e-63,0.0,0.0,0.0,0.0,649495038122.4393,110412704917.56888,1416085781024.6035,62589837.95057232
1.34,-1,-1,1,161412.08819214473,0.0,0.001614120881921447,0.0,-7.476549314484709e+24,1.0975994489264484e+23,1.4153381872824829e+24,0.0,-11599648265808.508,109759944892.6448,1415338187282.4824,0.0,829873606425.3193,0.0,0.0,0.0,0.0,0.0,0.0,0.0,648539185327.5378,109759944892.64468,1415338187282.4812,0.0,-13078061057561.36,0.0,0.0,0.0,0.0,0.0,0.0,0.0,0.0,0.0,0.0,0.0,6517345016688392.0,0.0,0.0,0.0,10111.470765536651,0.0,0.0,0.0,-829873606425.3193,0.0,0.0,0.0,1522110583318.262,0.0,0.0,0.0,0.0,0.0,0.0,0.0,13078061057561.36,0.0,0.0,0.0,-13770298024342.836,0.0,0.0,0.0,7.170766813688387e-18,161412.08819213707,7.170766813688386e-26,0.0016141208819213705,-7.476549307967356e+24,1.0975994489264484e+23,1.4153381872824829e+24,0.0,-11599648255697.025,109759944892.6448,1415338187282.4824,0.0,0.0,0.0,0.0,0.0,1522110583318.262,0.0,0.0,0.0,648539185327.5378,109759944892.64468,1415338187282.4812,0.0,0.0,0.0,0.0,0.0,-13770298024342.836,0.0,0.0,0.0,0.0,0.0,0.0,0.0,966202918439.0127,16919838.036591068,890267.2040222725,1.1341138031516427e-64,0.0,0.0,0.0,0.0,1744696715284.4688,291380.27745568077,27280381.237105835,3.4751901883299695e-63,0.0,0.0,0.0,0.0,649495038122.4387,110412704917.56862,1416085781024.603,62589837.95057229
1.36,-1,-1,1,256183.29039987913,0.0,0.002561832903998791,0.0,-1.128822773931002e+25,1.0904867027243594e+23,1.4146042145607675e+24,0.0,-17513356203865.746,109048670272.43591,1414604214560.767,0.0,768140968923.5865,0.0,0.0,0.0,0.0,0.0,0.0,0.0,647528317408.0519,109048670272.4358,1414604214560.765,0.0,-18929025490197.4,0.0,0.0,0.0,0.0,0.0,0.0,0.0,0.0,0.0,0.0,0.0,5559300486869464.0,0.0,0.0,0.0,8625.092611466069,0.0,0.0,0.0,-768140968923.5865,0.0,0.0,0.0,1428211921569.0574,0.0,0.0,0.0,0.0,0.0,0.0,0.0,18929025490197.4,0.0,0.0,0.0,-19589096434217.76,0.0,0.0,0.0,5.9564053910290416e-18,256183.29039986638,5.956405391029041e-26,0.0025618329039986637,-1.1288227733750723e+25,1.0904867027243594e+23,1.4146042145607675e+24,0.0,-17513356195240.658,109048670272.43591,1414604214560.767,0.0,0.0,0.0,0.0,0.0,1428211921569.0574,0.0,0.0,0.0,647528317408.0519,109048670272.4358,1414604214560.765,0.0,0.0,0.0,0.0,0.0,-19589096434217.76,0.0,0.0,0.0,0.0,0.0,0.0,0.0,965470705916.6868,16426422.22757128,992156.4931318042,1.2639138613228753e-64,0.0,0.0,0.0,0.0,1744866437640.2764,407318.1331832359,26770949.563698143,3.41029015924126e-63,0.0,0.0,0.0,0.0,649495038122.4401,110412704917.56888,1416085781024.6047,62589837.95057232
1.3800000000000001,-1,-1,1,392247.0872273584,0.0,0.003922470872273583,0.0,-1.6760084828160254e+25,1.0756219287614465e+23,1.4130831953667808e+24,0.0,-26002782932913.96,107562192876.14462,1413083195366.7805,0.0,679848579651.3599,0.0,0.0,0.0,0.0,0.0,0.0,0.0,645451712437.8717,107562192876.14444,1413083195366.7783,0.0,-27328083225003.215,0.0,0.0,0.0,0.0,0.0,0.0,0.0,0.0,0.0,0.0,0.0,4357522608580501.5,0.0,0.0,0.0,6760.569273838308,0.0,0.0,0.0,-679848579651.3599,0.0,0.0,0.0,1293350827416.3142,0.0,0.0,0.0,0.0,0.0,0.0,0.0,27328083225003.215,0.0,0.0,0.0,-27941585466007.586,0.0,0.0,0.0,6.057314490465211e-18,392247.0872273387,6.05731449046521e-26,0.003922470872273386,-1.6760084823802729e+25,1.0756219287614465e+23,1.4130831953667808e+24,0.0,-26002782926153.387,107562192876.14462,1413083195366.7805,0.0,0.0,0.0,0.0,0.0,1293350827416.3142,0.0,0.0,0.0,645451712437.8717,107562192876.14444,1413083195366.7783,0.0,0.0,0.0,0.0,0.0,-27941585466007.586,0.0,0.0,0.0,0.0,0.0,0.0,0.0,964744358494.7919,15752327.809452612,1154612.6749608722,1.4708693512118568e-64,0.0,0.0,0.0,0.0,1745034196950.9836,563427.3602484154,25958691.49085775,3.3068124142918227e-63,0.0,0.0,0.0,0.0,649495038122.4395,110412704917.56868,1416085781024.6045,62589837.95057233
1.4000000000000001,-1,-1,1,586008.2208238369,0.0,0.0058600822082383675,0.0,-2.4551013763116356e+25,1.0447864738781615e+23,1.4099470855720618e+24,0.0,-38090182013438.77,104478647387.81612,1409947085572.0615,0.0,554468387035.2574,0.0,0.0,0.0,0.0,0.0,0.0,0.0,641223582942.7643,104478647387.816,1409947085572.06,0.0,-39285873983416.82,0.0,0.0,0.0,0.0,0.0,0.0,0.0,0.0,0.0,0.0,0.0,2987457783037319.5,0.0,0.0,0.0,4634.953644330148,0.0,0.0,0.0,-554468387035.2574,0.0,0.0,0.0,1101279624167.6304,0.0,0.0,0.0,0.0,0.0,0.0,0.0,39285873983416.82,0.0,0.0,0.0,-39832685215914.2,0.0,0.0,0.0,5.007210817937792e-18,586008.2208238092,5.0072108179377916e-26,0.005860082208238091,-2.4551013760128905e+25,1.0447864738781615e+23,1.4099470855720618e+24,0.0,-38090182008803.83,104478647387.81612,1409947085572.0615,0.0,0.0,0.0,0.0,0.0,1101279624167.6304,0.0,0.0,0.0,641223582942.7643,104478647387.816,1409947085572.06,0.0,0.0,0.0,0.0,0.0,-39832685215914.2,0.0,0.0,0.0,0.0,0.0,0.0,0.0,964032372040.1731,14912642.017099991,1378358.0414511482,1.7558984526935627e-64,0.0,0.0,0.0,0.0,1745198086215.8503,755642.6917889232,24839994.668440953,3.164297863544165e-63,0.0,0.0,0.0,0.0,649495038122.4395,110412704917.56865,1416085781024.6045,62589837.95057233
1.42,-1,-1,1,859919.5164495977,0.0,0.008599195164495976,0.0,-3.5562130987406063e+25,9.813291350937529e+22,1.4035217668952138e+24,0.0,-55173609333030.95,98132913509.37527,1403521766895.2134,0.0,377615009227.4515,0.0,0.0,0.0,0.0,0.0,0.0,0.0,632700209204.2625,98132913509.37514,1403521766895.2117,0.0,-56183924551462.71,0.0,0.0,0.0,0.0,0.0,0.0,0.0,0.0,0.0,0.0,0.0,1779059097353445.5,0.0,0.0,0.0,2760.158317073714,0.0,0.0,0.0,-377615009227.4515,0.0,0.0,0.0,829786752514.3661,0.0,0.0,0.0,0.0,0.0,0.0,0.0,56183924551462.71,0.0,0.0,0.0,-56636096291989.445,0.0,0.0,0.0,5.4508102620285044e-18,859919.5164495566,5.450810262028504e-26,0.008599195164495563,-3.556213098562704e+25,9.813291350937529e+22,1.4035217668952138e+24,0.0,-55173609330270.85,98132913509.37527,1403521766895.2134,0.0,0.0,0.0,0.0,0.0,829786752514.3661,0.0,0.0,0.0,632700209204.2625,98132913509.37514,1403521766895.2117,0.0,0.0,0.0,0.0,0.0,-56636096291989.445,0.0,0.0,0.0,0.0,0.0,0.0,0.0,963352617818.391,13967490.092064206,1647445.173564375,2.0986838306993917e-64,0.0,0.0,0.0,0.0,1745354030388.4954,969843.2406374796,23494592.887626857,2.992905174533056e-63,0.0,0.0,0.0,0.0,649495038122.4393,110412704917.56886,1416085781024.6042,62589837.950572334
1.44,-1,-1,1,1245818.6492075068,0.0,0.012458186492075066,0.0,-5.106988805972835e+25,8.514436199776407e+22,1.3904138633995233e+24,0.0,-79233442267195.27,85144361997.76404,1390413863399.523,0.0,128919567945.9959,0.0,0.0,0.0,0.0,0.0,0.0,0.0,615634371226.449,85144361997.76392,1390413863399.5208,0.0,-79977996206367.81,0.0,0.0,0.0,0.0,0.0,0.0,0.0,0.0,0.0,0.0,0.0,990248278314769.5,0.0,0.0,0.0,1536.3413308891468,0.0,0.0,0.0,-128919567945.9959,0.0,0.0,0.0,447429295153.2394,0.0,0.0,0.0,0.0,0.0,0.0,0.0,79977996206367.81,0.0,0.0,0.0,-80296505932038.73,0.0,0.0,0.0,3.535732932877891e-18,1245818.6492074465,3.53573293287789e-26,0.012458186492074464,-5.106988805873816e+25,8.514436199776407e+22,1.3904138633995233e+24,0.0,-79233442265659.02,85144361997.76404,1390413863399.523,0.0,0.0,0.0,0.0,0.0,447429295153.2394,0.0,0.0,0.0,615634371226.449,85144361997.76392,1390413863399.5208,0.0,0.0,0.0,0.0,0.0,-80296505932038.73,0.0,0.0,0.0,0.0,0.0,0.0,0.0,962726213057.7399,13008148.19938901,1932950.8188360748,2.4623796531009005e-64,0.0,0.0,0.0,0.0,1745497235139.7854,1185301.2055718207,22067097.967844132,2.8110572633236155e-63,0.0,0.0,0.0,0.0,649495038122.4396,110412704917.56891,1416085781024.6038,62589837.95057232
1.46,-1,-1,1,1791174.5416208631,0.0,0.01791174541620863,0.0,-7.297495998776563e+25,5.855434679867965e+22,1.3636467703020497e+24,0.0,-113218522671895.38,58554346798.67964,1363646770302.0493,0.0,-221938939771.00208,0.0,0.0,0.0,0.0,0.0,0.0,0.0,581442903938.5602,58554346798.679535,1363646770302.047,0.0,-113578026636062.98,0.0,0.0,0.0,0.0,0.0,0.0,0.0,0.0,0.0,0.0,0.0,547274243138413.8,0.0,0.0,0.0,849.0800312175415,0.0,0.0,0.0,221938939771.00208,0.0,0.0,0.0,-92573008469.12512,0.0,0.0,0.0,0.0,0.0,0.0,0.0,113578026636062.98,0.0,0.0,0.0,-113707392566515.75,0.0,0.0,0.0,7.309193028441219e-19,1791174.5416207789,7.309193028441218e-27,0.017911745416207787,-7.297495998721839e+25,5.855434679867965e+22,1.3636467703020497e+24,0.0,-113218522671046.34,58554346798.67964,1363646770302.0493,0.0,0.0,0.0,0.0,0.0,-92573008469.12512,0.0,0.0,0.0,581442903938.5602,58554346798.679535,1363646770302.047,0.0,0.0,0.0,0.0,0.0,-113707392566515.75,0.0,0.0,0.0,0.0,0.0,0.0,0.0,962170052222.6154,12122558.397938738,2204616.986933017,2.8084417629536212e-64,0.0,0.0,0.0,0.0,1745623924622.9211,1382544.2719482374,20708796.295644168,2.638026208388984e-63,0.0,0.0,0.0,0.0,649495038122.4393,110412704917.56865,1416085781024.6042,62589837.95057232
1.48,-1,-1,1,2568755.7284370996,0.0,0.025687557284370995,0.0,-1.0418598298997778e+26,3.780592195291714e+21,1.3086123488659416e+24,0.0,-161641514832239.53,3780592195.291713,1308612348865.9414,0.0,-721329556901.4414,0.0,0.0,0.0,0.0,0.0,0.0,0.0,512338999992.0622,3780592195.291718,1308612348865.9395,0.0,-161432524275330.03,0.0,0.0,0.0,0.0,0.0,0.0,0.0,0.0,0.0,0.0,0.0,281597847661609.7,0.0,0.0,0.0,436.89085002825595,0.0,0.0,0.0,721329556901.4414,0.0,0.0,0.0,-861731216885.3733,0.0,0.0,0.0,0.0,0.0,0.0,0.0,161432524275330.03,0.0,0.0,0.0,-161292122614909.25,0.0,0.0,0.0,-5.329548897905023e-18,2568755.728436977,-5.329548897905022e-26,0.025687557284369767,-1.0418598298969614e+26,3.780592195291714e+21,1.3086123488659416e+24,0.0,-161641514831802.56,3780592195.291713,1308612348865.9414,0.0,0.0,0.0,0.0,0.0,-861731216885.3733,0.0,0.0,0.0,512338999992.0622,3780592195.291718,1308612348865.9395,0.0,0.0,0.0,0.0,0.0,-161292122614909.25,0.0,0.0,0.0,0.0,0.0,0.0,0.0,961693592997.7944,11366896.067323662,2441394.2741618184,3.110057890788975e-64,0.0,0.0,0.0,0.0,1745732073444.4382,1549558.7086480467,19524933.274656072,2.487218144464093e-63,0.0,0.0,0.0,0.0,649495038122.44,110412704917.56902,1416085781024.6045,62589837.95057235
1.5,-1,-1,1,3689528.8792110584,0.0,0.03689528879211058,0.0,-1.4912717374531995e+26,-1.1013364121176481e+23,1.1943157680269592e+24,0.0,-231366461927636.7,-110133641211.76479,1194315768026.959,0.0,-1439686188368.8118,0.0,0.0,0.0,0.0,0.0,0.0,0.0,370808156528.103,-110133641211.76459,1194315768026.9573,0.0,-230297583895796.0,0.0,0.0,0.0,0.0,0.0,0.0,0.0,0.0,0.0,0.0,0.0,117498882566666.95,0.0,0.0,0.0,182.29609035793692,0.0,0.0,0.0,1439686188368.8118,0.0,0.0,0.0,-1968649210178.5632,0.0,0.0,0.0,0.0,0.0,0.0,0.0,230297583895796.0,0.0,0.0,0.0,-229768620873804.2,0.0,0.0,0.0,-2.08065626722439e-17,3689528.8792108647,-2.08065626722439e-25,0.03689528879210864,-1.4912717374520254e+26,-1.1013364121176481e+23,1.1943157680269592e+24,0.0,-231366461927454.5,-110133641211.76479,1194315768026.959,0.0,0.0,0.0,0.0,0.0,-1968649210178.5632,0.0,0.0,0.0,370808156528.103,-110133641211.76459,1194315768026.9573,0.0,0.0,0.0,0.0,0.0,-229768620873804.2,0.0,0.0,0.0,0.0,0.0,0.0,0.0,961299514362.5997,10760340.712379197,2634342.2371267653,3.355841006202476e-64,0.0,0.0,0.0,0.0,1745821228443.965,1682682.897657506,18560211.15831566,2.3643265867514652e-63,0.0,0.0,0.0,0.0,649495038122.4396,110412704917.56882,1416085781024.6035,62589837.95057233
